Date,avg_fwd_r5,hit_rate,strategy
2016-01-08,-0.010026236910264007,0.0,score_momo
2016-01-11,-0.01228671482922108,0.4,score_momo
2016-01-12,-0.023259382585839837,0.0,score_momo
2016-01-13,0.009118533204587243,0.4,score_momo
2016-01-14,0.007950621580279638,0.4,score_momo
2016-01-15,0.025913275219607224,0.8,score_momo
2016-01-19,0.025848451810020913,1.0,score_momo
2016-01-20,0.034774246560617963,0.6,score_momo
2016-01-21,0.030284885053227507,0.8,score_momo
2016-01-22,0.0320571644266223,0.8,score_momo
2016-01-25,0.052802751682660444,1.0,score_momo
2016-01-26,0.029650284567441565,1.0,score_momo
2016-01-27,0.02444810231211112,1.0,score_momo
2016-01-28,0.015227874526447116,0.8,score_momo
2016-01-29,-0.016276968890121403,0.4,score_momo
2016-02-01,-0.01643875015630285,0.2,score_momo
2016-02-02,-0.010128844218271493,0.4,score_momo
2016-02-03,-0.007415057568178574,0.2,score_momo
2016-02-04,-0.017264802485909003,0.0,score_momo
2016-02-05,-0.014684639115262299,0.2,score_momo
2016-02-08,-0.008370424536416255,0.2,score_momo
2016-02-09,0.010326921919549648,0.8,score_momo
2016-02-10,0.02288270960683043,1.0,score_momo
2016-02-11,0.02117288526694878,0.8,score_momo
2016-02-12,0.013109339109957707,0.8,score_momo
2016-02-16,0.0071255667392677415,1.0,score_momo
2016-02-17,-0.0077412903873351315,0.4,score_momo
2016-02-18,0.001548885855149007,0.8,score_momo
2016-02-19,-0.0015711774723927928,0.6,score_momo
2016-02-22,-0.008385282453054721,0.2,score_momo
2016-02-23,0.030134448374567448,1.0,score_momo
2016-02-24,0.030129250728327596,1.0,score_momo
2016-02-25,0.028080990660450177,1.0,score_momo
2016-02-26,0.035816558945149256,1.0,score_momo
2016-02-29,0.060697162488234646,1.0,score_momo
2016-03-01,0.010935367191049327,0.8,score_momo
2016-03-02,0.012873057033609858,0.8,score_momo
2016-03-03,-0.006191893092823775,0.4,score_momo
2016-03-04,0.01046825848663353,0.4,score_momo
2016-03-07,0.007087412688958916,0.6,score_momo
2016-03-08,0.017662003089770416,0.8,score_momo
2016-03-09,0.026878631142562347,1.0,score_momo
2016-03-10,0.04132467212315394,1.0,score_momo
2016-03-11,0.03261787422901894,1.0,score_momo
2016-03-14,0.04200664702541381,1.0,score_momo
2016-03-15,0.039564545651171776,1.0,score_momo
2016-03-16,0.007606413581866578,0.6,score_momo
2016-03-17,-0.003177746793416669,0.4,score_momo
2016-03-18,-0.017246777915127787,0.0,score_momo
2016-03-21,-0.005687079392363658,0.8,score_momo
2016-03-22,0.0016406529828248083,0.6,score_momo
2016-03-23,0.012493190902073015,0.8,score_momo
2016-03-24,0.00928362934526188,0.6,score_momo
2016-03-28,0.0013971091728181228,0.6,score_momo
2016-03-29,-0.0006983080200666958,0.6,score_momo
2016-03-30,0.0007160495067483064,0.6,score_momo
2016-03-31,-0.013645887061068396,0.0,score_momo
2016-04-01,-0.003413960662534565,0.4,score_momo
2016-04-04,-0.00978626776727205,0.2,score_momo
2016-04-05,0.005546271743101694,0.8,score_momo
2016-04-06,0.01412377982591968,1.0,score_momo
2016-04-07,0.02631453054409849,0.8,score_momo
2016-04-08,0.021570606092888234,0.8,score_momo
2016-04-11,0.023589288232982432,0.8,score_momo
2016-04-12,0.017312463740322536,0.8,score_momo
2016-04-13,-0.0006976598255384658,0.6,score_momo
2016-04-14,0.008126069032392769,0.8,score_momo
2016-04-15,-0.005046919447908316,0.4,score_momo
2016-04-18,-0.01681456251737583,0.0,score_momo
2016-04-19,-0.0177732376497862,0.2,score_momo
2016-04-20,-0.005869121193581695,0.4,score_momo
2016-04-21,-0.018805715002115364,0.4,score_momo
2016-04-22,-0.013454473595478755,0.2,score_momo
2016-04-25,0.02381620462644225,0.8,score_momo
2016-04-26,-0.01563370183609778,0.0,score_momo
2016-04-27,-0.037389882684588274,0.0,score_momo
2016-04-28,-0.025123716824288156,0.0,score_momo
2016-04-29,-0.00643247154316946,0.2,score_momo
2016-05-02,-0.02304560893795533,0.0,score_momo
2016-05-03,0.013101579055294521,0.4,score_momo
2016-05-04,0.012856806894372052,0.8,score_momo
2016-05-05,0.016142938183810608,0.8,score_momo
2016-05-06,-0.0035455146201294864,0.2,score_momo
2016-05-09,0.0052576014923656714,0.8,score_momo
2016-05-10,-0.028359302179714517,0.0,score_momo
2016-05-11,-0.01767047632547001,0.0,score_momo
2016-05-12,-0.02373175250519268,0.0,score_momo
2016-05-13,0.010213418707312382,0.2,score_momo
2016-05-16,-0.004610932862732042,0.2,score_momo
2016-05-17,0.03113324807196105,0.8,score_momo
2016-05-18,0.02876669064413271,0.8,score_momo
2016-05-19,0.027938453890963277,1.0,score_momo
2016-05-20,0.023199335657247834,1.0,score_momo
2016-05-23,0.03139138872266463,1.0,score_momo
2016-05-24,0.016907170996418586,1.0,score_momo
2016-05-25,0.017272926011336388,0.8,score_momo
2016-05-26,0.001526662568700088,0.6,score_momo
2016-05-27,0.0007261516207907271,0.6,score_momo
2016-05-31,-0.0050893656987190065,0.2,score_momo
2016-06-01,-0.002334213558031073,0.4,score_momo
2016-06-02,-0.0031778947328593874,0.4,score_momo
2016-06-03,-0.00308249670777605,0.2,score_momo
2016-06-06,-0.009513934255694023,0.2,score_momo
2016-06-07,-0.0067602996367216225,0.4,score_momo
2016-06-08,-0.012938455158746188,0.2,score_momo
2016-06-09,-0.010857088387164926,0.2,score_momo
2016-06-10,-0.010381404037987462,0.2,score_momo
2016-06-13,2.7826532267782866e-05,0.4,score_momo
2016-06-14,0.007264201198439535,0.8,score_momo
2016-06-15,-0.0006979941979669668,0.6,score_momo
2016-06-16,0.018001365012233084,1.0,score_momo
2016-06-17,-0.011362823052832049,0.2,score_momo
2016-06-20,-0.030375376057252844,0.2,score_momo
2016-06-21,-0.019755170720451454,0.4,score_momo
2016-06-22,-0.002830183181009982,0.4,score_momo
2016-06-23,-0.006249971987885084,0.4,score_momo
2016-06-24,0.03333295966419856,1.0,score_momo
2016-06-27,0.03779969133689591,1.0,score_momo
2016-06-28,0.03069915686704907,1.0,score_momo
2016-06-29,0.01205334455540621,1.0,score_momo
2016-06-30,0.005039372361830297,0.8,score_momo
2016-07-01,0.007610683025446962,0.6,score_momo
2016-07-05,0.0010642013185830467,0.6,score_momo
2016-07-06,0.005706196552561727,0.4,score_momo
2016-07-07,0.0421172483172072,1.0,score_momo
2016-07-08,0.01843283056007956,0.8,score_momo
2016-07-11,0.011374632479842717,0.8,score_momo
2016-07-12,0.0026459055268263088,0.6,score_momo
2016-07-13,0.02239415528655595,0.8,score_momo
2016-07-14,-0.0017640575820201177,0.2,score_momo
2016-07-15,-0.0035950313056553273,0.2,score_momo
2016-07-18,0.012913427551255085,0.4,score_momo
2016-07-19,0.01047515886669459,0.2,score_momo
2016-07-20,0.0014138374497715267,0.4,score_momo
2016-07-21,0.0148682787477604,0.8,score_momo
2016-07-22,-0.004426195312974191,0.8,score_momo
2016-07-25,-0.0015258211106228936,0.2,score_momo
2016-07-26,-0.015717408864735317,0.0,score_momo
2016-07-27,-0.008305230987953082,0.4,score_momo
2016-07-28,0.005005738953034444,0.6,score_momo
2016-07-29,0.012237743130640388,0.6,score_momo
2016-08-01,0.016639850794397847,0.8,score_momo
2016-08-02,0.030190830950778614,1.0,score_momo
2016-08-03,0.02017879932753335,1.0,score_momo
2016-08-04,0.02058299371791352,1.0,score_momo
2016-08-05,0.01772820827805237,0.6,score_momo
2016-08-08,0.017690907671742508,0.8,score_momo
2016-08-09,0.010562352036671597,0.6,score_momo
2016-08-10,0.010319097696227986,0.6,score_momo
2016-08-11,0.0051592565535425235,0.4,score_momo
2016-08-12,-0.003238757987806151,0.4,score_momo
2016-08-15,-0.005385814807332379,0.2,score_momo
2016-08-16,0.002636988522424666,0.6,score_momo
2016-08-17,-0.004168233706550018,0.4,score_momo
2016-08-18,-0.010209905363627647,0.0,score_momo
2016-08-19,-0.009249738281048647,0.2,score_momo
2016-08-22,-0.006948420897827346,0.2,score_momo
2016-08-23,-0.016131313989225203,0.2,score_momo
2016-08-24,-0.013887721222352312,0.2,score_momo
2016-08-25,0.0037025449635306627,0.6,score_momo
2016-08-26,0.006407614290974406,0.8,score_momo
2016-08-29,0.004626292310528091,0.8,score_momo
2016-08-30,0.0007089224658957782,0.6,score_momo
2016-08-31,0.006232778969653729,0.8,score_momo
2016-09-01,-0.026916159179800926,0.2,score_momo
2016-09-02,-0.010286042774795811,0.4,score_momo
2016-09-06,-0.023438551194981994,0.0,score_momo
2016-09-07,-0.027680845286135257,0.0,score_momo
2016-09-08,-0.01454122770338544,0.4,score_momo
2016-09-09,0.011330186352976623,0.6,score_momo
2016-09-12,-0.004246394200140368,0.2,score_momo
2016-09-13,0.011402391666528655,0.6,score_momo
2016-09-14,0.024198130426370312,1.0,score_momo
2016-09-15,0.018769071698881555,0.8,score_momo
2016-09-16,0.0063757289893279,0.6,score_momo
2016-09-19,0.0035034631422800945,0.4,score_momo
2016-09-20,0.009983974662638118,0.6,score_momo
2016-09-21,0.016936938465952168,0.8,score_momo
2016-09-22,0.004932869662892414,0.4,score_momo
2016-09-23,0.02265808160571181,1.0,score_momo
2016-09-26,0.0284779693094392,0.8,score_momo
2016-09-27,0.011005571778694323,0.6,score_momo
2016-09-28,0.016012078479855908,0.8,score_momo
2016-09-29,0.014705857408766908,0.8,score_momo
2016-09-30,-0.0014029058531034976,0.6,score_momo
2016-10-03,0.005293823568492751,0.6,score_momo
2016-10-04,-0.002770090298719796,0.2,score_momo
2016-10-05,-0.008762241728843656,0.2,score_momo
2016-10-06,-0.014401194193416633,0.2,score_momo
2016-10-07,-0.005457750646071546,0.2,score_momo
2016-10-10,-0.014638199335159818,0.2,score_momo
2016-10-11,0.0022548934007412314,0.6,score_momo
2016-10-12,0.0013080218782676623,0.6,score_momo
2016-10-13,0.0071533062374834035,0.6,score_momo
2016-10-14,0.004302298722168918,0.6,score_momo
2016-10-17,0.007144475592690491,0.6,score_momo
2016-10-18,0.02014543821549346,0.8,score_momo
2016-10-19,0.006118904482932175,0.6,score_momo
2016-10-20,0.01551442706356938,0.8,score_momo
2016-10-21,0.006447271757166728,0.6,score_momo
2016-10-24,-0.0004357421198742495,0.6,score_momo
2016-10-25,-0.002974038135208401,0.6,score_momo
2016-10-26,-0.020384349430353853,0.2,score_momo
2016-10-27,-0.015166471312581354,0.0,score_momo
2016-10-28,-0.019368876481269125,0.0,score_momo
2016-10-31,0.007199549217935286,0.8,score_momo
2016-11-01,0.010718757199060281,0.8,score_momo
2016-11-02,0.03350586642065991,1.0,score_momo
2016-11-03,0.056757020425720506,0.8,score_momo
2016-11-04,0.06410249634296158,1.0,score_momo
2016-11-07,0.09436915094393465,1.0,score_momo
2016-11-08,0.1118947354231465,1.0,score_momo
2016-11-09,0.03671318404791899,1.0,score_momo
2016-11-10,0.0202153081580174,0.8,score_momo
2016-11-11,0.019696683434262764,0.8,score_momo
2016-11-14,0.015591689476611137,0.4,score_momo
2016-11-15,0.014977248489402694,0.4,score_momo
2016-11-16,0.016359428905283902,0.8,score_momo
2016-11-17,0.008496580265913134,0.8,score_momo
2016-11-18,0.010231303456012641,0.8,score_momo
2016-11-21,0.0028539438748452104,0.8,score_momo
2016-11-22,0.014673532665508637,0.8,score_momo
2016-11-23,0.011699102851896926,0.8,score_momo
2016-11-25,0.008439516832579753,0.6,score_momo
2016-11-28,0.02007821876528728,0.4,score_momo
2016-11-29,0.03309612870001273,0.8,score_momo
2016-11-30,0.03586251768618189,1.0,score_momo
2016-12-01,0.032597802747479254,0.8,score_momo
2016-12-02,0.03377147657989536,0.8,score_momo
2016-12-05,0.009783555261407128,0.8,score_momo
2016-12-06,0.013555387832368471,0.8,score_momo
2016-12-07,0.0013837662307990995,0.8,score_momo
2016-12-08,0.01958581629169829,1.0,score_momo
2016-12-09,0.016202072325154027,0.4,score_momo
2016-12-12,0.009941189478571432,1.0,score_momo
2016-12-13,0.041379719385991234,1.0,score_momo
2016-12-14,0.030805559111059776,1.0,score_momo
2016-12-15,0.009055756012806882,0.6,score_momo
2016-12-16,0.013527371182218407,1.0,score_momo
2016-12-19,0.04007686714194385,1.0,score_momo
2016-12-20,0.006298814078763271,0.4,score_momo
2016-12-21,0.003548281024236033,0.2,score_momo
2016-12-22,-0.00441528615617659,0.2,score_momo
2016-12-23,-0.01718035872923902,0.4,score_momo
2016-12-27,-0.024760611353652484,0.2,score_momo
2016-12-28,-0.021254435233214,0.2,score_momo
2016-12-29,-0.01713364225072882,0.4,score_momo
2016-12-30,-0.0025940381759441246,0.6,score_momo
2017-01-03,0.006911523364675954,0.6,score_momo
2017-01-04,0.006234748825912439,0.8,score_momo
2017-01-05,8.577821825574982e-05,0.6,score_momo
2017-01-06,-0.0025449973647661437,0.4,score_momo
2017-01-09,-0.00973760907350627,0.4,score_momo
2017-01-10,0.00012773289876564232,0.6,score_momo
2017-01-11,-0.0019171084450174901,0.4,score_momo
2017-01-12,0.002508115319922988,0.6,score_momo
2017-01-13,0.004737333730922289,0.8,score_momo
2017-01-17,0.01072254083558466,0.6,score_momo
2017-01-18,0.02498597512752907,1.0,score_momo
2017-01-19,0.0217242255830274,1.0,score_momo
2017-01-20,0.015352632920301045,0.6,score_momo
2017-01-23,0.011695086810030819,0.6,score_momo
2017-01-24,-0.003936293372560051,0.4,score_momo
2017-01-25,-0.012735161181530997,0.2,score_momo
2017-01-26,-0.009154432190923222,0.4,score_momo
2017-01-27,-0.003479680429645593,0.4,score_momo
2017-01-30,-0.0021352434398083987,0.4,score_momo
2017-01-31,0.011711166486555435,0.6,score_momo
2017-02-01,0.011515287209267356,0.6,score_momo
2017-02-02,0.006243288502781175,0.8,score_momo
2017-02-03,0.003599789954718724,0.4,score_momo
2017-02-06,-0.006812540591738125,0.6,score_momo
2017-02-07,-0.006024870666405113,0.8,score_momo
2017-02-08,0.00032283381230486797,0.8,score_momo
2017-02-09,-0.002238465386425692,0.6,score_momo
2017-02-10,0.0003730059807321551,0.8,score_momo
2017-02-13,0.026196537444116118,1.0,score_momo
2017-02-14,0.021754012522990383,1.0,score_momo
2017-02-15,0.011078656995211201,0.8,score_momo
2017-02-16,0.008449606246062457,0.6,score_momo
2017-02-17,0.01225183639406575,0.8,score_momo
2017-02-21,0.0022410563884876387,0.6,score_momo
2017-02-22,0.015496748927639636,0.8,score_momo
2017-02-23,0.00794379140645889,0.8,score_momo
2017-02-24,0.000868017275029187,0.6,score_momo
2017-02-27,-0.003122920145050179,0.4,score_momo
2017-02-28,0.006313905711773482,0.8,score_momo
2017-03-01,-0.012990766181182844,0.0,score_momo
2017-03-02,-0.006436547433149298,0.2,score_momo
2017-03-03,-0.006928176783834861,0.2,score_momo
2017-03-06,0.0016436897358971026,0.2,score_momo
2017-03-07,0.00501116539610631,0.6,score_momo
2017-03-08,0.008977022400818213,0.8,score_momo
2017-03-09,0.0028735511893273726,0.8,score_momo
2017-03-10,0.005196786873758996,0.6,score_momo
2017-03-13,0.002589188269378928,0.8,score_momo
2017-03-14,-0.0030476243278866775,0.4,score_momo
2017-03-15,-0.011404619463992849,0.2,score_momo
2017-03-16,-0.004480123802777736,0.2,score_momo
2017-03-17,-0.01501078610789024,0.0,score_momo
2017-03-20,-0.014753979935541372,0.0,score_momo
2017-03-21,-0.0011541172340560513,0.2,score_momo
2017-03-22,-0.004016405486092345,0.4,score_momo
2017-03-23,0.007396030549570764,0.6,score_momo
2017-03-24,0.0075707681169114634,0.6,score_momo
2017-03-27,0.004123551566892791,0.8,score_momo
2017-03-28,-0.01389922411356288,0.2,score_momo
2017-03-29,-0.005118734376674938,0.4,score_momo
2017-03-30,-0.011332044740534886,0.4,score_momo
2017-03-31,-0.012625357942460492,0.4,score_momo
2017-04-03,-0.014768588119136172,0.4,score_momo
2017-04-04,-0.0074193587555985594,0.2,score_momo
2017-04-05,-0.005502816173100067,0.4,score_momo
2017-04-06,-0.017985731081166946,0.2,score_momo
2017-04-07,0.00035051442966616,0.6,score_momo
2017-04-10,-0.003290840373774806,0.4,score_momo
2017-04-11,-0.005580472444415419,0.4,score_momo
2017-04-12,0.008344333562293383,0.8,score_momo
2017-04-13,0.015580183834226746,1.0,score_momo
2017-04-17,0.009932196561797313,0.8,score_momo
2017-04-18,0.018231717867336017,0.8,score_momo
2017-04-19,0.027434629271206344,1.0,score_momo
2017-04-20,0.01421196911735636,0.8,score_momo
2017-04-21,0.019715201074312662,0.8,score_momo
2017-04-24,0.021150936144147137,0.8,score_momo
2017-04-25,0.003794819290771989,0.6,score_momo
2017-04-26,0.0023114093824586623,0.6,score_momo
2017-04-27,-0.0026720666711224973,0.4,score_momo
2017-04-28,0.0012731605273691216,0.4,score_momo
2017-05-01,-0.002133771793901862,0.4,score_momo
2017-05-02,0.0006419211950670744,0.6,score_momo
2017-05-03,0.007882846218755058,0.8,score_momo
2017-05-04,0.00652674523955441,0.8,score_momo
2017-05-05,-0.001123660396605808,0.6,score_momo
2017-05-08,0.010083938888380795,1.0,score_momo
2017-05-09,0.007940617389457704,1.0,score_momo
2017-05-10,0.0014295204254017424,0.4,score_momo
2017-05-11,0.009554469729777049,0.4,score_momo
2017-05-12,0.015728180623718613,0.6,score_momo
2017-05-15,0.006783858468703374,0.4,score_momo
2017-05-16,0.0011715952965813293,0.6,score_momo
2017-05-17,0.03153716596843399,0.8,score_momo
2017-05-18,0.030171785993185773,1.0,score_momo
2017-05-19,0.025410890714416424,1.0,score_momo
2017-05-22,0.020209628667150814,0.8,score_momo
2017-05-23,0.016962056405031834,0.8,score_momo
2017-05-24,0.016201314863662674,0.8,score_momo
2017-05-25,0.01691325567260924,0.8,score_momo
2017-05-26,0.017363105256511347,1.0,score_momo
2017-05-30,0.009357863103773534,1.0,score_momo
2017-05-31,0.012682810389992883,1.0,score_momo
2017-06-01,0.01811268515380928,0.4,score_momo
2017-06-02,-0.0037946155507174507,0.2,score_momo
2017-06-05,-0.01869943873939688,0.4,score_momo
2017-06-06,0.0005340102643989874,0.6,score_momo
2017-06-07,-0.005301380154643609,0.4,score_momo
2017-06-08,-0.021574008515081334,0.2,score_momo
2017-06-09,0.012005044619943806,0.8,score_momo
2017-06-12,0.012210784920580253,0.8,score_momo
2017-06-13,0.02581431579204647,1.0,score_momo
2017-06-14,0.007545587843118917,0.8,score_momo
2017-06-15,0.018523805865636178,0.8,score_momo
2017-06-16,-0.0007460562492970446,0.4,score_momo
2017-06-19,-0.00423242509066959,0.4,score_momo
2017-06-20,-0.01691849371604868,0.4,score_momo
2017-06-21,-0.008669025194853353,0.4,score_momo
2017-06-22,-0.022524059888543425,0.2,score_momo
2017-06-23,-0.022062896039046143,0.2,score_momo
2017-06-26,-0.02074415621104231,0.2,score_momo
2017-06-27,0.0220067338324192,0.8,score_momo
2017-06-28,0.013687213101653373,0.8,score_momo
2017-06-29,0.016250727180822766,1.0,score_momo
2017-06-30,0.012975873277847615,0.8,score_momo
2017-07-03,0.003804769222446924,0.4,score_momo
2017-07-05,0.003648887990987193,0.4,score_momo
2017-07-06,0.014010786529995701,0.8,score_momo
2017-07-07,0.0038525234412094987,0.6,score_momo
2017-07-10,-0.0005812247881941346,0.4,score_momo
2017-07-11,-0.0016982832442092866,0.4,score_momo
2017-07-12,0.005728308275023375,0.6,score_momo
2017-07-13,0.012357120445540448,0.6,score_momo
2017-07-14,0.011803815440890996,0.8,score_momo
2017-07-17,0.012513671105288383,0.8,score_momo
2017-07-18,0.01262012021017871,0.6,score_momo
2017-07-19,0.02818008308376694,1.0,score_momo
2017-07-20,0.017036883294661374,0.4,score_momo
2017-07-21,0.01584232008772928,0.2,score_momo
2017-07-24,0.02402481934148386,0.6,score_momo
2017-07-25,0.023854173976882276,0.6,score_momo
2017-07-26,-0.006244707827874674,0.4,score_momo
2017-07-27,0.012353585731238815,0.6,score_momo
2017-07-28,0.008680476365103185,0.8,score_momo
2017-07-31,0.017382355533050387,0.8,score_momo
2017-08-01,0.007071100539398833,0.8,score_momo
2017-08-02,0.010751362739116699,0.6,score_momo
2017-08-03,-0.011265433924381929,0.0,score_momo
2017-08-04,-0.019504908821705413,0.2,score_momo
2017-08-07,-0.0075927942544567585,0.2,score_momo
2017-08-08,-0.004779411687572366,0.2,score_momo
2017-08-09,-0.0023562130164689775,0.4,score_momo
2017-08-10,-0.0074855808511003815,0.4,score_momo
2017-08-11,-0.0009936704019813502,0.6,score_momo
2017-08-14,-0.017435464075563,0.0,score_momo
2017-08-15,-0.0003421668421326851,0.4,score_momo
2017-08-16,-0.0027365807103709506,0.4,score_momo
2017-08-17,0.00570082372220655,0.8,score_momo
2017-08-18,0.009847487913743435,1.0,score_momo
2017-08-21,0.006628068323293346,0.8,score_momo
2017-08-22,0.003607463940474198,0.6,score_momo
2017-08-23,0.0072296813955862625,0.6,score_momo
2017-08-24,0.014140675806228086,1.0,score_momo
2017-08-25,0.011147428591447638,1.0,score_momo
2017-08-28,0.002160739754028307,0.4,score_momo
2017-08-29,-0.0009983318978247003,0.2,score_momo
2017-08-30,0.006730486021402982,0.8,score_momo
2017-08-31,-0.006456406967570971,0.4,score_momo
2017-09-01,0.007913764088773844,0.8,score_momo
2017-09-05,-0.0009774440427108289,0.4,score_momo
2017-09-06,0.017932537483525766,0.6,score_momo
2017-09-07,0.008162196871655892,0.6,score_momo
2017-09-08,0.00873544897251941,0.6,score_momo
2017-09-11,0.02294745728192151,0.4,score_momo
2017-09-12,0.003275502431467614,0.6,score_momo
2017-09-13,0.013106381709812754,0.6,score_momo
2017-09-14,0.009226756052758755,0.6,score_momo
2017-09-15,0.005775114735514309,0.6,score_momo
2017-09-18,-0.0150185640289054,0.6,score_momo
2017-09-19,-0.019569931196943592,0.4,score_momo
2017-09-20,-0.007158001418036397,0.4,score_momo
2017-09-21,-0.0009362547125566723,0.6,score_momo
2017-09-22,0.0032925690814600726,0.6,score_momo
2017-09-25,0.00481058270585748,0.8,score_momo
2017-09-26,0.01423232414884259,1.0,score_momo
2017-09-27,0.02353634003326981,1.0,score_momo
2017-09-28,0.02291478152596498,1.0,score_momo
2017-09-29,0.01713930416921059,0.8,score_momo
2017-10-02,0.01040033835282408,1.0,score_momo
2017-10-03,0.012377898407633148,0.6,score_momo
2017-10-04,0.020047952208085196,0.8,score_momo
2017-10-05,0.0046101461091349275,0.4,score_momo
2017-10-06,0.009448154225791084,0.6,score_momo
2017-10-09,0.016724358652528637,0.6,score_momo
2017-10-10,0.003914480688163957,0.6,score_momo
2017-10-11,0.016045291579511244,0.8,score_momo
2017-10-12,0.012586354023170942,0.8,score_momo
2017-10-13,0.007435328097339866,0.8,score_momo
2017-10-16,0.02099957155976977,0.8,score_momo
2017-10-17,0.016643416468699445,0.8,score_momo
2017-10-18,-0.0009445091345077428,0.6,score_momo
2017-10-19,-0.008239641164273915,0.2,score_momo
2017-10-20,0.01260277139473256,0.6,score_momo
2017-10-23,0.013085713655301067,0.4,score_momo
2017-10-24,0.021502810550489703,0.4,score_momo
2017-10-25,0.002304140592037496,0.2,score_momo
2017-10-26,0.0069345012285949355,0.4,score_momo
2017-10-27,0.021653188285282753,1.0,score_momo
2017-10-30,0.023357806171624196,1.0,score_momo
2017-10-31,0.020334405762406416,1.0,score_momo
2017-11-01,0.01573490981701815,0.8,score_momo
2017-11-02,0.0058552096739664435,0.6,score_momo
2017-11-03,0.011614931679054053,0.8,score_momo
2017-11-06,-0.001287523284724168,0.4,score_momo
2017-11-07,-0.003963246748466776,0.4,score_momo
2017-11-08,-0.017481483461521584,0.2,score_momo
2017-11-09,-0.0032849678246353654,0.4,score_momo
2017-11-10,-0.0019083090555942928,0.4,score_momo
2017-11-13,0.00724102088516847,0.4,score_momo
2017-11-14,0.0022534871535836664,0.6,score_momo
2017-11-15,0.013254139431389778,0.8,score_momo
2017-11-16,0.003347948955632729,0.6,score_momo
2017-11-17,0.015420263925799293,0.6,score_momo
2017-11-20,0.010403974224951873,0.6,score_momo
2017-11-21,-0.011231856795676532,0.4,score_momo
2017-11-22,-0.010673388109065773,0.6,score_momo
2017-11-24,-0.02504359791979176,0.2,score_momo
2017-11-27,-0.00828332530820155,0.6,score_momo
2017-11-28,0.0011793029187394666,0.6,score_momo
2017-11-29,0.0013555898929920485,0.4,score_momo
2017-11-30,-0.004398825462700673,0.6,score_momo
2017-12-01,0.00584256793593394,0.6,score_momo
2017-12-04,-0.007446103712201202,0.4,score_momo
2017-12-05,0.014466402705143589,0.6,score_momo
2017-12-06,0.03146945741690974,1.0,score_momo
2017-12-07,0.024126293672966925,1.0,score_momo
2017-12-08,0.02537533216782295,0.8,score_momo
2017-12-11,0.029437474280045527,1.0,score_momo
2017-12-12,0.017003907652458315,0.8,score_momo
2017-12-13,0.009260665956870761,0.6,score_momo
2017-12-14,0.013944952726555026,1.0,score_momo
2017-12-15,0.006681458854728395,0.8,score_momo
2017-12-18,0.01078322440707109,0.4,score_momo
2017-12-19,0.006435328069307555,0.6,score_momo
2017-12-20,0.014943937817396868,0.8,score_momo
2017-12-21,-0.00822490169939416,0.2,score_momo
2017-12-22,0.0024962885680241743,0.8,score_momo
2017-12-26,-0.005098917159093741,0.4,score_momo
2017-12-27,0.005010163167266146,0.8,score_momo
2017-12-28,0.01590363508447503,0.8,score_momo
2017-12-29,0.027004157771580474,0.8,score_momo
2018-01-02,0.025475543168888382,0.8,score_momo
2018-01-03,0.05017131878126411,1.0,score_momo
2018-01-04,0.05630496505902634,1.0,score_momo
2018-01-05,0.04126827182884476,1.0,score_momo
2018-01-08,0.03309282293275717,0.8,score_momo
2018-01-09,0.0392803931781299,1.0,score_momo
2018-01-10,0.027447507742314414,1.0,score_momo
2018-01-11,0.013558048228773689,0.8,score_momo
2018-01-12,0.01319502648729014,0.8,score_momo
2018-01-16,0.025129312935504734,0.8,score_momo
2018-01-17,-0.004983057295941906,0.2,score_momo
2018-01-18,0.007242088050926254,0.6,score_momo
2018-01-19,0.019225368552516574,0.8,score_momo
2018-01-22,0.017143793176922384,0.8,score_momo
2018-01-23,0.013737928886570949,0.6,score_momo
2018-01-24,0.029790733682861358,0.8,score_momo
2018-01-25,0.010346219853017712,0.8,score_momo
2018-01-26,-0.013874743721344807,0.6,score_momo
2018-01-29,-0.06461031098635547,0.0,score_momo
2018-01-30,-0.018875875239668403,0.6,score_momo
2018-01-31,-0.032760132121128736,0.0,score_momo
2018-02-01,-0.07430275112689251,0.0,score_momo
2018-02-02,-0.044055341629998176,0.0,score_momo
2018-02-05,0.01306722774647866,0.6,score_momo
2018-02-06,-0.008122620873759877,0.4,score_momo
2018-02-07,0.006081065103692418,0.6,score_momo
2018-02-08,0.07378170631873679,1.0,score_momo
2018-02-09,0.05360692498544384,1.0,score_momo
2018-02-12,0.04681844667519801,1.0,score_momo
2018-02-13,0.030133947954020003,1.0,score_momo
2018-02-14,0.002510935636850431,0.6,score_momo
2018-02-15,0.003345963054592316,0.2,score_momo
2018-02-16,0.02429045789885347,1.0,score_momo
2018-02-20,0.015018053958050026,0.8,score_momo
2018-02-21,0.01999164515285028,0.8,score_momo
2018-02-22,-0.005988503585148464,0.6,score_momo
2018-02-23,-0.002934519529163393,0.6,score_momo
2018-02-26,-0.011050138620868588,0.4,score_momo
2018-02-27,-0.008667786875269035,0.4,score_momo
2018-02-28,-0.0062062443998113,0.4,score_momo
2018-03-01,0.030750335009292983,1.0,score_momo
2018-03-02,0.042822304614395,1.0,score_momo
2018-03-05,0.03408899016281932,1.0,score_momo
2018-03-06,0.020083290375531027,1.0,score_momo
2018-03-07,0.020838837994569027,1.0,score_momo
2018-03-08,0.0122369708648439,1.0,score_momo
2018-03-09,-0.010847494647332544,0.0,score_momo
2018-03-12,-0.02489337051291136,0.0,score_momo
2018-03-13,-0.012394603973648954,0.0,score_momo
2018-03-14,-0.024455570803875348,0.0,score_momo
2018-03-15,-0.04029794495919723,0.0,score_momo
2018-03-16,-0.06152243033461793,0.0,score_momo
2018-03-19,-0.008373570684722664,0.4,score_momo
2018-03-20,-0.041420792601080426,0.2,score_momo
2018-03-21,-0.06106727980003459,0.0,score_momo
2018-03-22,-0.010474315690111102,0.4,score_momo
2018-03-23,-0.018364829021819885,0.2,score_momo
2018-03-26,-0.041837479382330955,0.0,score_momo
2018-03-27,-0.0076395674478220155,0.4,score_momo
2018-03-28,0.009005186249098629,0.6,score_momo
2018-03-29,-0.023825927656350877,0.2,score_momo
2018-04-02,0.011096458120822517,0.6,score_momo
2018-04-03,0.025840990201520107,1.0,score_momo
2018-04-04,-0.0015426681269992137,0.4,score_momo
2018-04-05,-0.006860053997361249,0.2,score_momo
2018-04-06,0.011672239021910146,0.8,score_momo
2018-04-09,0.02396121914652922,0.8,score_momo
2018-04-10,0.025857451568037582,0.8,score_momo
2018-04-11,0.01594966028373692,0.6,score_momo
2018-04-12,0.0074781474516764975,0.6,score_momo
2018-04-13,0.0016108592361861573,0.4,score_momo
2018-04-16,0.001596194486145741,0.4,score_momo
2018-04-17,-0.014958105437504355,0.4,score_momo
2018-04-18,-0.01752002823833565,0.2,score_momo
2018-04-19,-0.0035025840026626344,0.6,score_momo
2018-04-20,0.012543363856224298,0.8,score_momo
2018-04-23,-0.007882604295027674,0.4,score_momo
2018-04-24,-0.008116813705497572,0.4,score_momo
2018-04-25,-0.01774570590917801,0.2,score_momo
2018-04-26,-0.011885435436898573,0.4,score_momo
2018-04-27,-0.023119122691054782,0.2,score_momo
2018-04-30,-0.0035514496865925336,0.2,score_momo
2018-05-01,0.004862158641186753,0.8,score_momo
2018-05-02,0.03220620014111244,1.0,score_momo
2018-05-03,0.02642682651751138,1.0,score_momo
2018-05-04,0.030874434876434754,1.0,score_momo
2018-05-07,0.011839838656590062,0.8,score_momo
2018-05-08,-0.003481731605251226,0.4,score_momo
2018-05-09,-0.008124945916716819,0.6,score_momo
2018-05-10,-0.01838689964999387,0.0,score_momo
2018-05-11,-0.02201827339880693,0.0,score_momo
2018-05-14,-0.011544404059119783,0.2,score_momo
2018-05-15,-0.0006083245078430278,0.2,score_momo
2018-05-16,0.005002494544626845,0.8,score_momo
2018-05-17,0.005244188773582436,0.6,score_momo
2018-05-18,0.007961452112020661,0.8,score_momo
2018-05-21,-0.009231780105046461,0.4,score_momo
2018-05-22,0.013541740010620118,0.8,score_momo
2018-05-23,0.00460274832022296,0.6,score_momo
2018-05-24,0.011309645350998699,0.8,score_momo
2018-05-25,0.025833192681831686,0.8,score_momo
2018-05-29,0.03297057845601219,0.8,score_momo
2018-05-30,0.03728316745256999,1.0,score_momo
2018-05-31,0.03473800020098228,1.0,score_momo
2018-06-01,0.01108743875507474,0.8,score_momo
2018-06-04,-0.002604599817479425,0.6,score_momo
2018-06-05,0.000750889206375982,0.6,score_momo
2018-06-06,-0.003536976183365237,0.4,score_momo
2018-06-07,-0.0046190456642347,0.2,score_momo
2018-06-08,0.000919767348004763,0.6,score_momo
2018-06-11,-0.00539511990036412,0.6,score_momo
2018-06-12,-0.010620941863177014,0.4,score_momo
2018-06-13,0.009229455596522463,0.6,score_momo
2018-06-14,-0.02039390670404586,0.4,score_momo
2018-06-15,-0.025214366426136038,0.0,score_momo
2018-06-18,-0.049003750118964365,0.0,score_momo
2018-06-19,-0.030900051991104592,0.0,score_momo
2018-06-20,-0.05111848100814267,0.0,score_momo
2018-06-21,-0.0287273811177029,0.0,score_momo
2018-06-22,-0.0054274992853869716,0.4,score_momo
2018-06-25,0.0015992184872390292,0.4,score_momo
2018-06-26,0.00035411061663017664,0.4,score_momo
2018-06-27,0.010435546005668738,0.6,score_momo
2018-06-28,0.01423335579342504,0.8,score_momo
2018-06-29,0.0053410612243828485,0.6,score_momo
2018-07-02,0.010190454938170524,0.8,score_momo
2018-07-03,0.027032203833048073,1.0,score_momo
2018-07-05,0.016611212504203766,0.6,score_momo
2018-07-06,0.011313232787137695,0.6,score_momo
2018-07-09,0.029388093258092506,1.0,score_momo
2018-07-10,0.011472817274644154,0.8,score_momo
2018-07-11,0.015721408568906893,0.6,score_momo
2018-07-12,-0.004183694060176313,0.2,score_momo
2018-07-13,-0.004769796618517508,0.4,score_momo
2018-07-16,0.0011222641890792806,0.4,score_momo
2018-07-17,-0.004015621077780885,0.4,score_momo
2018-07-18,-0.00033342945474872375,0.4,score_momo
2018-07-19,0.002485529776061024,0.8,score_momo
2018-07-20,0.013473322005873634,0.8,score_momo
2018-07-23,-0.010107417376668648,0.4,score_momo
2018-07-24,-0.020420085510043463,0.2,score_momo
2018-07-25,-0.030970995535113087,0.2,score_momo
2018-07-26,-0.012958553711101394,0.4,score_momo
2018-07-27,-0.00906448350069573,0.6,score_momo
2018-07-30,0.0013058302747543937,0.4,score_momo
2018-07-31,-0.0025741960786391793,0.4,score_momo
2018-08-01,0.006807602516018285,0.6,score_momo
2018-08-02,0.011108307554807318,0.8,score_momo
2018-08-03,0.0034517619634733877,0.4,score_momo
2018-08-06,-0.005542326979250678,0.4,score_momo
2018-08-07,-0.003143446922051862,0.4,score_momo
2018-08-08,-0.005036445504856535,0.4,score_momo
2018-08-09,0.0050696678691440015,0.4,score_momo
2018-08-10,0.024197210442671223,0.6,score_momo
2018-08-13,0.02892088125424257,0.8,score_momo
2018-08-14,0.016156883206667437,0.6,score_momo
2018-08-15,0.030343533719790327,1.0,score_momo
2018-08-16,-0.0007868032216448162,0.8,score_momo
2018-08-17,-0.005365095604358184,0.2,score_momo
2018-08-20,-0.0053656825314860376,0.4,score_momo
2018-08-21,0.006971211447636061,0.4,score_momo
2018-08-22,0.013488704086658743,0.6,score_momo
2018-08-23,0.007629754479116934,0.6,score_momo
2018-08-24,0.023702077778957786,0.8,score_momo
2018-08-27,0.014747138091200141,0.8,score_momo
2018-08-28,0.011576953018146052,0.8,score_momo
2018-08-29,-0.016574574755930493,0.2,score_momo
2018-08-30,-0.013609737306857573,0.0,score_momo
2018-08-31,-0.024446521823792387,0.0,score_momo
2018-09-04,-0.022810394921622533,0.0,score_momo
2018-09-05,-0.015890999815509944,0.0,score_momo
2018-09-06,0.001101203524621197,0.4,score_momo
2018-09-07,0.007382801460413613,0.8,score_momo
2018-09-10,-0.003965691607691802,0.4,score_momo
2018-09-11,-0.004556771795667625,0.4,score_momo
2018-09-12,0.017044814918576123,0.8,score_momo
2018-09-13,0.017364056415940122,0.8,score_momo
2018-09-14,-0.0024004073771667135,0.6,score_momo
2018-09-17,0.002739697991055068,0.4,score_momo
2018-09-18,0.00967169820244882,0.6,score_momo
2018-09-19,-0.003432084807441016,0.4,score_momo
2018-09-20,0.0027084904223575236,0.6,score_momo
2018-09-21,-0.009515675368724618,0.4,score_momo
2018-09-24,0.01276188545604462,0.8,score_momo
2018-09-25,0.0025972208270543806,0.8,score_momo
2018-09-26,0.025027216305227508,1.0,score_momo
2018-09-27,0.005636533051943826,0.6,score_momo
2018-09-28,-0.0003947731593403114,0.4,score_momo
2018-10-01,-0.011973933241132296,0.6,score_momo
2018-10-02,-0.015538116470272478,0.2,score_momo
2018-10-03,-0.08032547181288485,0.0,score_momo
2018-10-04,-0.07571534946934377,0.0,score_momo
2018-10-05,-0.04871594413115741,0.0,score_momo
2018-10-08,-0.05262099064478489,0.0,score_momo
2018-10-09,-0.035590458416541806,0.0,score_momo
2018-10-10,-0.0067677169188559375,0.2,score_momo
2018-10-11,0.017625987759080263,0.8,score_momo
2018-10-12,0.019078132276229343,0.8,score_momo
2018-10-15,0.014005410502738846,0.8,score_momo
2018-10-16,0.0037820758998211136,0.6,score_momo
2018-10-17,-0.003746134653397748,0.4,score_momo
2018-10-18,0.013255974801336268,0.6,score_momo
2018-10-19,-0.003041731228624678,0.6,score_momo
2018-10-22,0.002789841371002,0.6,score_momo
2018-10-23,0.01376588308388782,0.8,score_momo
2018-10-24,0.007097251997069209,0.4,score_momo
2018-10-25,0.007600830646742307,0.6,score_momo
2018-10-26,0.02631932272990776,1.0,score_momo
2018-10-29,0.033392548860572815,1.0,score_momo
2018-10-30,0.014588015185358572,0.8,score_momo
2018-10-31,0.030439273152868873,1.0,score_momo
2018-11-01,0.03774056428321537,1.0,score_momo
2018-11-02,0.037980302916435706,1.0,score_momo
2018-11-05,0.0196936341760487,1.0,score_momo
2018-11-06,0.013075234467135499,0.8,score_momo
2018-11-07,-0.006074712758570455,0.4,score_momo
2018-11-08,-0.008776479124569048,0.4,score_momo
2018-11-09,-0.0021249855573443497,0.8,score_momo
2018-11-12,-0.0007914747180426174,0.8,score_momo
2018-11-13,-0.01951376085125922,0.2,score_momo
2018-11-14,-0.02357045651088201,0.2,score_momo
2018-11-15,-0.01756844266219455,0.0,score_momo
2018-11-16,-0.02224166134436296,0.0,score_momo
2018-11-19,-0.007583941599450639,0.4,score_momo
2018-11-20,0.013323148217515634,0.8,score_momo
2018-11-21,0.029547565644920847,1.0,score_momo
2018-11-23,0.06317128786582896,1.0,score_momo
2018-11-26,0.046137743932640606,0.8,score_momo
2018-11-27,0.0010518661188461565,0.6,score_momo
2018-11-28,-0.011551821327274659,0.4,score_momo
2018-11-29,-0.04087829289113156,0.0,score_momo
2018-11-30,-0.05426224755049156,0.0,score_momo
2018-12-03,-0.0607308582989929,0.0,score_momo
2018-12-04,-0.005868467174335934,0.4,score_momo
2018-12-06,-0.007402457463263135,0.2,score_momo
2018-12-07,-0.009717324249372461,0.4,score_momo
2018-12-10,-0.04007021888522546,0.0,score_momo
2018-12-11,-0.05593094885285495,0.0,score_momo
2018-12-12,-0.06100358137571029,0.0,score_momo
2018-12-13,-0.07988674444994107,0.0,score_momo
2018-12-14,-0.07166672266007652,0.0,score_momo
2018-12-17,-0.06348521715269764,0.0,score_momo
2018-12-18,-0.023422510542534258,0.0,score_momo
2018-12-19,-0.0029845641780112285,0.4,score_momo
2018-12-20,0.017923119676274246,0.8,score_momo
2018-12-21,0.038563307455252896,0.8,score_momo
2018-12-24,0.07830207425762796,1.0,score_momo
2018-12-26,-0.008132981353575408,0.2,score_momo
2018-12-27,0.01637017765072919,1.0,score_momo
2018-12-28,0.020896190322500008,1.0,score_momo
2018-12-31,0.02329089038195553,0.8,score_momo
2019-01-02,0.02187251539716315,0.8,score_momo
2019-01-03,0.020049944957464795,1.0,score_momo
2019-01-04,0.032422755117709645,0.8,score_momo
2019-01-07,0.014798341897699352,1.0,score_momo
2019-01-08,0.019658302720133268,1.0,score_momo
2019-01-09,0.010267610846808517,0.8,score_momo
2019-01-10,0.012245776409864795,0.8,score_momo
2019-01-11,0.032029267532242445,1.0,score_momo
2019-01-14,0.019290272503974616,0.8,score_momo
2019-01-15,0.012082303954970097,0.8,score_momo
2019-01-16,0.00568917842188954,0.6,score_momo
2019-01-17,0.005462159222101981,0.6,score_momo
2019-01-18,-0.017741254475555836,0.0,score_momo
2019-01-22,-0.004296300330197655,0.4,score_momo
2019-01-23,0.027065746979862238,0.8,score_momo
2019-01-24,0.008189107163406617,0.8,score_momo
2019-01-25,-0.002303174525605267,0.6,score_momo
2019-01-28,0.021717511329091187,0.6,score_momo
2019-01-29,0.029955567243326087,0.6,score_momo
2019-01-30,0.009070953126337544,0.6,score_momo
2019-01-31,-0.004928559305008196,0.4,score_momo
2019-02-01,0.016769507148584984,0.8,score_momo
2019-02-04,0.004415587940423427,0.6,score_momo
2019-02-05,-0.0035061108790778615,0.6,score_momo
2019-02-06,-0.0002530737527125959,0.4,score_momo
2019-02-07,0.0037838177000721895,0.4,score_momo
2019-02-08,0.027524505135449396,1.0,score_momo
2019-02-11,0.02023807994559714,1.0,score_momo
2019-02-12,0.006262944247013546,0.8,score_momo
2019-02-13,0.001934336994022723,0.6,score_momo
2019-02-14,0.023804466293541805,1.0,score_momo
2019-02-15,0.010417645007920417,0.8,score_momo
2019-02-19,0.015455343504949015,0.8,score_momo
2019-02-20,0.02261548306403589,1.0,score_momo
2019-02-21,0.020729602656048084,0.8,score_momo
2019-02-22,0.021014865809235152,1.0,score_momo
2019-02-25,0.011670568832712424,1.0,score_momo
2019-02-26,0.004973408649376299,0.8,score_momo
2019-02-27,-0.010945992695825324,0.0,score_momo
2019-02-28,-0.019672922920658698,0.0,score_momo
2019-03-01,-0.026079049386079366,0.0,score_momo
2019-03-04,-0.007744619932974306,0.6,score_momo
2019-03-05,-0.020248152653528993,0.4,score_momo
2019-03-06,0.01726422150102911,1.0,score_momo
2019-03-07,0.024706887040923452,1.0,score_momo
2019-03-08,0.04275306767656226,1.0,score_momo
2019-03-11,0.03272645794847593,1.0,score_momo
2019-03-12,0.03378426055205206,1.0,score_momo
2019-03-13,0.014334618782445196,0.8,score_momo
2019-03-14,0.051021591081805526,1.0,score_momo
2019-03-15,0.011517814004495386,0.6,score_momo
2019-03-18,0.007407559416816789,0.8,score_momo
2019-03-19,0.004228163602292612,0.8,score_momo
2019-03-20,-0.0025023469310802905,0.4,score_momo
2019-03-21,-0.02646765412132839,0.0,score_momo
2019-03-22,0.009241525536937734,0.8,score_momo
2019-03-25,0.015948801581377903,0.8,score_momo
2019-03-26,0.01432783490255245,0.8,score_momo
2019-03-27,0.02615992031292933,0.8,score_momo
2019-03-28,0.02572440901481312,0.8,score_momo
2019-03-29,0.03020906818491409,0.8,score_momo
2019-04-01,0.03357417321277643,1.0,score_momo
2019-04-02,0.014653726971832471,0.8,score_momo
2019-04-03,0.01351943972433638,1.0,score_momo
2019-04-04,0.012241413210928087,1.0,score_momo
2019-04-05,0.0050831598290913774,0.8,score_momo
2019-04-08,-0.0036588871393171242,0.4,score_momo
2019-04-09,0.011572379861862724,0.6,score_momo
2019-04-10,0.008284000455736362,0.8,score_momo
2019-04-11,0.008402485227951395,0.8,score_momo
2019-04-12,0.012276583429166998,0.8,score_momo
2019-04-15,0.02646104836818077,1.0,score_momo
2019-04-16,0.021046376875692864,0.8,score_momo
2019-04-17,0.005950530340621163,0.4,score_momo
2019-04-18,-0.015695721456069366,0.4,score_momo
2019-04-22,-0.017484018302102732,0.4,score_momo
2019-04-23,-0.021305525654449608,0.6,score_momo
2019-04-24,-0.026799745858193114,0.6,score_momo
2019-04-25,-0.007448480743228214,0.4,score_momo
2019-04-26,-0.003921031493083427,0.6,score_momo
2019-04-29,-0.009124478798244805,0.4,score_momo
2019-04-30,-0.02940397677593278,0.0,score_momo
2019-05-01,-0.01809145736029085,0.0,score_momo
2019-05-02,-0.015027737620468629,0.2,score_momo
2019-05-03,-0.024648730781119156,0.0,score_momo
2019-05-06,-0.035188254411202546,0.0,score_momo
2019-05-07,-0.010761045838477146,0.0,score_momo
2019-05-08,-0.005320819550853994,0.4,score_momo
2019-05-09,0.01344732520134675,0.8,score_momo
2019-05-10,-0.0032988250368143567,0.4,score_momo
2019-05-13,0.022103680935136392,0.8,score_momo
2019-05-14,0.011657875191145717,0.8,score_momo
2019-05-15,0.02172362403913013,1.0,score_momo
2019-05-16,0.005721639413548796,0.4,score_momo
2019-05-17,0.011905073090439089,0.8,score_momo
2019-05-20,-0.005081787067971888,0.2,score_momo
2019-05-21,-0.016923414634389244,0.0,score_momo
2019-05-22,-0.01846868668354751,0.0,score_momo
2019-05-23,-0.02839063709879084,0.0,score_momo
2019-05-24,-0.021158382747984296,0.2,score_momo
2019-05-28,-0.009195930644566697,0.4,score_momo
2019-05-29,0.010711204564681952,0.8,score_momo
2019-05-30,0.018527374725666547,0.8,score_momo
2019-05-31,0.037811734483622406,1.0,score_momo
2019-06-03,0.026907198521574173,1.0,score_momo
2019-06-04,0.027488567407782317,1.0,score_momo
2019-06-05,0.021593613865621485,0.8,score_momo
2019-06-06,0.012435158713337401,0.8,score_momo
2019-06-07,-0.003990304054362137,0.2,score_momo
2019-06-10,-0.0092116208985773,0.2,score_momo
2019-06-11,-0.0017928205458505263,0.4,score_momo
2019-06-12,0.002313316128132503,0.6,score_momo
2019-06-13,0.020782321178810202,1.0,score_momo
2019-06-14,0.015247956763357195,0.8,score_momo
2019-06-17,0.012626072379288079,0.6,score_momo
2019-06-18,-0.004012165470674245,0.4,score_momo
2019-06-19,-0.0053844117606822285,0.4,score_momo
2019-06-20,-0.005413137643459009,0.4,score_momo
2019-06-21,-0.0041834719506099296,0.2,score_momo
2019-06-24,0.002250916552828519,0.6,score_momo
2019-06-25,0.017104653332488874,0.8,score_momo
2019-06-26,0.01652145412228867,1.0,score_momo
2019-06-27,0.008509819079125337,0.6,score_momo
2019-06-28,-0.0026799029446246793,0.6,score_momo
2019-07-01,-0.006325149566881261,0.4,score_momo
2019-07-02,0.0035441849318609275,0.6,score_momo
2019-07-03,0.010887663550849802,0.6,score_momo
2019-07-05,0.025357055743016676,0.8,score_momo
2019-07-08,0.03805841360945346,1.0,score_momo
2019-07-09,0.0230160015266494,1.0,score_momo
2019-07-10,0.01992001113962172,0.6,score_momo
2019-07-11,0.0038231756510961334,0.6,score_momo
2019-07-12,-0.014195121678175604,0.2,score_momo
2019-07-15,-0.0022648557364898015,0.6,score_momo
2019-07-16,0.0008941001014944438,0.4,score_momo
2019-07-17,0.01536967666518423,0.8,score_momo
2019-07-18,0.020614736173567526,1.0,score_momo
2019-07-19,0.025041945840885704,1.0,score_momo
2019-07-22,0.018064642821415112,1.0,score_momo
2019-07-23,-0.0007715139981838259,0.2,score_momo
2019-07-24,-0.025602733513377097,0.0,score_momo
2019-07-25,-0.03838879876411969,0.0,score_momo
2019-07-26,-0.04398411493096262,0.0,score_momo
2019-07-29,-0.0964088676623712,0.0,score_momo
2019-07-30,-0.08082503657151774,0.0,score_momo
2019-07-31,-0.05791851475915677,0.0,score_momo
2019-08-01,-0.030940931038100895,0.2,score_momo
2019-08-02,-0.020528521478222685,0.4,score_momo
2019-08-05,0.012094094665968757,0.8,score_momo
2019-08-06,0.008919171582773023,0.8,score_momo
2019-08-07,-0.01310337394568024,0.2,score_momo
2019-08-08,-0.0038353533610177683,0.4,score_momo
2019-08-09,0.003401377184906784,0.4,score_momo
2019-08-12,0.01758762432931471,1.0,score_momo
2019-08-13,0.003419463972120229,0.6,score_momo
2019-08-14,0.032160535887328076,1.0,score_momo
2019-08-15,0.015808859601048254,1.0,score_momo
2019-08-16,-0.01309264532853589,0.0,score_momo
2019-08-19,-0.010545364358243848,0.0,score_momo
2019-08-20,0.004522720989866946,0.6,score_momo
2019-08-21,-0.004971356837126395,0.4,score_momo
2019-08-22,0.007456160247817279,0.6,score_momo
2019-08-23,0.02578779948593275,1.0,score_momo
2019-08-26,0.005628842455849959,0.8,score_momo
2019-08-27,0.01185777018741585,1.0,score_momo
2019-08-28,0.007136451913703401,0.8,score_momo
2019-08-29,0.007552993085243665,0.8,score_momo
2019-08-30,-0.007102471466553651,0.4,score_momo
2019-09-03,0.025595540334068124,0.6,score_momo
2019-09-04,0.011796342336876386,0.6,score_momo
2019-09-05,0.018081255822170638,0.8,score_momo
2019-09-06,0.01865700110192554,0.8,score_momo
2019-09-09,-0.004035557209355112,0.2,score_momo
2019-09-10,0.006651363382471143,0.6,score_momo
2019-09-11,-0.011494174936259326,0.2,score_momo
2019-09-12,-0.01603111352794646,0.2,score_momo
2019-09-13,-0.033650900374759776,0.0,score_momo
2019-09-16,-0.023110208568532475,0.0,score_momo
2019-09-17,-0.025140928792024432,0.0,score_momo
2019-09-18,-0.006437688196232805,0.2,score_momo
2019-09-19,-0.017430389105604814,0.2,score_momo
2019-09-20,-0.0023359479357612845,0.6,score_momo
2019-09-23,0.016112456790393703,0.6,score_momo
2019-09-24,-0.014705971391889072,0.4,score_momo
2019-09-25,-0.029271496680419663,0.2,score_momo
2019-09-26,-0.017229523847049545,0.4,score_momo
2019-09-27,-0.01218621798170203,0.4,score_momo
2019-09-30,-0.013705519109788188,0.2,score_momo
2019-10-01,-0.019182964869918197,0.0,score_momo
2019-10-02,0.009814221129019552,0.6,score_momo
2019-10-03,0.008162493766701084,0.6,score_momo
2019-10-04,0.00946498187865763,0.6,score_momo
2019-10-07,0.0038236404020711933,0.4,score_momo
2019-10-08,0.025395407175340435,1.0,score_momo
2019-10-09,0.016172676648420703,1.0,score_momo
2019-10-10,0.011345061398431389,1.0,score_momo
2019-10-11,0.00871432862572823,0.8,score_momo
2019-10-14,0.017478761155967203,0.8,score_momo
2019-10-15,-0.011263479704024082,0.4,score_momo
2019-10-16,0.004353139363543912,0.6,score_momo
2019-10-17,-0.010840944726962376,0.6,score_momo
2019-10-18,0.009240106566227202,0.4,score_momo
2019-10-21,0.009590025790546042,0.8,score_momo
2019-10-22,0.0019088377283702717,0.8,score_momo
2019-10-23,0.022188439249809688,1.0,score_momo
2019-10-24,0.02090483496464528,0.8,score_momo
2019-10-25,0.018539458643267226,0.8,score_momo
2019-10-28,0.02656494577196713,1.0,score_momo
2019-10-29,0.020667466543039237,0.8,score_momo
2019-10-30,0.02356886485573766,0.8,score_momo
2019-10-31,0.03843247646533241,1.0,score_momo
2019-11-01,0.02139314285934448,1.0,score_momo
2019-11-04,-0.001381806238517691,0.6,score_momo
2019-11-05,-0.00274420620828657,0.4,score_momo
2019-11-06,-0.004696176034951272,0.4,score_momo
2019-11-07,-0.010224125348413948,0.2,score_momo
2019-11-08,3.596752179313434e-06,0.2,score_momo
2019-11-11,0.013543649030848103,0.6,score_momo
2019-11-12,-0.00037538992089383163,0.6,score_momo
2019-11-13,-0.01071743928116955,0.2,score_momo
2019-11-14,0.00027883179164582826,0.2,score_momo
2019-11-15,-0.0016568028068758567,0.2,score_momo
2019-11-18,0.01250767368405925,0.8,score_momo
2019-11-19,0.005226029301143265,0.6,score_momo
2019-11-20,0.013162014735475024,0.8,score_momo
2019-11-21,0.012200823767429236,0.8,score_momo
2019-11-22,-0.006775760327703684,0.4,score_momo
2019-11-25,-0.0342950846683824,0.0,score_momo
2019-11-26,-0.028035588921444466,0.0,score_momo
2019-11-27,-0.026910328414053875,0.2,score_momo
2019-11-29,-0.013174520568516845,0.4,score_momo
2019-12-02,0.006183247751533916,0.6,score_momo
2019-12-03,0.007676401753758744,0.8,score_momo
2019-12-04,0.0051474894294604836,0.8,score_momo
2019-12-05,0.009081864178217148,1.0,score_momo
2019-12-06,0.0058199769736731796,0.8,score_momo
2019-12-09,0.02115278044907658,1.0,score_momo
2019-12-10,0.020429727542064357,0.8,score_momo
2019-12-11,0.01858953280401767,0.8,score_momo
2019-12-12,0.029654117329907394,0.8,score_momo
2019-12-13,0.03044280332176812,1.0,score_momo
2019-12-16,0.01673323607229833,0.8,score_momo
2019-12-17,0.021574406000392798,1.0,score_momo
2019-12-18,0.018117385044039525,1.0,score_momo
2019-12-19,0.010480149028910146,1.0,score_momo
2019-12-20,0.0021942718921275526,0.4,score_momo
2019-12-23,0.004082537985870683,0.4,score_momo
2019-12-24,0.01787581505056588,1.0,score_momo
2019-12-26,0.0019366432053737226,0.4,score_momo
2019-12-27,0.005435150050132909,0.8,score_momo
2019-12-30,0.00880111342384513,0.6,score_momo
2019-12-31,0.008206701059555099,0.6,score_momo
2020-01-02,0.00988679904696863,0.6,score_momo
2020-01-03,0.007702435606201629,0.4,score_momo
2020-01-06,0.03552132363092495,0.8,score_momo
2020-01-07,0.019998024986855746,0.8,score_momo
2020-01-08,0.012797416762268532,0.8,score_momo
2020-01-09,0.015366903469597903,0.8,score_momo
2020-01-10,0.015840131354070343,0.8,score_momo
2020-01-13,0.002755533779048314,0.6,score_momo
2020-01-14,0.003640273282909945,0.8,score_momo
2020-01-15,0.021259585822137918,1.0,score_momo
2020-01-16,0.008693255110848975,0.8,score_momo
2020-01-17,-0.022906416708360577,0.0,score_momo
2020-01-21,-0.007949252690735297,0.2,score_momo
2020-01-22,-0.007887750771173407,0.2,score_momo
2020-01-23,0.008647203942174175,0.8,score_momo
2020-01-24,-0.02923023619355265,0.2,score_momo
2020-01-27,0.005865170398190012,0.4,score_momo
2020-01-28,0.007464842224089985,0.8,score_momo
2020-01-29,0.003289714746614725,0.4,score_momo
2020-01-30,0.011427965349509872,0.8,score_momo
2020-01-31,0.03375901814200675,0.8,score_momo
2020-02-03,0.03329112937324501,0.8,score_momo
2020-02-04,0.0185276256285555,1.0,score_momo
2020-02-05,0.010879423985183068,0.8,score_momo
2020-02-06,0.009826668352546686,0.8,score_momo
2020-02-07,0.009756688633653176,0.8,score_momo
2020-02-10,0.020969880715163414,0.4,score_momo
2020-02-11,0.002236558937532873,0.6,score_momo
2020-02-12,0.014356688769464698,0.2,score_momo
2020-02-13,-0.008373016026287993,0.2,score_momo
2020-02-14,-0.060810679309805396,0.0,score_momo
2020-02-18,-0.0925302473281456,0.0,score_momo
2020-02-19,-0.10270244798957735,0.0,score_momo
2020-02-20,-0.15267099115635377,0.0,score_momo
2020-02-21,-0.10383983655522659,0.0,score_momo
2020-02-24,-0.025690583954109038,0.4,score_momo
2020-02-25,-0.033801357811707636,0.2,score_momo
2020-02-26,0.022178914310119424,0.8,score_momo
2020-02-27,0.030810619842034724,0.8,score_momo
2020-02-28,0.004390823397774346,0.4,score_momo
2020-03-02,-0.06257548230817367,0.4,score_momo
2020-03-03,-0.019219110894062853,0.4,score_momo
2020-03-04,-0.08495534727956602,0.0,score_momo
2020-03-05,-0.15446523293541284,0.0,score_momo
2020-03-06,-0.058356987958712914,0.0,score_momo
2020-03-09,-0.13335123954386635,0.0,score_momo
2020-03-10,-0.10299373253762037,0.0,score_momo
2020-03-11,-0.08598426002285023,0.2,score_momo
2020-03-12,0.0072284800588545695,0.6,score_momo
2020-03-13,-0.09155013336303248,0.0,score_momo
2020-03-16,-0.04371135228074976,0.2,score_momo
2020-03-17,-0.08839723614673078,0.0,score_momo
2020-03-18,-0.09835896652682301,0.0,score_momo
2020-03-19,-0.016654459339243165,0.2,score_momo
2020-03-20,0.018042426959039636,0.8,score_momo
2020-03-23,0.08136413279145324,1.0,score_momo
2020-03-24,0.019504175712333094,0.8,score_momo
2020-03-25,0.014825270081383745,0.8,score_momo
2020-03-26,-0.024962652980305155,0.0,score_momo
2020-03-27,0.03621686181600174,1.0,score_momo
2020-03-30,0.03482522986798338,1.0,score_momo
2020-03-31,0.028591311076910375,0.8,score_momo
2020-04-01,0.08634876567097609,1.0,score_momo
2020-04-02,0.04739226673283192,1.0,score_momo
2020-04-03,0.07240329751892931,1.0,score_momo
2020-04-06,0.05146937592534031,0.8,score_momo
2020-04-07,0.035365764755518315,0.8,score_momo
2020-04-08,0.027426231459446605,0.6,score_momo
2020-04-09,0.03521228739941018,0.6,score_momo
2020-04-13,0.04120224425232093,0.8,score_momo
2020-04-14,-0.03238472162966786,0.2,score_momo
2020-04-15,0.012023080437237899,0.8,score_momo
2020-04-16,0.005481712476213052,0.4,score_momo
2020-04-17,-0.03787074258266036,0.2,score_momo
2020-04-20,0.020649321518193986,0.8,score_momo
2020-04-21,0.05073537726896347,1.0,score_momo
2020-04-22,0.02739442638202274,0.6,score_momo
2020-04-23,0.012357180118933608,0.6,score_momo
2020-04-24,-0.02793331170108344,0.2,score_momo
2020-04-27,-0.017277141034637643,0.2,score_momo
2020-04-28,-0.012036643845530205,0.6,score_momo
2020-04-29,-0.031294225175335755,0.2,score_momo
2020-04-30,-0.004764764657875631,0.4,score_momo
2020-05-01,0.04838187143831267,1.0,score_momo
2020-05-04,0.041230581053931604,1.0,score_momo
2020-05-05,0.011651161564021306,0.6,score_momo
2020-05-06,0.013154274473566274,0.8,score_momo
2020-05-07,0.017309804447159592,0.8,score_momo
2020-05-08,0.01732250668242381,0.6,score_momo
2020-05-11,0.011284709549040994,0.4,score_momo
2020-05-12,0.026347317191475005,0.6,score_momo
2020-05-13,0.06344130217242996,1.0,score_momo
2020-05-14,0.05139755827823152,1.0,score_momo
2020-05-15,0.04149488673333131,1.0,score_momo
2020-05-18,0.015123307030846234,0.6,score_momo
2020-05-19,0.01192237767695099,0.8,score_momo
2020-05-20,-0.00746503929602218,0.6,score_momo
2020-05-21,0.00784708107865637,0.6,score_momo
2020-05-22,0.002851138050005653,0.6,score_momo
2020-05-26,0.014106553380714582,0.8,score_momo
2020-05-27,0.017622335998254978,0.8,score_momo
2020-05-28,0.007312783130751543,0.8,score_momo
2020-05-29,0.021895981446738145,1.0,score_momo
2020-06-01,0.15647165300845745,0.8,score_momo
2020-06-02,0.11383604275794919,1.0,score_momo
2020-06-03,0.0461791109823273,0.6,score_momo
2020-06-04,-0.08018039124498477,0.0,score_momo
2020-06-05,-0.08605411909734237,0.0,score_momo
2020-06-08,-0.1139725138972395,0.0,score_momo
2020-06-09,-0.06247431902019009,0.0,score_momo
2020-06-10,-0.04378165256315995,0.0,score_momo
2020-06-11,0.06001192611942367,1.0,score_momo
2020-06-12,0.008467717188268931,0.4,score_momo
2020-06-15,-0.02049941860838289,0.2,score_momo
2020-06-16,-0.0321962003706495,0.2,score_momo
2020-06-17,-0.05374015731902428,0.0,score_momo
2020-06-18,-0.03032612395727117,0.2,score_momo
2020-06-19,-0.06292554586818717,0.0,score_momo
2020-06-22,-0.008416003058077881,0.4,score_momo
2020-06-23,-0.008322654967890331,0.2,score_momo
2020-06-24,0.030225376561769178,1.0,score_momo
2020-06-25,0.024722089588520423,0.8,score_momo
2020-06-26,0.09006577401983287,1.0,score_momo
2020-06-29,0.03832724300714465,0.8,score_momo
2020-06-30,0.05321929008681694,0.8,score_momo
2020-07-01,0.0706660972353594,1.0,score_momo
2020-07-02,0.06400076889016212,1.0,score_momo
2020-07-06,-0.0012200823093400314,0.6,score_momo
2020-07-07,0.017317751292339457,0.8,score_momo
2020-07-08,-0.016145409023142543,0.4,score_momo
2020-07-09,-0.04187610188825706,0.2,score_momo
2020-07-10,-0.04059036004580772,0.2,score_momo
2020-07-13,0.02852357568540014,1.0,score_momo
2020-07-14,0.0014765618066539643,0.4,score_momo
2020-07-15,0.013828023509384325,0.8,score_momo
2020-07-16,-0.012284956082624787,0.0,score_momo
2020-07-17,-0.004441443288967295,0.4,score_momo
2020-07-20,-0.02549302486089102,0.0,score_momo
2020-07-21,-0.01638895810476253,0.2,score_momo
2020-07-22,-0.006764096079766113,0.4,score_momo
2020-07-23,-0.0054618673073824064,0.4,score_momo
2020-07-24,-0.0036154167341898137,0.4,score_momo
2020-07-27,-0.012386547821800264,0.4,score_momo
2020-07-28,0.02867841914184288,0.6,score_momo
2020-07-29,0.014409851431450748,0.4,score_momo
2020-07-30,0.013250186347981207,0.6,score_momo
2020-07-31,0.02491419053562236,1.0,score_momo
2020-08-03,0.024464714812677,1.0,score_momo
2020-08-04,0.002826998184191254,0.4,score_momo
2020-08-05,0.01742924175044471,0.8,score_momo
2020-08-06,0.0012954471711498217,0.6,score_momo
2020-08-07,0.01605222667695816,0.8,score_momo
2020-08-10,0.02894262074357077,0.8,score_momo
2020-08-11,0.0011613687717899391,0.6,score_momo
2020-08-12,0.012247042337893843,0.8,score_momo
2020-08-13,0.01564186852186933,0.6,score_momo
2020-08-14,0.04172173642446719,0.8,score_momo
2020-08-17,0.03853102743192109,0.8,score_momo
2020-08-18,0.03845105205961552,1.0,score_momo
2020-08-19,0.040000953598064506,1.0,score_momo
2020-08-20,0.09465784621238345,1.0,score_momo
2020-08-21,0.07549305766308079,1.0,score_momo
2020-08-24,0.02572529587115735,1.0,score_momo
2020-08-25,0.10343345545566644,1.0,score_momo
2020-08-26,0.04986486064518183,1.0,score_momo
2020-08-27,-0.01622483235187535,0.2,score_momo
2020-08-28,-0.0484870245781013,0.0,score_momo
2020-08-31,-0.08433667092062976,0.2,score_momo
2020-09-01,-0.06559031369648904,0.2,score_momo
2020-09-02,-0.0894593356734699,0.0,score_momo
2020-09-03,-0.021698203359393365,0.4,score_momo
2020-09-04,0.009348673966291864,0.6,score_momo
2020-09-08,0.04500543329057649,0.8,score_momo
2020-09-09,-0.01063242325267404,0.4,score_momo
2020-09-10,0.012829191532888551,0.8,score_momo
2020-09-11,-0.005306992153675383,0.4,score_momo
2020-09-14,-0.044338317826101536,0.0,score_momo
2020-09-15,-0.02980870541059748,0.0,score_momo
2020-09-16,-0.039050923259201384,0.2,score_momo
2020-09-17,-0.033831594053835026,0.2,score_momo
2020-09-18,-0.03782588421796036,0.0,score_momo
2020-09-21,0.02491018384438326,1.0,score_momo
2020-09-22,0.011638052030923052,0.4,score_momo
2020-09-23,0.027099681829229595,0.8,score_momo
2020-09-24,0.019710238966449457,1.0,score_momo
2020-09-25,0.02073330487230316,1.0,score_momo
2020-09-28,0.020941257204775354,1.0,score_momo
2020-09-29,0.01404149427242105,1.0,score_momo
2020-09-30,0.02700445484069571,1.0,score_momo
2020-10-01,0.03185637997185653,1.0,score_momo
2020-10-02,0.03262872154087253,1.0,score_momo
2020-10-05,0.026306754430825398,1.0,score_momo
2020-10-06,0.035711120282607436,1.0,score_momo
2020-10-07,0.003960687615439151,0.8,score_momo
2020-10-08,-0.011914118494037585,0.4,score_momo
2020-10-09,-0.00309823179436699,0.6,score_momo
2020-10-12,-0.033500366372886226,0.2,score_momo
2020-10-13,-0.0190799813296749,0.2,score_momo
2020-10-14,-0.026708251078932887,0.2,score_momo
2020-10-15,-0.02941788803198051,0.2,score_momo
2020-10-16,-0.011146559083764251,0.2,score_momo
2020-10-19,-0.033221839976196675,0.2,score_momo
2020-10-20,-0.025898702333630008,0.2,score_momo
2020-10-21,-0.08202157449930254,0.0,score_momo
2020-10-22,-0.07547936270164719,0.0,score_momo
2020-10-23,-0.060625590147658115,0.0,score_momo
2020-10-26,-0.0072147427447806,0.4,score_momo
2020-10-27,0.010481276302395749,0.6,score_momo
2020-10-28,0.02389697638483148,1.0,score_momo
2020-10-29,0.0625675519860355,1.0,score_momo
2020-10-30,0.05310918408543293,1.0,score_momo
2020-11-02,0.08672131031887145,1.0,score_momo
2020-11-03,0.10129983184463894,1.0,score_momo
2020-11-04,0.060441436730642284,0.8,score_momo
2020-11-05,0.00313141504641361,0.6,score_momo
2020-11-06,0.011666174440638333,0.6,score_momo
2020-11-09,0.02058799126579016,1.0,score_momo
2020-11-10,0.03287587485010823,0.6,score_momo
2020-11-11,0.02940798390663859,0.8,score_momo
2020-11-12,0.014360835622389722,0.8,score_momo
2020-11-13,0.021216687207689787,0.8,score_momo
2020-11-16,0.008366562651070808,0.6,score_momo
2020-11-17,0.052338805544313916,1.0,score_momo
2020-11-18,0.05824264235160097,1.0,score_momo
2020-11-19,0.047579835372486556,1.0,score_momo
2020-11-20,0.032707549941903925,1.0,score_momo
2020-11-23,0.006473456665218346,0.8,score_momo
2020-11-24,-0.005867570778822806,0.6,score_momo
2020-11-25,0.01636370549678725,0.6,score_momo
2020-11-27,0.031640897890050514,1.0,score_momo
2020-11-30,0.05800345594446523,1.0,score_momo
2020-12-01,0.043474058520390504,1.0,score_momo
2020-12-02,0.012975986674212247,0.8,score_momo
2020-12-03,0.003783898510044703,0.4,score_momo
2020-12-04,0.016211528403457208,0.2,score_momo
2020-12-07,-0.0017719074716356698,0.2,score_momo
2020-12-08,-0.006213254314276906,0.4,score_momo
2020-12-09,-0.004093933184782661,0.6,score_momo
2020-12-10,0.004828490609824021,0.6,score_momo
2020-12-11,-0.016949414363878403,0.4,score_momo
2020-12-14,-0.014140129394077027,0.4,score_momo
2020-12-15,-0.020407014735105134,0.4,score_momo
2020-12-16,-0.007444181324305044,0.6,score_momo
2020-12-17,-0.002946722908276289,0.6,score_momo
2020-12-18,0.014071459945672049,0.4,score_momo
2020-12-21,0.015042949133908468,0.6,score_momo
2020-12-22,0.019895988399789788,0.6,score_momo
2020-12-23,0.023848362041520056,0.8,score_momo
2020-12-24,0.010251425538783953,0.6,score_momo
2020-12-28,0.004995059229623578,0.4,score_momo
2020-12-29,0.01960445219072049,0.8,score_momo
2020-12-30,0.020110674442486442,0.4,score_momo
2020-12-31,0.005953674007105181,0.4,score_momo
2021-01-04,0.024476748117745983,0.6,score_momo
2021-01-05,0.022115426877631083,0.4,score_momo
2021-01-06,0.02187596345202112,0.6,score_momo
2021-01-07,0.016770129353842745,0.8,score_momo
2021-01-08,-0.0037923204177840565,0.6,score_momo
2021-01-11,-0.01776519165973245,0.4,score_momo
2021-01-12,-0.002352373977172051,0.2,score_momo
2021-01-13,0.007885181688462684,0.4,score_momo
2021-01-14,-0.04461022264075498,0.0,score_momo
2021-01-15,-0.029173152922070678,0.2,score_momo
2021-01-19,-0.045362279567363384,0.0,score_momo
2021-01-20,-0.07913741408138711,0.0,score_momo
2021-01-21,-0.062385219597726096,0.0,score_momo
2021-01-22,-0.05420766854064265,0.0,score_momo
2021-01-25,-0.02872630728058183,0.2,score_momo
2021-01-26,-0.005351426538680015,0.6,score_momo
2021-01-27,-0.0057919399531973555,0.4,score_momo
2021-01-28,0.010532687177230193,0.6,score_momo
2021-01-29,0.05100781380029455,1.0,score_momo
2021-02-01,0.041455114794042736,1.0,score_momo
2021-02-02,0.026719980794939556,1.0,score_momo
2021-02-03,0.023153817415046917,0.8,score_momo
2021-02-04,0.031082138438759732,0.8,score_momo
2021-02-05,0.008293944904881556,0.6,score_momo
2021-02-08,0.010053125244719418,0.6,score_momo
2021-02-09,0.017070464815312426,0.8,score_momo
2021-02-10,0.017825412935647877,0.8,score_momo
2021-02-11,-0.011083015098158278,0.2,score_momo
2021-02-12,-0.014695932664416378,0.4,score_momo
2021-02-16,-0.02727587892893064,0.2,score_momo
2021-02-17,-0.002962407862759675,0.4,score_momo
2021-02-18,-0.0263550506975329,0.4,score_momo
2021-02-19,-0.0336374466856864,0.4,score_momo
2021-02-22,0.018673793306961485,1.0,score_momo
2021-02-23,0.002769483709233933,0.4,score_momo
2021-02-24,-0.006416652972230863,0.4,score_momo
2021-02-25,-0.002965297999605587,0.4,score_momo
2021-02-26,0.04983411677253051,1.0,score_momo
2021-03-01,0.03920602060197411,1.0,score_momo
2021-03-02,0.025308988903495512,0.8,score_momo
2021-03-03,0.0429816523567629,1.0,score_momo
2021-03-04,0.03925619518494039,1.0,score_momo
2021-03-05,0.03441317666350505,1.0,score_momo
2021-03-08,0.0068100436696577615,0.6,score_momo
2021-03-09,0.012873217643753775,0.6,score_momo
2021-03-10,0.006189106396422184,0.4,score_momo
2021-03-11,-0.022086911930571617,0.4,score_momo
2021-03-12,-0.04102429793704463,0.0,score_momo
2021-03-15,-0.04238246113320989,0.0,score_momo
2021-03-16,-0.05298224674598391,0.0,score_momo
2021-03-17,-0.053959971794248315,0.0,score_momo
2021-03-18,-0.017958649108249645,0.2,score_momo
2021-03-19,0.0071726632879162144,0.6,score_momo
2021-03-22,0.019604168209486694,0.6,score_momo
2021-03-23,0.03547098925211856,1.0,score_momo
2021-03-24,0.023760515510081782,1.0,score_momo
2021-03-25,0.015676538124622597,0.8,score_momo
2021-03-26,0.014849159078835305,0.4,score_momo
2021-03-29,-0.0006549155247850714,0.4,score_momo
2021-03-30,0.0015431968859093593,0.6,score_momo
2021-03-31,0.005811893241593502,0.8,score_momo
2021-04-01,0.01968048545234653,0.8,score_momo
2021-04-05,0.008118490051567017,0.4,score_momo
2021-04-06,0.027410319171300566,0.4,score_momo
2021-04-07,0.015355515259869201,0.4,score_momo
2021-04-08,0.042895726718587476,1.0,score_momo
2021-04-09,0.03129387429595627,1.0,score_momo
2021-04-12,0.00829783598477114,0.8,score_momo
2021-04-13,-0.011763220080799353,0.2,score_momo
2021-04-14,0.011421781810212561,1.0,score_momo
2021-04-15,-0.01660731092408534,0.2,score_momo
2021-04-16,-0.013581601002580924,0.4,score_momo
2021-04-19,0.001503874269901373,0.6,score_momo
2021-04-20,0.004466886502587619,0.6,score_momo
2021-04-21,-0.01692640361090514,0.0,score_momo
2021-04-22,0.021905462015194298,1.0,score_momo
2021-04-23,-0.014115416365640265,0.2,score_momo
2021-04-26,-0.030190597289388908,0.0,score_momo
2021-04-27,-0.05467779989411905,0.0,score_momo
2021-04-28,-0.06132312823838983,0.0,score_momo
2021-04-29,-0.0356529652609213,0.2,score_momo
2021-04-30,-0.006450450403545416,0.2,score_momo
2021-05-03,0.006519840929171505,0.6,score_momo
2021-05-04,-0.0030757655311481223,0.4,score_momo
2021-05-05,-0.02495186606713391,0.0,score_momo
2021-05-06,-0.023347799843600647,0.0,score_momo
2021-05-07,-0.009276788514975532,0.0,score_momo
2021-05-10,-0.006997427727972338,0.4,score_momo
2021-05-11,0.004091774968520201,0.6,score_momo
2021-05-12,0.013843403765490958,1.0,score_momo
2021-05-13,0.000654007509361465,0.6,score_momo
2021-05-14,-0.011829459397225106,0.4,score_momo
2021-05-17,-0.009563882576346106,0.2,score_momo
2021-05-18,-0.000496710547303203,0.2,score_momo
2021-05-19,0.018627478842406342,1.0,score_momo
2021-05-20,0.018529007881479133,0.8,score_momo
2021-05-21,0.01048106956500403,0.8,score_momo
2021-05-24,0.011832802580597513,0.8,score_momo
2021-05-25,0.012655811374805093,0.6,score_momo
2021-05-26,0.007167474560542608,0.4,score_momo
2021-05-27,0.021592033048077885,0.8,score_momo
2021-05-28,0.03080014351328353,0.8,score_momo
2021-06-01,0.010892296198179885,0.4,score_momo
2021-06-02,-0.0018501513292245475,0.4,score_momo
2021-06-03,-0.0026648471139550265,0.4,score_momo
2021-06-04,-0.004359326207130754,0.4,score_momo
2021-06-07,-0.004991262829685028,0.4,score_momo
2021-06-08,-0.003167443857926977,0.4,score_momo
2021-06-09,0.0004407670785525397,0.6,score_momo
2021-06-10,0.012477724775030485,0.6,score_momo
2021-06-11,-0.012092669312597403,0.4,score_momo
2021-06-14,-0.0006285142372739694,0.6,score_momo
2021-06-15,0.013951703481082878,0.6,score_momo
2021-06-16,0.0223809514485533,0.8,score_momo
2021-06-17,0.016962772482523803,0.6,score_momo
2021-06-18,0.012162424095262848,0.6,score_momo
2021-06-21,0.0247843259315631,0.8,score_momo
2021-06-22,0.01896870073221244,0.8,score_momo
2021-06-23,0.017417317557716826,0.8,score_momo
2021-06-24,0.012712107755580893,0.6,score_momo
2021-06-25,0.04067799531367546,1.0,score_momo
2021-06-28,0.04817525298799423,1.0,score_momo
2021-06-29,0.03071575948121783,1.0,score_momo
2021-06-30,0.021835616120524072,0.8,score_momo
2021-07-01,0.034971800914499765,0.8,score_momo
2021-07-02,0.020927103188768358,0.8,score_momo
2021-07-06,0.005092503638650348,0.8,score_momo
2021-07-07,0.0038907169968667834,0.6,score_momo
2021-07-08,-0.003543203580189447,0.6,score_momo
2021-07-09,-0.024322772326298536,0.4,score_momo
2021-07-12,-0.033924909614233556,0.0,score_momo
2021-07-13,-0.024614222064930424,0.2,score_momo
2021-07-14,-0.01597438257427051,0.0,score_momo
2021-07-15,-0.003849409875249199,0.4,score_momo
2021-07-16,0.017312698997289933,0.8,score_momo
2021-07-19,0.03451491323266531,0.8,score_momo
2021-07-20,0.0138491945017031,1.0,score_momo
2021-07-21,0.004226362370014192,0.4,score_momo
2021-07-22,0.0010609986107457114,0.6,score_momo
2021-07-23,-0.026330386885483947,0.2,score_momo
2021-07-26,-0.025453572848733508,0.2,score_momo
2021-07-27,-0.009359787707700806,0.6,score_momo
2021-07-28,0.0076798518543133906,0.6,score_momo
2021-07-29,-0.0073078550938955765,0.4,score_momo
2021-07-30,0.0006632544704376242,0.4,score_momo
2021-08-02,0.0003712594022229343,0.6,score_momo
2021-08-03,-0.00447852319850246,0.2,score_momo
2021-08-04,0.006377184218830134,0.8,score_momo
2021-08-05,0.01688255250094739,0.8,score_momo
2021-08-06,0.015541728926151022,0.8,score_momo
2021-08-09,0.015123184491914899,1.0,score_momo
2021-08-10,-0.005658035306329556,0.4,score_momo
2021-08-11,-0.03765823497856258,0.0,score_momo
2021-08-12,-0.03356567062690872,0.4,score_momo
2021-08-13,-0.021600279084320696,0.4,score_momo
2021-08-16,-0.025556407050848363,0.0,score_momo
2021-08-17,-0.003769466784365738,0.4,score_momo
2021-08-18,0.00973690926799633,0.6,score_momo
2021-08-19,-0.002936427350947768,0.4,score_momo
2021-08-20,0.027312937134624505,0.8,score_momo
2021-08-23,0.010486770285506486,0.6,score_momo
2021-08-24,0.010007800641419618,0.6,score_momo
2021-08-25,0.0029375317090935436,0.6,score_momo
2021-08-26,0.002382473791912276,0.6,score_momo
2021-08-27,-0.009721462172899441,0.4,score_momo
2021-08-30,-0.0045369093655823756,0.2,score_momo
2021-08-31,-0.008846044298077027,0.0,score_momo
2021-09-01,-0.011401555429281184,0.2,score_momo
2021-09-02,-0.01987028416338712,0.2,score_momo
2021-09-03,-0.026701478979046754,0.0,score_momo
2021-09-07,-0.029629839860244922,0.0,score_momo
2021-09-08,-0.019378676936398387,0.2,score_momo
2021-09-09,-0.01065957477840367,0.4,score_momo
2021-09-10,-0.007234703289601807,0.2,score_momo
2021-09-13,-0.03705425311067236,0.0,score_momo
2021-09-14,-0.027364927380709038,0.2,score_momo
2021-09-15,-0.03073179615763124,0.0,score_momo
2021-09-16,-0.016345023545115755,0.2,score_momo
2021-09-17,-0.007690277906158283,0.4,score_momo
2021-09-20,0.03073734816327005,0.8,score_momo
2021-09-21,0.01717794852914021,0.6,score_momo
2021-09-22,-0.011273163587594004,0.6,score_momo
2021-09-23,-0.026726113869698986,0.0,score_momo
2021-09-24,-0.00922575897255351,0.2,score_momo
2021-09-27,-0.020364870308025383,0.2,score_momo
2021-09-28,0.010630734144190735,0.8,score_momo
2021-09-29,0.007374288452038069,0.8,score_momo
2021-09-30,0.03582710875954178,1.0,score_momo
2021-10-01,0.0017121336641000352,0.4,score_momo
2021-10-04,-0.0048028403425290685,0.4,score_momo
2021-10-05,-0.006988320313192275,0.4,score_momo
2021-10-06,-0.016530169596145772,0.2,score_momo
2021-10-07,-0.021845021044222278,0.2,score_momo
2021-10-08,-0.014565527982757032,0.4,score_momo
2021-10-11,0.006204839883162561,0.6,score_momo
2021-10-12,0.013749686565087193,0.6,score_momo
2021-10-13,0.027166592044238193,0.8,score_momo
2021-10-14,-0.001563531928788575,0.6,score_momo
2021-10-15,0.0033206684343445093,0.8,score_momo
2021-10-18,0.021347282352189634,1.0,score_momo
2021-10-19,0.0191387836763973,1.0,score_momo
2021-10-20,-0.002550513339220384,0.4,score_momo
2021-10-21,0.026504097629397715,1.0,score_momo
2021-10-22,0.032841339745383814,1.0,score_momo
2021-10-25,0.01838083677029496,0.8,score_momo
2021-10-26,0.032842968188464015,0.6,score_momo
2021-10-27,0.0366662751773722,0.8,score_momo
2021-10-28,0.06957943257757662,1.0,score_momo
2021-10-29,0.04381262191770199,0.6,score_momo
2021-11-01,0.05470497861415802,1.0,score_momo
2021-11-02,0.04834845556944165,1.0,score_momo
2021-11-03,0.01559328403194966,0.4,score_momo
2021-11-04,-0.011096061409613566,0.4,score_momo
2021-11-05,-0.0038004712566342747,0.6,score_momo
2021-11-08,-0.01708948226013398,0.0,score_momo
2021-11-09,-0.011168435252999131,0.2,score_momo
2021-11-10,0.009607902474398666,0.4,score_momo
2021-11-11,0.0011838834320688552,0.4,score_momo
2021-11-12,0.01159002151028008,0.6,score_momo
2021-11-15,-0.014678722372530272,0.4,score_momo
2021-11-16,0.016581150746128936,0.6,score_momo
2021-11-17,0.019455185780352147,0.6,score_momo
2021-11-18,-0.04447063695830831,0.0,score_momo
2021-11-19,-0.008963552311081946,0.2,score_momo
2021-11-22,-0.0032845951128828823,0.4,score_momo
2021-11-23,-0.015164028099349292,0.2,score_momo
2021-11-24,-0.012037044910632889,0.2,score_momo
2021-11-26,0.009721914054349901,0.8,score_momo
2021-11-29,-0.01263756690492972,0.6,score_momo
2021-11-30,0.016710991581868374,0.8,score_momo
2021-12-01,0.033262720964717295,1.0,score_momo
2021-12-02,0.012647155646038844,0.8,score_momo
2021-12-03,0.03657503369484296,0.8,score_momo
2021-12-06,0.0017873264852645621,0.4,score_momo
2021-12-07,-0.017688675131456423,0.6,score_momo
2021-12-08,0.006800061766132326,0.6,score_momo
2021-12-09,-0.009563155558065462,0.4,score_momo
2021-12-10,-0.018640672445325877,0.4,score_momo
2021-12-13,-0.013089099700221873,0.4,score_momo
2021-12-14,-0.008374053914910884,0.2,score_momo
2021-12-15,-0.002016314159027033,0.4,score_momo
2021-12-16,0.01843356036193646,0.8,score_momo
2021-12-17,0.03796750687275585,1.0,score_momo
2021-12-20,0.04476303888121787,1.0,score_momo
2021-12-21,0.032541641703200154,1.0,score_momo
2021-12-22,0.020207166342568472,0.8,score_momo
2021-12-23,0.016679466231862693,1.0,score_momo
2021-12-27,0.014778765355482282,0.8,score_momo
2021-12-28,0.00471880596262122,0.6,score_momo
2021-12-29,-0.0034840566903796776,0.6,score_momo
2021-12-30,-0.013424331608257022,0.6,score_momo
2021-12-31,-0.013127760775938113,0.6,score_momo
2022-01-03,-0.028858767129177742,0.0,score_momo
2022-01-04,-0.02418635286395048,0.2,score_momo
2022-01-05,-0.011497995970514974,0.2,score_momo
2022-01-06,0.011136723103712476,0.6,score_momo
2022-01-07,0.005876373639876298,0.6,score_momo
2022-01-10,0.0022409298420162705,0.4,score_momo
2022-01-11,-0.0051169161542784945,0.6,score_momo
2022-01-12,-0.020812317125902546,0.2,score_momo
2022-01-13,-0.046276482129557706,0.2,score_momo
2022-01-14,-0.05455156974109321,0.0,score_momo
2022-01-18,-0.04599624283947783,0.2,score_momo
2022-01-19,-0.037909092525105284,0.2,score_momo
2022-01-20,-0.01600372074005869,0.4,score_momo
2022-01-21,0.0025208058482715902,0.8,score_momo
2022-01-24,0.0016963793582204234,0.6,score_momo
2022-01-25,0.01247510354178465,0.6,score_momo
2022-01-26,0.018501228671453297,0.8,score_momo
2022-01-27,0.005322119335502862,0.4,score_momo
2022-01-28,0.018142045307150002,0.6,score_momo
2022-01-31,0.011268136017252784,0.6,score_momo
2022-02-01,-0.0020398672821080764,0.6,score_momo
2022-02-02,-0.0004100806856410788,0.6,score_momo
2022-02-03,0.002446194168088911,0.6,score_momo
2022-02-04,0.0008189692985097307,0.4,score_momo
2022-02-07,-0.004046035295007066,0.2,score_momo
2022-02-08,-0.006394319603388832,0.2,score_momo
2022-02-09,-0.01260540306331841,0.2,score_momo
2022-02-10,-0.01310165799593883,0.2,score_momo
2022-02-11,-0.01197774684319024,0.2,score_momo
2022-02-14,-0.014372573270175715,0.4,score_momo
2022-02-15,-0.02996895731374687,0.2,score_momo
2022-02-16,-0.05480093691310728,0.0,score_momo
2022-02-17,0.00220453740481803,0.4,score_momo
2022-02-18,0.007038395585292645,0.4,score_momo
2022-02-22,-0.06256987090420171,0.0,score_momo
2022-02-23,-0.013559731532622531,0.4,score_momo
2022-02-24,-0.04332173668994303,0.0,score_momo
2022-02-25,-0.07123426759139158,0.0,score_momo
2022-02-28,-0.09160718273313273,0.2,score_momo
2022-03-01,-0.021299781899723657,0.4,score_momo
2022-03-02,-0.016542154191452885,0.4,score_momo
2022-03-03,-0.015633086592683344,0.4,score_momo
2022-03-04,-0.004999856476016795,0.2,score_momo
2022-03-07,-0.0030471681321061705,0.6,score_momo
2022-03-08,0.004485987102177491,0.6,score_momo
2022-03-09,0.0046116932801206325,0.6,score_momo
2022-03-10,0.01387332018781875,0.8,score_momo
2022-03-11,0.009420227134645498,0.8,score_momo
2022-03-14,0.016305020567694985,0.8,score_momo
2022-03-15,0.011891252543106856,0.6,score_momo
2022-03-16,0.013686699526521618,0.6,score_momo
2022-03-17,0.005533961442343927,0.6,score_momo
2022-03-18,0.016587516163841,0.8,score_momo
2022-03-21,0.015166271762270856,0.8,score_momo
2022-03-22,0.0230480433447513,0.8,score_momo
2022-03-23,0.023571425032347125,0.8,score_momo
2022-03-24,-0.008850950635234311,0.4,score_momo
2022-03-25,-0.03332276774069707,0.0,score_momo
2022-03-28,-0.015458573819216937,0.0,score_momo
2022-03-29,-0.04671293504554519,0.0,score_momo
2022-03-30,-0.029173054292894452,0.4,score_momo
2022-03-31,-0.030003368894354,0.2,score_momo
2022-04-01,-0.05523889362136034,0.0,score_momo
2022-04-04,-0.09306352633089918,0.0,score_momo
2022-04-05,-0.08359459034442047,0.0,score_momo
2022-04-06,-0.004543185542143169,0.4,score_momo
2022-04-07,0.0025321534167411343,0.6,score_momo
2022-04-08,-0.014084177841485168,0.0,score_momo
2022-04-11,0.004000988227546376,0.6,score_momo
2022-04-12,0.015733728195816376,0.8,score_momo
2022-04-13,7.99728074057704e-05,0.8,score_momo
2022-04-14,-0.013932954950914445,0.4,score_momo
2022-04-18,-0.017984505855202927,0.4,score_momo
2022-04-19,-0.020334495015628784,0.0,score_momo
2022-04-20,-0.029745587248174776,0.0,score_momo
2022-04-21,-0.00589687601874338,0.2,score_momo
2022-04-22,-0.006808189108223206,0.2,score_momo
2022-04-25,-0.03567174416390961,0.0,score_momo
2022-04-26,-0.014848232122467931,0.2,score_momo
2022-04-27,0.004017254072969023,0.4,score_momo
2022-04-28,-0.035201421089170036,0.0,score_momo
2022-04-29,-0.014958961282290217,0.2,score_momo
2022-05-02,-0.0042037740629966795,0.4,score_momo
2022-05-03,-0.011017029734690787,0.2,score_momo
2022-05-04,-0.033957988284594266,0.2,score_momo
2022-05-05,-0.00490326594107664,0.2,score_momo
2022-05-06,-0.003563177494545311,0.4,score_momo
2022-05-09,0.013269163465119638,0.6,score_momo
2022-05-10,0.04038637652195076,1.0,score_momo
2022-05-11,0.005572674259073507,0.8,score_momo
2022-05-12,-0.019879946237261324,0.2,score_momo
2022-05-13,-0.026377308057151393,0.2,score_momo
2022-05-16,-0.02449492468726664,0.2,score_momo
2022-05-17,-0.018678887634703024,0.2,score_momo
2022-05-18,0.003737189460522372,0.4,score_momo
2022-05-19,0.019296326854354406,1.0,score_momo
2022-05-20,0.034462408818054666,0.8,score_momo
2022-05-23,0.014814650120486439,0.8,score_momo
2022-05-24,0.007380048724344679,0.8,score_momo
2022-05-25,0.007281111312088839,0.8,score_momo
2022-05-26,-0.0018680149889303444,0.6,score_momo
2022-05-27,-0.00432339735939129,0.2,score_momo
2022-05-31,0.000766140903239787,0.4,score_momo
2022-06-01,0.001464582600354536,0.6,score_momo
2022-06-02,-0.01734353637653847,0.2,score_momo
2022-06-03,-0.046488447347154405,0.2,score_momo
2022-06-06,-0.09441538144417456,0.0,score_momo
2022-06-07,-0.12415610378803013,0.0,score_momo
2022-06-08,-0.0961912750671124,0.0,score_momo
2022-06-09,-0.12065856310787162,0.0,score_momo
2022-06-10,-0.08871074891451483,0.0,score_momo
2022-06-13,-0.0160931816267325,0.6,score_momo
2022-06-14,0.018592467690246695,0.8,score_momo
2022-06-15,0.023608636650856153,1.0,score_momo
2022-06-16,0.07378020973129859,1.0,score_momo
2022-06-17,0.048989195945397634,1.0,score_momo
2022-06-21,0.009654305820667952,0.8,score_momo
2022-06-22,0.015393020927588675,1.0,score_momo
2022-06-23,-0.01740562774603971,0.4,score_momo
2022-06-24,-0.05540072185486609,0.0,score_momo
2022-06-27,-0.022029596912162018,0.2,score_momo
2022-06-28,-0.0019007185912089275,0.6,score_momo
2022-06-29,0.010000217046152771,0.8,score_momo
2022-06-30,0.008764141099402,0.8,score_momo
2022-07-01,-0.001629467851016586,0.4,score_momo
2022-07-05,4.028821157975315e-06,0.4,score_momo
2022-07-06,-0.009573212964274847,0.4,score_momo
2022-07-07,-0.002214346733762995,0.4,score_momo
2022-07-08,0.016182566976314906,0.8,score_momo
2022-07-11,-0.0032269921143712964,0.4,score_momo
2022-07-12,0.027994537298665877,0.8,score_momo
2022-07-13,0.05132325794458357,0.8,score_momo
2022-07-14,0.022459757242447732,0.6,score_momo
2022-07-15,0.0031368908536230757,0.4,score_momo
2022-07-18,0.043751414370885124,1.0,score_momo
2022-07-19,-0.0009524273263872285,0.4,score_momo
2022-07-20,-0.0012436738736592012,0.4,score_momo
2022-07-21,-0.006018248132557802,0.4,score_momo
2022-07-22,0.021118964874846814,0.8,score_momo
2022-07-25,0.03399261231503301,0.8,score_momo
2022-07-26,0.029511435180851066,1.0,score_momo
2022-07-27,0.07349232571030391,1.0,score_momo
2022-07-28,0.06904506947263314,1.0,score_momo
2022-07-29,0.01607154012643732,0.8,score_momo
2022-08-01,-0.001215390155683993,0.4,score_momo
2022-08-02,-0.006702112944960747,0.6,score_momo
2022-08-03,0.008974011342823319,0.8,score_momo
2022-08-04,-0.008987837031945323,0.6,score_momo
2022-08-05,0.02495298093942584,0.8,score_momo
2022-08-08,0.05660079230855084,1.0,score_momo
2022-08-09,0.06363977704869397,1.0,score_momo
2022-08-10,0.021465947748240864,0.6,score_momo
2022-08-11,0.01372379493908118,0.8,score_momo
2022-08-12,-0.03077853935533805,0.0,score_momo
2022-08-15,-0.060209098086388926,0.0,score_momo
2022-08-16,-0.055622470757403966,0.0,score_momo
2022-08-17,-0.04573146097494722,0.0,score_momo
2022-08-18,-0.029404155595038062,0.0,score_momo
2022-08-19,-0.04529257525534558,0.0,score_momo
2022-08-22,-0.03055783421876055,0.0,score_momo
2022-08-23,-0.025460998214665742,0.0,score_momo
2022-08-24,-0.04507715520955553,0.0,score_momo
2022-08-25,-0.054128032532302986,0.0,score_momo
2022-08-26,-0.04221625783625142,0.0,score_momo
2022-08-29,-0.03250538387889719,0.0,score_momo
2022-08-30,-0.005868923748989929,0.6,score_momo
2022-08-31,0.005492568482182181,0.6,score_momo
2022-09-01,0.023096006308759565,1.0,score_momo
2022-09-02,0.03420163821299602,1.0,score_momo
2022-09-06,0.015381106497694797,1.0,score_momo
2022-09-07,-0.006825896475748406,0.2,score_momo
2022-09-08,-0.0027841684180552216,0.2,score_momo
2022-09-09,-0.027588920798516114,0.0,score_momo
2022-09-12,-0.02748010402305836,0.2,score_momo
2022-09-13,-0.001692175916751748,0.4,score_momo
2022-09-14,-0.021212140673977142,0.0,score_momo
2022-09-15,-0.019307118349055165,0.2,score_momo
2022-09-16,-0.036388031621559944,0.0,score_momo
2022-09-19,-0.05506866489134512,0.0,score_momo
2022-09-20,-0.06152781215063061,0.0,score_momo
2022-09-21,-0.029863750493232533,0.2,score_momo
2022-09-22,-0.018100866058075437,0.0,score_momo
2022-09-23,-0.021810889556564718,0.0,score_momo
2022-09-26,-0.005777811030443325,0.6,score_momo
2022-09-27,0.010169306392679878,0.8,score_momo
2022-09-28,0.012460814954651522,0.6,score_momo
2022-09-29,0.010514411322116769,0.6,score_momo
2022-09-30,0.003808931266018467,0.4,score_momo
2022-10-03,-0.008903785099589556,0.2,score_momo
2022-10-04,-0.025656155830674442,0.2,score_momo
2022-10-05,-0.027593467267887473,0.2,score_momo
2022-10-06,0.0038926559073292123,0.6,score_momo
2022-10-07,0.02737724352170856,1.0,score_momo
2022-10-10,0.029505351510113974,0.8,score_momo
2022-10-11,0.02961610308934439,1.0,score_momo
2022-10-12,0.0321604460304475,0.8,score_momo
2022-10-13,0.002550035956386365,0.8,score_momo
2022-10-14,0.052557539957450626,0.8,score_momo
2022-10-17,0.04644542930730196,1.0,score_momo
2022-10-18,0.04868782056235146,1.0,score_momo
2022-10-19,0.0461588156319336,1.0,score_momo
2022-10-20,0.07095604764019003,1.0,score_momo
2022-10-21,0.06192238736377766,1.0,score_momo
2022-10-24,0.054061879822218904,1.0,score_momo
2022-10-25,0.044643629003537535,0.8,score_momo
2022-10-26,0.028412214549925086,0.8,score_momo
2022-10-27,0.020573137888696656,0.8,score_momo
2022-10-28,0.021801853761388122,1.0,score_momo
2022-10-31,0.03043486668731805,0.8,score_momo
2022-11-01,0.031054364811781497,1.0,score_momo
2022-11-02,0.026912322464346893,0.8,score_momo
2022-11-03,0.06333199087574011,1.0,score_momo
2022-11-04,0.05643187888340932,1.0,score_momo
2022-11-07,0.052213726171709364,1.0,score_momo
2022-11-08,0.05181545754380497,1.0,score_momo
2022-11-09,0.032372984853371235,1.0,score_momo
2022-11-10,-0.011046006476674152,0.2,score_momo
2022-11-11,-0.020988641936315576,0.2,score_momo
2022-11-14,-0.014150259075879612,0.2,score_momo
2022-11-15,-0.004902021580092475,0.6,score_momo
2022-11-16,0.02066881781579628,1.0,score_momo
2022-11-17,0.024510144024728085,1.0,score_momo
2022-11-18,0.004091246150018657,0.6,score_momo
2022-11-21,0.01430734546113328,1.0,score_momo
2022-11-22,0.025925651592197375,0.8,score_momo
2022-11-23,0.01458390493252668,0.6,score_momo
2022-11-25,0.021012457105261163,0.8,score_momo
2022-11-28,0.031956989029858815,0.8,score_momo
2022-11-29,-0.00549076160010491,0.6,score_momo
2022-11-30,-0.03665857230498733,0.0,score_momo
2022-12-01,-0.002945305060610326,0.6,score_momo
2022-12-02,-0.019224195782684105,0.2,score_momo
2022-12-05,0.023654822458382928,1.0,score_momo
2022-12-06,0.05321581173832857,1.0,score_momo
2022-12-07,0.03945016583441561,1.0,score_momo
2022-12-08,-0.011711624546219768,0.2,score_momo
2022-12-09,-0.013947576394135176,0.2,score_momo
2022-12-12,-0.04026843082308591,0.2,score_momo
2022-12-13,-0.06122866891073977,0.0,score_momo
2022-12-14,-0.00453647412583269,0.2,score_momo
2022-12-15,-0.013179775386342208,0.6,score_momo
2022-12-16,-0.006834901628581469,0.6,score_momo
2022-12-19,-0.008260258592205116,0.8,score_momo
2022-12-20,-0.021473321644974685,0.6,score_momo
2022-12-21,-0.027061439706610523,0.4,score_momo
2022-12-22,0.0023971474736810493,0.6,score_momo
2022-12-23,0.00560767335325707,0.4,score_momo
2022-12-27,0.017476539808490888,0.4,score_momo
2022-12-28,0.03067403901153711,0.8,score_momo
2022-12-29,0.06162113536008107,1.0,score_momo
2022-12-30,0.04891071328955201,1.0,score_momo
2023-01-03,0.04177355017948512,0.8,score_momo
2023-01-04,0.02803344344606793,1.0,score_momo
2023-01-05,0.03070439052677685,0.8,score_momo
2023-01-06,0.02696044457109543,0.8,score_momo
2023-01-09,0.015160106406265994,0.8,score_momo
2023-01-10,-0.0067253024126705755,0.6,score_momo
2023-01-11,-0.013562063727760764,0.2,score_momo
2023-01-12,-0.019696075634330512,0.2,score_momo
2023-01-13,-0.011358673613396885,0.2,score_momo
2023-01-17,0.020346955248280386,0.8,score_momo
2023-01-18,0.04042008889208408,1.0,score_momo
2023-01-19,0.06904710683677728,1.0,score_momo
2023-01-20,0.0692790494960338,1.0,score_momo
2023-01-23,0.0055519074177713176,0.6,score_momo
2023-01-24,0.027497423535946152,0.8,score_momo
2023-01-25,0.05131922341142285,0.8,score_momo
2023-01-26,0.06548932492399322,1.0,score_momo
2023-01-27,0.027132741949172923,1.0,score_momo
2023-01-30,0.03723811560763708,1.0,score_momo
2023-01-31,0.039046640643602595,0.8,score_momo
2023-02-01,0.010381148117542049,0.6,score_momo
2023-02-02,-0.026290590201071475,0.4,score_momo
2023-02-03,-0.018387658653308735,0.4,score_momo
2023-02-06,0.012154178579753028,0.8,score_momo
2023-02-07,0.004252482852617945,0.6,score_momo
2023-02-08,0.008787424658063791,0.8,score_momo
2023-02-09,-0.015430412011297533,0.2,score_momo
2023-02-10,-0.0050376714077540186,0.4,score_momo
2023-02-13,-0.050846079686121315,0.0,score_momo
2023-02-14,-0.054834023300154834,0.0,score_momo
2023-02-15,-0.024813781723189487,0.2,score_momo
2023-02-16,-0.018479567211353486,0.2,score_momo
2023-02-17,-0.0013178578710264066,0.2,score_momo
2023-02-21,0.016260352924309586,0.4,score_momo
2023-02-22,0.016001935627169915,0.6,score_momo
2023-02-23,0.017107516498222307,0.4,score_momo
2023-02-24,0.0074380262404887265,0.6,score_momo
2023-02-27,0.00791270654605949,0.8,score_momo
2023-02-28,0.005027467800803409,0.8,score_momo
2023-03-01,0.03422388491938533,0.6,score_momo
2023-03-02,-0.035172588163939734,0.2,score_momo
2023-03-03,-0.07301647076379018,0.0,score_momo
2023-03-06,-0.05480645348548385,0.0,score_momo
2023-03-07,-0.001585431432705109,0.4,score_momo
2023-03-08,0.0002399383841813485,0.4,score_momo
2023-03-09,0.03527532167406835,0.8,score_momo
2023-03-10,0.036396684874449844,0.8,score_momo
2023-03-13,0.05556730070465554,1.0,score_momo
2023-03-14,0.03998171333660352,1.0,score_momo
2023-03-15,0.025846246920266002,0.8,score_momo
2023-03-16,0.005152392207735312,0.6,score_momo
2023-03-17,0.016931500022903733,0.8,score_momo
2023-03-20,0.015677189647661516,1.0,score_momo
2023-03-21,0.010293245714905464,0.8,score_momo
2023-03-22,0.04862733634452154,1.0,score_momo
2023-03-23,0.041186777357607694,1.0,score_momo
2023-03-24,0.05154324908624801,1.0,score_momo
2023-03-27,0.05952855807379649,1.0,score_momo
2023-03-28,0.05781774154440744,1.0,score_momo
2023-03-29,0.01264637563132942,0.6,score_momo
2023-03-30,0.010227115233293648,0.8,score_momo
2023-03-31,-0.007237272197522881,0.2,score_momo
2023-04-03,-0.02336634072334145,0.0,score_momo
2023-04-04,-0.03452709047659257,0.0,score_momo
2023-04-05,-0.003071971571469723,0.4,score_momo
2023-04-06,-0.012137857241484662,0.2,score_momo
2023-04-10,-0.00962949327752718,0.2,score_momo
2023-04-11,-0.0022550201622382636,0.4,score_momo
2023-04-12,-0.003624751307302487,0.6,score_momo
2023-04-13,-0.02297299863620108,0.2,score_momo
2023-04-14,-0.018450008700429545,0.4,score_momo
2023-04-17,0.0036774396782700116,0.8,score_momo
2023-04-18,-0.019309168070040794,0.4,score_momo
2023-04-19,-0.029737243441876848,0.0,score_momo
2023-04-20,-0.010945224302124124,0.4,score_momo
2023-04-21,-0.0015137596800991915,0.6,score_momo
2023-04-24,-0.0026219698759399447,0.6,score_momo
2023-04-25,-0.006572723300873951,0.6,score_momo
2023-04-26,0.015210135954490677,0.8,score_momo
2023-04-27,-0.01951621760909199,0.4,score_momo
2023-04-28,-0.006943989321674881,0.4,score_momo
2023-05-01,-2.721459329573239e-05,0.6,score_momo
2023-05-02,-0.009122198010878236,0.2,score_momo
2023-05-03,0.010782433703716765,0.8,score_momo
2023-05-04,0.010109216067133686,0.8,score_momo
2023-05-05,-0.008968957799457122,0.0,score_momo
2023-05-08,-0.0046348850443868935,0.4,score_momo
2023-05-09,0.016451204824768518,0.8,score_momo
2023-05-10,0.023093109107266696,0.8,score_momo
2023-05-11,0.04341400447991819,1.0,score_momo
2023-05-12,0.04235768218274396,1.0,score_momo
2023-05-15,0.030387884410825138,0.8,score_momo
2023-05-16,0.012143878938364838,0.6,score_momo
2023-05-17,-0.005411582117579572,0.4,score_momo
2023-05-18,0.03355147592103025,0.4,score_momo
2023-05-19,0.07006291603952035,1.0,score_momo
2023-05-22,0.08687865662519427,1.0,score_momo
2023-05-23,0.08745952368586951,1.0,score_momo
2023-05-24,0.09598616886241698,1.0,score_momo
2023-05-25,0.03600857917489257,1.0,score_momo
2023-05-26,0.007853796305802897,0.8,score_momo
2023-05-30,-0.004571995417673192,0.4,score_momo
2023-05-31,-0.019230651174489653,0.4,score_momo
2023-06-01,-0.011734422888599983,0.2,score_momo
2023-06-02,-0.0033967804362911467,0.4,score_momo
2023-06-05,0.009673585740003054,0.8,score_momo
2023-06-06,0.012925033400011499,0.8,score_momo
2023-06-07,0.05223118320062041,1.0,score_momo
2023-06-08,0.04645487388351608,1.0,score_momo
2023-06-09,0.036077009447687436,1.0,score_momo
2023-06-12,0.030197771458256372,0.6,score_momo
2023-06-13,-0.010455266320747248,0.2,score_momo
2023-06-14,-0.02213553068161649,0.4,score_momo
2023-06-15,-0.04263087141627338,0.0,score_momo
2023-06-16,-0.04795218554835232,0.0,score_momo
2023-06-20,-0.010378706449812647,0.2,score_momo
2023-06-21,0.004398389342718722,0.8,score_momo
2023-06-22,-0.0021201841527450195,0.6,score_momo
2023-06-23,0.021899158779228812,1.0,score_momo
2023-06-26,0.02633346549735651,1.0,score_momo
2023-06-27,0.0015563319138836907,0.8,score_momo
2023-06-28,-0.004235230752525387,0.6,score_momo
2023-06-29,-9.020242659563138e-06,0.4,score_momo
2023-06-30,-0.014963534924266119,0.2,score_momo
2023-07-03,-0.014314665774569458,0.2,score_momo
2023-07-05,0.008087139985614455,0.6,score_momo
2023-07-06,0.012368276109204702,0.4,score_momo
2023-07-07,0.034310435906421285,1.0,score_momo
2023-07-10,0.037682010582732905,1.0,score_momo
2023-07-11,0.040242185630104774,1.0,score_momo
2023-07-12,0.026058853846159913,0.6,score_momo
2023-07-13,-0.014651157530013248,0.0,score_momo
2023-07-14,-0.006850461278589348,0.2,score_momo
2023-07-17,-0.005363870200864684,0.4,score_momo
2023-07-18,-0.0018905944129482544,0.4,score_momo
2023-07-19,-0.02387859584966221,0.2,score_momo
2023-07-20,0.0037948404453534757,0.4,score_momo
2023-07-21,0.010054691855562714,0.8,score_momo
2023-07-24,0.014737617898286781,0.6,score_momo
2023-07-25,0.02740964348829613,1.0,score_momo
2023-07-26,-0.019653545696353514,0.0,score_momo
2023-07-27,-0.015613257048384321,0.2,score_momo
2023-07-28,-0.036696396817073526,0.0,score_momo
2023-07-31,-0.01905801935095708,0.0,score_momo
2023-08-01,-0.028830294462786777,0.2,score_momo
2023-08-02,-0.01292499936148921,0.2,score_momo
2023-08-03,-0.013615027843834305,0.2,score_momo
2023-08-04,7.327400835801522e-05,0.4,score_momo
2023-08-07,-0.011510117426359146,0.4,score_momo
2023-08-08,-0.011952166139977316,0.2,score_momo
2023-08-09,-0.01649909326780965,0.2,score_momo
2023-08-10,-0.02287255960706327,0.2,score_momo
2023-08-11,-0.023617392252359905,0.0,score_momo
2023-08-14,-0.031140020682761206,0.0,score_momo
2023-08-15,-0.020206759124398933,0.0,score_momo
2023-08-16,-0.011617363904055678,0.2,score_momo
2023-08-17,-0.022289386904281238,0.2,score_momo
2023-08-18,-0.004061790755778239,0.4,score_momo
2023-08-21,0.0012477671158245053,0.4,score_momo
2023-08-22,0.016785808174679652,0.8,score_momo
2023-08-23,0.016272915638871278,0.6,score_momo
2023-08-24,0.03422156173262336,0.8,score_momo
2023-08-25,0.02792033146427213,0.8,score_momo
2023-08-28,0.009374895585412624,0.8,score_momo
2023-08-29,-0.013503339075125487,0.4,score_momo
2023-08-30,-0.01200301505168857,0.4,score_momo
2023-08-31,-0.025063896526638763,0.4,score_momo
2023-09-01,-0.02418841509876459,0.2,score_momo
2023-09-05,-0.02212093774142756,0.2,score_momo
2023-09-06,-0.0007825674242247116,0.4,score_momo
2023-09-07,-0.005754736101463797,0.2,score_momo
2023-09-08,-0.01953260209746339,0.0,score_momo
2023-09-11,-0.019984313002624952,0.2,score_momo
2023-09-12,-0.034548318478544005,0.0,score_momo
2023-09-13,-0.04479262955851877,0.0,score_momo
2023-09-14,-0.07342711401867066,0.0,score_momo
2023-09-15,-0.051831828104717446,0.0,score_momo
2023-09-18,-0.05543394048286536,0.0,score_momo
2023-09-19,-0.04008257705434317,0.2,score_momo
2023-09-20,-0.014101081343634614,0.2,score_momo
2023-09-21,-0.004793703535056837,0.4,score_momo
2023-09-22,0.0016968973563044054,0.4,score_momo
2023-09-25,-0.0043467720600459,0.4,score_momo
2023-09-26,-0.0010300563193784916,0.4,score_momo
2023-09-27,-0.006336972731033686,0.4,score_momo
2023-09-28,-0.010123421712905256,0.4,score_momo
2023-09-29,0.00387029388216924,0.6,score_momo
2023-10-02,0.00817554052517464,0.8,score_momo
2023-10-03,0.009206127048019397,0.6,score_momo
2023-10-04,0.011016211803051812,0.6,score_momo
2023-10-05,0.01922869465739121,0.8,score_momo
2023-10-06,0.013188376803682456,0.8,score_momo
2023-10-09,0.014810335344429881,0.8,score_momo
2023-10-10,0.009111848482691042,0.6,score_momo
2023-10-11,-0.009571511918992682,0.4,score_momo
2023-10-12,-0.01908043449039083,0.4,score_momo
2023-10-13,-0.026851693854485846,0.2,score_momo
2023-10-16,-0.026233154156569904,0.2,score_momo
2023-10-17,-0.023005259449798032,0.2,score_momo
2023-10-18,-0.02165666863768636,0.2,score_momo
2023-10-19,-0.035275339819276066,0.0,score_momo
2023-10-20,-0.012595925640469807,0.4,score_momo
2023-10-23,-0.008150072670234976,0.4,score_momo
2023-10-24,-0.004339232021672546,0.6,score_momo
2023-10-25,0.0101686392097718,0.8,score_momo
2023-10-26,0.03600731892082969,1.0,score_momo
2023-10-27,0.057834876042367964,1.0,score_momo
2023-10-30,0.0315564461508981,1.0,score_momo
2023-10-31,0.04600227329631137,1.0,score_momo
2023-11-01,0.03542705645518378,0.8,score_momo
2023-11-02,0.011355524599314371,0.6,score_momo
2023-11-03,0.013165087317994617,0.4,score_momo
2023-11-06,0.004954781071866821,0.6,score_momo
2023-11-07,0.004896892667708763,0.6,score_momo
2023-11-08,0.00572319759263733,0.8,score_momo
2023-11-09,0.021498868382601045,1.0,score_momo
2023-11-10,0.036687643375286426,1.0,score_momo
2023-11-13,0.0360959400235505,1.0,score_momo
2023-11-14,0.01811379291278814,0.8,score_momo
2023-11-15,0.03702466308554451,0.8,score_momo
2023-11-16,0.006675978781525238,0.8,score_momo
2023-11-17,0.01310704588046141,0.8,score_momo
2023-11-20,-0.003005763260719596,0.6,score_momo
2023-11-21,0.0033475646652870285,0.6,score_momo
2023-11-22,0.001534907620776238,0.4,score_momo
2023-11-24,0.0005257161563446244,0.4,score_momo
2023-11-27,-0.004699448764838521,0.4,score_momo
2023-11-28,-0.002726880430782619,0.4,score_momo
2023-11-29,0.00021644472123307778,0.6,score_momo
2023-11-30,-0.012160993166474432,0.2,score_momo
2023-12-01,-0.00817948710881775,0.4,score_momo
2023-12-04,0.018534909952351453,0.8,score_momo
2023-12-05,0.03321870281271453,1.0,score_momo
2023-12-06,0.040156809656711666,1.0,score_momo
2023-12-07,0.0600347531240939,1.0,score_momo
2023-12-08,0.06465517662497322,1.0,score_momo
2023-12-11,0.040244409631152854,1.0,score_momo
2023-12-12,0.046362672267815076,1.0,score_momo
2023-12-13,0.01855476168287735,1.0,score_momo
2023-12-14,0.012627787492097298,0.6,score_momo
2023-12-15,0.006508863363234152,0.6,score_momo
2023-12-18,-0.011748525271673782,0.6,score_momo
2023-12-19,-0.023051302342300038,0.4,score_momo
2023-12-20,-0.012392199211732935,0.6,score_momo
2023-12-21,-0.024425898822836856,0.2,score_momo
2023-12-22,-0.0057413596950520954,0.6,score_momo
2023-12-26,-0.046113176507826245,0.2,score_momo
2023-12-27,-0.04888868294889008,0.0,score_momo
2023-12-28,-0.023606738200099,0.4,score_momo
2023-12-29,-0.03137134513869004,0.4,score_momo
2024-01-02,0.0032439563485432863,0.2,score_momo
2024-01-03,0.015006349154416454,0.8,score_momo
2024-01-04,0.0059529552756511835,0.6,score_momo
2024-01-05,-0.007512463072693687,0.6,score_momo
2024-01-08,-0.020317339612547537,0.2,score_momo
2024-01-09,-0.013351773595443017,0.2,score_momo
2024-01-10,-0.006444642926373989,0.2,score_momo
2024-01-11,0.01329784678827406,0.6,score_momo
2024-01-12,0.02904884977227662,0.8,score_momo
2024-01-16,0.034792087710609335,1.0,score_momo
2024-01-17,0.039877387067050483,0.8,score_momo
2024-01-18,0.036852622754728094,0.8,score_momo
2024-01-19,0.01016660646018135,0.6,score_momo
2024-01-22,0.031913808329751256,0.8,score_momo
2024-01-23,0.03230831486600168,1.0,score_momo
2024-01-24,0.006804463161789553,0.8,score_momo
2024-01-25,0.012693277183371965,0.8,score_momo
2024-01-26,0.026255059484745758,0.6,score_momo
2024-01-29,0.024761653819388264,0.6,score_momo
2024-01-30,0.014246003038718324,0.4,score_momo
2024-01-31,0.027057312695177214,0.8,score_momo
2024-02-01,0.026065800821131968,0.8,score_momo
2024-02-02,0.03020790579629673,1.0,score_momo
2024-02-05,0.013378016813992422,0.8,score_momo
2024-02-06,0.007798442441570153,0.6,score_momo
2024-02-07,0.015169024779768957,0.8,score_momo
2024-02-08,0.020966539657417904,1.0,score_momo
2024-02-09,0.003070416797170927,0.8,score_momo
2024-02-12,-0.016275197460096848,0.4,score_momo
2024-02-13,-0.021212474475061405,0.2,score_momo
2024-02-14,0.016063262037981918,0.8,score_momo
2024-02-15,0.009757314842540322,0.6,score_momo
2024-02-16,0.013374912283683527,0.6,score_momo
2024-02-20,0.04392886564394651,0.8,score_momo
2024-02-21,0.04663727130228488,0.8,score_momo
2024-02-22,0.023725427842380943,1.0,score_momo
2024-02-23,0.026401651792568082,1.0,score_momo
2024-02-26,0.03711364944647577,0.8,score_momo
2024-02-27,0.029159468494805017,0.8,score_momo
2024-02-28,0.034361833780874027,0.8,score_momo
2024-02-29,0.0314355705998034,0.6,score_momo
2024-03-01,0.000783954671569087,0.4,score_momo
2024-03-04,-0.012121723812849016,0.2,score_momo
2024-03-05,0.016979809699414726,0.6,score_momo
2024-03-06,0.014214601465447441,1.0,score_momo
2024-03-07,-0.024577844381776702,0.4,score_momo
2024-03-08,-0.004597952462822597,0.6,score_momo
2024-03-11,0.018072648268126178,0.8,score_momo
2024-03-12,-0.010931924169903118,0.2,score_momo
2024-03-13,0.020446856894585207,0.6,score_momo
2024-03-14,0.04360368761963875,1.0,score_momo
2024-03-15,0.031770999590418646,1.0,score_momo
2024-03-18,0.018470411009700306,0.8,score_momo
2024-03-19,0.0024021036828896893,0.6,score_momo
2024-03-20,0.008831005420104265,0.6,score_momo
2024-03-21,0.006274368476023628,0.6,score_momo
2024-03-22,0.017562207308204746,0.8,score_momo
2024-03-25,0.01507162921114893,0.8,score_momo
2024-03-26,0.021354773109194515,0.6,score_momo
2024-03-27,-0.01005252488698527,0.4,score_momo
2024-03-28,-0.0022407566819572676,0.4,score_momo
2024-04-01,-0.013586226073482565,0.2,score_momo
2024-04-02,-0.0034584062416535,0.4,score_momo
2024-04-03,-0.017628964680458957,0.2,score_momo
2024-04-04,-0.0021769859678927085,0.8,score_momo
2024-04-05,-0.028639149328796167,0.2,score_momo
2024-04-08,-0.023258876145100516,0.0,score_momo
2024-04-09,-0.026170573037205335,0.0,score_momo
2024-04-10,-0.03098171754272234,0.0,score_momo
2024-04-11,-0.034997385971097736,0.0,score_momo
2024-04-12,-0.014882710167261925,0.6,score_momo
2024-04-15,0.0018747422489010291,0.6,score_momo
2024-04-16,0.01862022397218972,0.8,score_momo
2024-04-17,0.012131502277610885,0.8,score_momo
2024-04-18,0.020612087515708442,0.6,score_momo
2024-04-19,0.016702220849053352,0.6,score_momo
2024-04-22,0.020995825360034748,0.8,score_momo
2024-04-23,-0.013030742399006989,0.4,score_momo
2024-04-24,-0.00450937269664653,0.4,score_momo
2024-04-25,0.009199901945115264,0.6,score_momo
2024-04-26,0.007009370836973017,0.6,score_momo
2024-04-29,0.007745414466881928,0.6,score_momo
2024-04-30,0.016427148515926283,0.8,score_momo
2024-05-01,0.018028470975076295,0.8,score_momo
2024-05-02,0.025805337541966768,1.0,score_momo
2024-05-03,0.022033839817272492,0.8,score_momo
2024-05-06,0.014471378154796244,0.8,score_momo
2024-05-07,0.024911142729445678,1.0,score_momo
2024-05-08,0.027416810664484138,1.0,score_momo
2024-05-09,0.014965594148542705,1.0,score_momo
2024-05-10,0.01608248143493791,0.8,score_momo
2024-05-13,0.017365009997447566,0.8,score_momo
2024-05-14,0.015882115732753332,0.8,score_momo
2024-05-15,-0.0029381707827813796,0.6,score_momo
2024-05-16,-0.001538700735744647,0.2,score_momo
2024-05-17,0.012968968838827121,0.4,score_momo
2024-05-20,0.013126129315390856,0.2,score_momo
2024-05-21,0.021461200451091633,0.2,score_momo
2024-05-22,0.00689734658610317,0.4,score_momo
2024-05-23,0.020380364912705562,0.8,score_momo
2024-05-24,0.01912677012126527,0.8,score_momo
2024-05-28,0.007074887824811649,0.6,score_momo
2024-05-29,0.025381907992767273,0.8,score_momo
2024-05-30,0.037548543002719814,1.0,score_momo
2024-05-31,0.022058236176178747,0.6,score_momo
2024-06-03,0.009362764776484922,0.4,score_momo
2024-06-04,0.020108918854177472,0.8,score_momo
2024-06-05,0.011446013820092448,0.4,score_momo
2024-06-06,0.022187726447359956,0.6,score_momo
2024-06-07,0.02361779438054832,0.6,score_momo
2024-06-10,0.026431574842044746,0.6,score_momo
2024-06-11,0.028749648786500704,0.8,score_momo
2024-06-12,0.01837321600670221,0.8,score_momo
2024-06-13,0.002720585922945595,0.6,score_momo
2024-06-14,-0.008966856342185126,0.6,score_momo
2024-06-17,-0.013857529336916707,0.2,score_momo
2024-06-18,-0.01667355731663649,0.4,score_momo
2024-06-20,-0.013088156463970324,0.4,score_momo
2024-06-21,-0.05459592780380022,0.2,score_momo
2024-06-24,-0.036059359419621,0.4,score_momo
2024-06-25,0.005865664999895648,0.4,score_momo
2024-06-26,0.017769744510895857,0.8,score_momo
2024-06-27,0.017121122206967487,0.8,score_momo
2024-06-28,0.038969670389289404,1.0,score_momo
2024-07-01,0.022850030121326314,0.8,score_momo
2024-07-02,0.012164264197324748,0.6,score_momo
2024-07-03,-0.008677258318262559,0.2,score_momo
2024-07-05,-0.007060176194187595,0.4,score_momo
2024-07-08,-0.006823767405487668,0.4,score_momo
2024-07-09,-0.014419311322004668,0.2,score_momo
2024-07-10,-0.052577201146966,0.0,score_momo
2024-07-11,0.019305845280415523,0.8,score_momo
2024-07-12,-0.013970813170144836,0.4,score_momo
2024-07-15,-0.01576307078009136,0.4,score_momo
2024-07-16,-0.03206198604709805,0.0,score_momo
2024-07-17,-0.04670301029150501,0.0,score_momo
2024-07-18,-0.02980374852847112,0.2,score_momo
2024-07-19,-0.0065385614154547245,0.6,score_momo
2024-07-22,-0.014513279226159703,0.6,score_momo
2024-07-23,-0.008857146920962889,0.6,score_momo
2024-07-24,0.029910379526397524,1.0,score_momo
2024-07-25,0.006404148272501265,0.6,score_momo
2024-07-26,-0.0057238593453139645,0.4,score_momo
2024-07-29,-0.018585758048408806,0.4,score_momo
2024-07-30,-0.027089711516949343,0.0,score_momo
2024-07-31,-0.04460480116523522,0.0,score_momo
2024-08-01,-0.00014440156296342544,0.4,score_momo
2024-08-02,-0.024754533006287494,0.0,score_momo
2024-08-05,-0.004386173601705501,0.4,score_momo
2024-08-06,0.00346974745318922,0.8,score_momo
2024-08-07,0.01138338104139589,0.8,score_momo
2024-08-08,0.007715055480515476,0.6,score_momo
2024-08-09,0.019233574312782876,0.8,score_momo
2024-08-12,0.026294464246139904,0.8,score_momo
2024-08-13,0.03289904230910183,1.0,score_momo
2024-08-14,0.04047107554412373,1.0,score_momo
2024-08-15,0.013689543660676606,0.8,score_momo
2024-08-16,0.021078868560562868,1.0,score_momo
2024-08-19,0.017434398894597657,1.0,score_momo
2024-08-20,0.020725695583988023,1.0,score_momo
2024-08-21,-0.003908036041978513,0.4,score_momo
2024-08-22,0.0005801913418091332,0.4,score_momo
2024-08-23,-0.006502005944262468,0.4,score_momo
2024-08-26,-0.029656859165362627,0.4,score_momo
2024-08-27,-0.03921183853491814,0.4,score_momo
2024-08-28,-0.0326942719379187,0.4,score_momo
2024-08-29,-0.0384750440274723,0.4,score_momo
2024-08-30,-0.04360783476430141,0.2,score_momo
2024-09-03,-0.02914071529250284,0.2,score_momo
2024-09-04,-0.015836156990534377,0.2,score_momo
2024-09-05,0.0158244923402344,0.8,score_momo
2024-09-06,0.019752797526189813,0.8,score_momo
2024-09-09,0.025975802677786007,1.0,score_momo
2024-09-10,0.02212150326379898,0.8,score_momo
2024-09-11,0.017854352464873456,1.0,score_momo
2024-09-12,0.004030433533251254,0.6,score_momo
2024-09-13,-0.0007708695093407103,0.6,score_momo
2024-09-16,-0.0044599452538637285,0.2,score_momo
2024-09-17,-0.012231226782354021,0.4,score_momo
2024-09-18,-0.001025514574720421,0.6,score_momo
2024-09-19,0.01973704069080995,0.6,score_momo
2024-09-20,0.017561598029348823,0.6,score_momo
2024-09-23,-0.013132963807329067,0.4,score_momo
2024-09-24,-0.005812570796332528,0.4,score_momo
2024-09-25,-0.008599218945447951,0.4,score_momo
2024-09-26,-0.04038462277087025,0.2,score_momo
2024-09-27,-0.000428047372364837,0.6,score_momo
2024-09-30,0.013691996529118455,0.8,score_momo
2024-10-01,0.0023283595325840124,0.6,score_momo
2024-10-02,0.042245483222034697,1.0,score_momo
2024-10-03,0.03674011548056488,0.8,score_momo
2024-10-04,0.028866096416811527,1.0,score_momo
2024-10-07,0.03209687854527175,0.8,score_momo
2024-10-08,-0.00911905766422012,0.4,score_momo
2024-10-09,-0.0032093940893548776,0.6,score_momo
2024-10-10,-0.004129578771250508,0.4,score_momo
2024-10-11,0.006595386702718841,0.6,score_momo
2024-10-14,-0.0032939632863865365,0.2,score_momo
2024-10-15,0.011233082185843846,0.4,score_momo
2024-10-16,-0.007904951852317566,0.2,score_momo
2024-10-17,-0.01825403997716384,0.2,score_momo
2024-10-18,-0.024050218342869932,0.2,score_momo
2024-10-21,-0.026916728662254207,0.2,score_momo
2024-10-22,-0.022049538469111195,0.2,score_momo
2024-10-23,-0.022164301474680716,0.2,score_momo
2024-10-24,-0.028210861875994264,0.0,score_momo
2024-10-25,-0.009917313636722103,0.4,score_momo
2024-10-28,-0.02075065793593971,0.2,score_momo
2024-10-29,-0.006157324219610194,0.2,score_momo
2024-10-30,0.06665749898571645,1.0,score_momo
2024-10-31,0.07834480180592931,1.0,score_momo
2024-11-01,0.07716487677685882,1.0,score_momo
2024-11-04,0.0607446879452143,1.0,score_momo
2024-11-05,0.06545797319170102,1.0,score_momo
2024-11-06,0.003663055887639688,0.6,score_momo
2024-11-07,-0.0037787235958596675,0.6,score_momo
2024-11-08,-0.014814545263918833,0.6,score_momo
2024-11-11,-0.015540449705764492,0.4,score_momo
2024-11-12,-0.018723798234579127,0.2,score_momo
2024-11-13,-0.03161220033477563,0.0,score_momo
2024-11-14,-0.0018003301339611477,0.6,score_momo
2024-11-15,0.01163201919316017,0.8,score_momo
2024-11-18,0.02486620060719793,1.0,score_momo
2024-11-19,0.03154205883323018,0.8,score_momo
2024-11-20,0.01639013308439432,0.8,score_momo
2024-11-21,0.0056775432163513,0.6,score_momo
2024-11-22,-0.005395384712081208,0.4,score_momo
2024-11-25,-0.009257095786934833,0.2,score_momo
2024-11-26,0.007613462561830753,0.4,score_momo
2024-11-27,0.018816827229659737,0.4,score_momo
2024-11-29,0.016507923369306888,0.4,score_momo
2024-12-02,0.0044501042953797535,0.4,score_momo
2024-12-03,-0.007994560439629362,0.2,score_momo
2024-12-04,-0.015008426991263323,0.2,score_momo
2024-12-05,-0.014944494525544628,0.0,score_momo
2024-12-06,-0.018769175503375757,0.2,score_momo
2024-12-09,0.010601883167972637,0.8,score_momo
2024-12-10,0.01978221342434048,0.8,score_momo
2024-12-11,-0.007826732643061395,0.4,score_momo
2024-12-12,-0.0022407133425532467,0.4,score_momo
2024-12-13,0.0012413321286810941,0.4,score_momo
2024-12-16,-0.014149520247683234,0.4,score_momo
2024-12-17,-0.0005253700067102907,0.4,score_momo
2024-12-18,0.02642099512078404,0.8,score_momo
2024-12-19,0.00251266182826444,0.6,score_momo
2024-12-20,-0.0149334332499786,0.0,score_momo
2024-12-23,-0.016677360337291634,0.0,score_momo
2024-12-24,-0.042385617559900335,0.0,score_momo
2024-12-26,-0.03670830741064066,0.0,score_momo
2024-12-27,-0.021762012901197857,0.2,score_momo
2024-12-30,-0.019364469117328677,0.2,score_momo
2024-12-31,-0.01621036021045865,0.2,score_momo
2025-01-02,-0.01875628952951003,0.2,score_momo
2025-01-03,-0.02076000093645187,0.2,score_momo
2025-01-06,-0.04879934363315279,0.0,score_momo
2025-01-07,0.0064266855137696585,0.6,score_momo
2025-01-08,0.002956374892328384,0.6,score_momo
2025-01-10,0.037715946786584034,0.8,score_momo
2025-01-13,0.016481912038740276,0.6,score_momo
2025-01-14,0.02807547679569795,0.6,score_momo
2025-01-15,0.042717271595912674,0.8,score_momo
2025-01-16,0.024877807501000437,0.6,score_momo
2025-01-17,-0.010882769786395352,0.6,score_momo
2025-01-21,-0.008440784122072786,0.6,score_momo
2025-01-22,-0.0435241030908204,0.6,score_momo
2025-01-23,-0.01989778198955545,0.6,score_momo
2025-01-24,-0.019392743502598786,0.6,score_momo
2025-01-27,-0.028482452765476098,0.2,score_momo
2025-01-28,-0.018517062562390142,0.4,score_momo
2025-01-29,-0.014332683544032943,0.6,score_momo
2025-01-30,-0.001747091005111101,0.4,score_momo
2025-01-31,0.011602866263277733,0.6,score_momo
2025-02-03,0.003833597583719528,0.6,score_momo
2025-02-04,0.002360033177170129,0.6,score_momo
2025-02-05,-0.0032552442385830327,0.6,score_momo
2025-02-06,0.0008531593219052392,0.4,score_momo
2025-02-07,0.01073574063590479,0.8,score_momo
2025-02-10,0.02650277701809132,0.8,score_momo
2025-02-11,0.02267168263064647,1.0,score_momo
2025-02-12,0.024099114815905674,0.4,score_momo
2025-02-13,-0.010321274284582982,0.6,score_momo
2025-02-14,-0.011043003589647915,0.6,score_momo
2025-02-18,-0.04344351498421104,0.2,score_momo
2025-02-19,-0.04012372249002265,0.2,score_momo
2025-02-20,-0.031189662013914866,0.4,score_momo
2025-02-21,-0.016144579191204468,0.2,score_momo
2025-02-24,-0.019644304374732923,0.4,score_momo
2025-02-25,-0.025550482695618437,0.0,score_momo
2025-02-26,-0.034365217156314506,0.2,score_momo
2025-02-27,-0.01800878546814575,0.4,score_momo
2025-02-28,-0.0012589915851584088,0.8,score_momo
2025-03-03,-0.01791696889702763,0.4,score_momo
2025-03-04,-0.00831942341747569,0.8,score_momo
2025-03-05,-0.01080220425893239,0.0,score_momo
2025-03-06,0.01197955946182241,0.2,score_momo
2025-03-07,-0.05281768381820071,0.0,score_momo
2025-03-10,-0.029728772045676054,0.0,score_momo
2025-03-11,0.0017150160355469345,0.4,score_momo
2025-03-12,0.013464614437206368,0.8,score_momo
2025-03-13,0.005269325127838708,1.0,score_momo
2025-03-14,-0.002758949142628686,0.6,score_momo
2025-03-17,-0.02082869902047737,0.2,score_momo
2025-03-18,-0.016168764523046764,0.2,score_momo
2025-03-19,-0.007539307079429736,0.6,score_momo
2025-03-20,-0.004685331878028287,0.8,score_momo
2025-03-21,-0.01039762417822232,0.4,score_momo
2025-03-24,-0.004310622212767279,0.6,score_momo
2025-03-25,-0.014568908582717376,0.6,score_momo
2025-03-26,-0.01579068757194202,0.4,score_momo
2025-03-27,-0.03128394467027549,0.6,score_momo
2025-03-28,-0.05189893181159697,0.2,score_momo
2025-03-31,-0.07549605518773612,0.2,score_momo
2025-04-01,-0.09557797031850687,0.2,score_momo
2025-04-02,-0.024966138977023287,0.2,score_momo
2025-04-03,-0.034849038307031566,0.2,score_momo
2025-04-04,0.03387621012465751,0.6,score_momo
2025-04-07,0.0800630334801257,1.0,score_momo
2025-04-08,0.05547727389607684,1.0,score_momo
2025-04-09,-0.029262188652118094,0.4,score_momo
2025-04-10,-0.0313505401949715,0.8,score_momo
2025-04-11,-0.062053105183648774,0.2,score_momo
2025-04-14,-0.053318575687347235,0.6,score_momo
2025-04-15,-0.042075607799295554,0.8,score_momo
2025-04-16,-0.04148692315318823,0.6,score_momo
2025-04-17,-0.016416433035834798,0.4,score_momo
2025-04-21,0.009700191379973489,0.6,score_momo
2025-04-22,-0.009154533048743141,0.4,score_momo
2025-04-23,0.003596436506861633,0.6,score_momo
2025-04-24,0.017181856364516725,0.4,score_momo
2025-04-25,0.032410957754024715,0.6,score_momo
2025-04-28,0.035271306679773205,0.6,score_momo
2025-04-29,0.029225388065113635,0.8,score_momo
2025-04-30,0.025370625190206254,0.8,score_momo
2025-05-01,0.025905023710979004,0.8,score_momo
2025-05-02,0.016889120165624272,0.8,score_momo
2025-05-05,0.03581589315718905,0.8,score_momo
2025-05-06,0.06004840181578595,0.8,score_momo
2025-05-07,0.07813245445634405,0.8,score_momo
2025-05-08,0.05857234024005846,1.0,score_momo
2025-05-09,0.06147152086018855,1.0,score_momo
2025-05-12,0.02389118156868144,1.0,score_momo
2025-05-13,0.0010500674358950412,0.6,score_momo
2025-05-14,-0.021119808468991107,0.0,score_momo
2025-05-15,-0.012628085089408669,0.2,score_momo
2025-05-16,-0.024378227421148056,0.0,score_momo
2025-05-19,-0.004555960874880483,0.2,score_momo
2025-05-20,-0.007150946602168373,0.2,score_momo
2025-05-21,0.027048931709724933,1.0,score_momo
2025-05-22,0.013697401820515953,1.0,score_momo
2025-05-23,0.030152069398160418,1.0,score_momo
2025-05-27,0.010713046088180711,0.8,score_momo
2025-05-28,0.013802411803176562,0.6,score_momo
2025-05-29,0.005182453379933727,0.8,score_momo
2025-05-30,0.023416414539161233,1.0,score_momo
2025-06-02,0.034572909072815114,1.0,score_momo
2025-06-03,0.03144713717872709,1.0,score_momo
2025-06-04,0.020659782881244038,1.0,score_momo
2025-06-05,0.024396078328000746,0.8,score_momo
2025-06-06,-0.01483690876774324,0.4,score_momo
2025-06-09,-0.011202545467052016,0.4,score_momo
2025-06-10,-0.009647376394301865,0.6,score_momo
2025-06-11,-0.009894215259992322,0.6,score_momo
2025-06-12,-0.013397934107896714,0.2,score_momo
2025-06-13,-0.016572209274849415,0.2,score_momo
2025-06-16,0.014596316596906078,0.6,score_momo
2025-06-17,0.011798812889683718,0.6,score_momo
2025-06-18,0.027488321700377495,0.8,score_momo
2025-06-20,0.04145352669471769,0.8,score_momo
2025-06-23,0.04156192910621346,0.8,score_momo
2025-06-24,0.022388083337638774,0.8,score_momo
2025-06-25,0.017914810622662626,0.6,score_momo
2025-06-26,0.021162890533273936,0.8,score_momo
2025-06-27,0.014741915058384625,0.8,score_momo
2025-06-30,0.015360771102869953,0.6,score_momo
2025-07-01,0.021029178782159662,0.8,score_momo
2025-07-02,0.004546701281118759,0.4,score_momo
2025-07-03,-0.010140643131350168,0.4,score_momo
2025-07-07,0.001894790525448431,0.6,score_momo
2025-07-08,0.009222815092840463,0.6,score_momo
2025-07-09,0.00889714250472382,0.6,score_momo
2025-07-10,0.004215361051188871,0.4,score_momo
2025-07-11,0.010602976261719178,0.6,score_momo
2025-07-14,0.012850605098696422,0.6,score_momo
2025-07-15,0.006018530448568283,0.4,score_momo
2025-07-16,0.025252916759744372,0.8,score_momo
2025-07-17,0.017033442966836267,1.0,score_momo
2025-07-18,0.030534502027288246,1.0,score_momo
2025-07-21,0.015524750034435809,0.8,score_momo
2025-07-22,0.022231908064457895,0.8,score_momo
2025-07-23,0.0037629717437449805,0.4,score_momo
2025-07-24,-0.007063960744207076,0.4,score_momo
2025-07-25,-0.017135895685814972,0.2,score_momo
2025-07-28,-0.013230897091707106,0.6,score_momo
2025-07-29,-0.006960780529936516,0.6,score_momo
2025-07-30,-0.0005236820350064564,0.4,score_momo
2025-07-31,-0.012165046836282879,0.4,score_momo
2025-08-01,0.012732627140338692,0.6,score_momo
2025-08-04,-0.011156291954365627,0.6,score_momo
2025-08-05,0.004035483924630956,0.8,score_momo
2025-08-06,-0.005916074503799362,0.4,score_momo
2025-08-07,0.0037639669984495415,0.8,score_momo
2025-08-08,-0.01945537953282648,0.4,score_momo
2025-08-11,0.003491832671321049,0.6,score_momo
2025-08-12,-0.0004486609988358037,0.6,score_momo
2025-08-13,-0.004472422280569344,0.4,score_momo
2025-08-14,-0.0019569721358315027,0.4,score_momo
2025-08-15,0.009555780485532406,0.8,score_momo
2025-08-18,0.0016445762552403042,0.4,score_momo
2025-08-19,-0.012481414633328325,0.2,score_momo
2025-08-20,-0.00842861975877256,0.4,score_momo
2025-08-21,0.006487938470163557,0.4,score_momo
2025-08-22,-0.003470591361542863,0.4,score_momo
2025-08-25,-0.0011025100790359233,0.4,score_momo
2025-08-26,0.010722003012851112,0.8,score_momo
2025-08-27,0.010807205800903974,0.6,score_momo
2025-08-28,0.016442953515329917,0.6,score_momo
2025-08-29,0.015644221740530574,0.8,score_momo
2025-09-02,0.018510844004031735,0.6,score_momo
2025-09-03,0.015062272596829508,0.4,score_momo
2025-09-04,0.024617708298659523,0.4,score_momo
2025-09-05,0.016728918817507977,0.4,score_momo
2025-09-08,0.018347247101760323,0.8,score_momo
2025-09-09,-0.0075660887439101595,0.4,score_momo
2025-09-10,0.007308285523675018,0.6,score_momo
2025-09-11,0.0565162832949049,0.8,score_momo
2025-09-12,0.014053848668327795,0.6,score_momo
2025-09-15,0.03777397882349933,0.8,score_momo
2025-09-16,0.06747682390334346,1.0,score_momo
2025-09-17,0.023200515639269524,0.8,score_momo
2025-09-18,0.02415567495945452,0.4,score_momo
2025-09-19,0.056909773173294556,0.6,score_momo
2025-09-22,0.046617869467908045,0.6,score_momo
2025-09-23,0.03229517027252813,0.6,score_momo
2025-09-24,0.04960044366367415,0.8,score_momo
2025-09-25,0.025533548754889824,0.8,score_momo
2025-09-26,0.01960991699485819,0.8,score_momo
2025-09-29,0.03884639174883455,1.0,score_momo
2025-09-30,0.04597443377921202,1.0,score_momo
2025-10-01,0.03363686912424253,1.0,score_momo
2025-10-02,0.019520890689904348,1.0,score_momo
2025-10-03,-0.0203654781184859,0.0,score_momo
2025-10-06,0.0017352621047014515,0.6,score_momo
2025-10-07,-0.015803804363591367,0.2,score_momo
2025-10-08,6.1729692456768955e-06,0.4,score_momo
2025-10-09,-0.013721454494474483,0.2,score_momo
2025-10-10,0.028921586001915633,1.0,score_momo
2025-10-13,0.01675801016027938,0.8,score_momo
2025-10-14,0.021282965955698098,0.8,score_momo
2025-10-15,-0.0019248879218230152,0.6,score_momo
2025-10-16,0.008629940436797013,0.8,score_momo
2025-10-17,0.024217359981396604,0.6,score_momo
2025-10-20,0.007196292499577694,0.6,score_momo
2025-10-21,0.004368660921166612,0.2,score_momo
2025-10-22,0.03976790635598482,0.4,score_momo
2025-10-23,0.022934359083939836,0.4,score_momo
2025-10-24,0.02393952557117327,0.4,score_momo
2025-10-27,-0.008926716016345981,0.2,score_momo
2025-10-28,-0.022984634209350884,0.2,score_momo
2025-10-29,-0.02803203601638009,0.2,score_momo
2025-10-30,-0.02733126010296898,0.4,score_momo
2025-10-31,-0.025490011107231526,0.4,score_momo
2025-11-03,-0.014765568971588894,0.4,score_momo
2025-11-04,-0.0007585564609466688,0.4,score_momo
2025-11-05,0.013954983988709379,0.8,score_momo
2025-11-06,-0.007312896719158446,0.2,score_momo
2025-11-07,-0.014466137975033887,0.2,score_momo
2025-11-10,-0.04402570526821459,0.0,score_momo
2025-11-11,-0.061499225923492974,0.0,score_momo
2025-11-12,-0.058355417393470874,0.0,score_momo
2025-11-13,-0.03635252070709392,0.2,score_momo
2025-11-14,-0.0038408745957379197,0.6,score_momo
2025-11-17,0.016112176195441096,0.6,score_momo
2025-11-18,0.03509067622685691,0.8,score_momo
2025-11-19,0.0356738886394687,0.8,score_momo
2025-11-20,0.03373125625875693,1.0,score_momo
2025-11-21,0.0075008672103134,0.6,score_momo
2025-11-24,0.008874466561556726,0.6,score_momo
2025-11-25,-0.0016056686280035092,0.4,score_momo
2025-11-26,-0.022193931798098053,0.2,score_momo
2025-11-28,-0.02295566731313343,0.2,score_momo
2025-12-01,-0.016677848553465546,0.2,score_momo
2025-12-02,-0.028949518801530072,0.2,score_momo
2025-12-03,-0.015617135692416118,0.4,score_momo
2025-12-04,0.015020355233265125,0.8,score_momo
2025-12-05,-0.012623195811807042,0.6,score_momo
2025-12-08,0.008300248540998024,0.6,score_momo
2025-12-09,-0.005551099092217493,0.6,score_momo
2025-12-10,-0.03197563345901977,0.2,score_momo
2025-12-11,-0.02615524407327783,0.2,score_momo
2025-12-12,-0.0167101282715169,0.2,score_momo
2025-12-15,-0.0034587961932780907,0.4,score_momo
2025-12-16,0.014551922077663515,0.8,score_momo
2025-12-17,0.022789138697348953,0.8,score_momo
2025-12-18,0.0188083572026861,0.8,score_momo
2025-12-19,0.006141165587588438,0.4,score_momo
2025-12-22,-0.004450829250576871,0.6,score_momo
2025-12-23,-0.004969450045532087,0.6,score_momo
2025-12-24,-0.006021212071312276,0.4,score_momo
2025-12-26,0.01718649112772732,0.8,score_momo
2025-12-29,0.022900658921772843,0.6,score_momo
2025-12-30,0.0197579241242573,0.8,score_momo
2025-12-31,0.02041729250123563,0.8,score_momo
2026-01-02,0.019289813096375053,0.8,score_momo
2026-01-05,0.0004469642890187364,0.4,score_momo
2026-01-06,-0.011322813400724297,0.2,score_momo
2026-01-07,-0.011058552399591793,0.4,score_momo
2026-01-08,0.008366539646812466,0.4,score_momo
2026-01-09,0.013634784332263106,0.6,score_momo
2026-01-12,0.03841725401063458,1.0,score_momo
2026-01-13,0.0511608763604845,1.0,score_momo
2026-01-14,0.029276972174043948,0.6,score_momo
2026-01-15,-0.02592405449598405,0.4,score_momo
2026-01-16,-0.0265979388204568,0.4,score_momo
2026-01-20,-0.017743028802185166,0.4,score_momo
2026-01-21,-0.02861674970430945,0.2,score_momo
2026-01-22,-0.03398056998355055,0.4,score_momo
2026-01-23,-0.017649402602664566,0.4,score_momo
2026-01-26,0.026575406229941968,0.6,score_momo
2026-01-27,0.05460653151452934,0.8,score_momo
2026-01-28,0.0402568228670245,0.6,score_momo
2026-01-29,0.026653155113707916,0.8,score_momo
2026-01-30,0.06391211057373022,1.0,score_momo
2026-02-02,0.048163602380688265,1.0,score_momo
2026-02-03,0.022824806991130854,0.8,score_momo
2026-02-04,0.023824952041477165,0.8,score_momo
2026-02-05,0.023199705045212717,1.0,score_momo
2026-02-06,0.007728943617988082,0.8,score_momo
