Date,avg_fwd_r5,hit_rate,strategy
2016-01-08,-0.028439887068489635,0.0,score_meanrev
2016-01-11,-0.02942054076410805,0.2,score_meanrev
2016-01-12,-0.06119867957678762,0.0,score_meanrev
2016-01-13,-0.028169318170546485,0.0,score_meanrev
2016-01-14,-0.0029413761496334566,0.4,score_meanrev
2016-01-15,0.02025679307151098,0.8,score_meanrev
2016-01-19,0.02174450666513339,1.0,score_meanrev
2016-01-20,0.015022460951555794,0.6,score_meanrev
2016-01-21,0.008894171410668616,0.6,score_meanrev
2016-01-22,0.01651278022040701,0.8,score_meanrev
2016-01-25,0.02857736550234029,0.8,score_meanrev
2016-01-26,-0.018110702766670216,0.4,score_meanrev
2016-01-27,0.00839278783718862,0.6,score_meanrev
2016-01-28,0.03926188982164094,1.0,score_meanrev
2016-01-29,-0.05796143638744984,0.4,score_meanrev
2016-02-01,-0.08497405270394583,0.0,score_meanrev
2016-02-02,-0.04583902746742907,0.4,score_meanrev
2016-02-03,-0.06774699046497304,0.0,score_meanrev
2016-02-04,-0.04435024889281334,0.2,score_meanrev
2016-02-05,0.007542956868664708,0.6,score_meanrev
2016-02-08,0.06787636273697961,1.0,score_meanrev
2016-02-09,0.07576002733549107,1.0,score_meanrev
2016-02-10,0.041352445571835796,1.0,score_meanrev
2016-02-11,0.0747740583850757,1.0,score_meanrev
2016-02-12,0.06543171271374307,1.0,score_meanrev
2016-02-16,0.027525690632013333,1.0,score_meanrev
2016-02-17,0.005270542424188363,0.6,score_meanrev
2016-02-18,0.014581797316155654,0.8,score_meanrev
2016-02-19,0.01402985183822263,0.8,score_meanrev
2016-02-22,-0.018148740585799582,0.2,score_meanrev
2016-02-23,0.044393817439562964,1.0,score_meanrev
2016-02-24,0.03775610291035632,1.0,score_meanrev
2016-02-25,0.028589103400390004,1.0,score_meanrev
2016-02-26,0.03166423679489187,1.0,score_meanrev
2016-02-29,0.053417797171865324,1.0,score_meanrev
2016-03-01,0.013750899189948495,0.8,score_meanrev
2016-03-02,0.011117898610169008,0.8,score_meanrev
2016-03-03,0.00539497211136839,0.6,score_meanrev
2016-03-04,0.017641923444021757,0.8,score_meanrev
2016-03-07,0.025974697412435455,0.8,score_meanrev
2016-03-08,0.023189907915714025,1.0,score_meanrev
2016-03-09,0.03730405753371433,1.0,score_meanrev
2016-03-10,0.03601212356839452,1.0,score_meanrev
2016-03-11,0.03229209898679288,1.0,score_meanrev
2016-03-14,0.02854728529824757,1.0,score_meanrev
2016-03-15,0.02319601935372173,1.0,score_meanrev
2016-03-16,0.018767628937418613,1.0,score_meanrev
2016-03-17,0.021439611600949825,1.0,score_meanrev
2016-03-18,0.017327713281279643,1.0,score_meanrev
2016-03-21,0.01936395152776662,0.8,score_meanrev
2016-03-22,0.02532797339163504,1.0,score_meanrev
2016-03-23,0.027554857731479476,1.0,score_meanrev
2016-03-24,0.012869472894400703,0.6,score_meanrev
2016-03-28,-0.002044602214639846,0.4,score_meanrev
2016-03-29,-0.013417869184098596,0.2,score_meanrev
2016-03-30,-0.0052823599745852375,0.4,score_meanrev
2016-03-31,-0.011018932841795292,0.4,score_meanrev
2016-04-01,-0.014847724305825682,0.4,score_meanrev
2016-04-04,-0.0036268580081292743,0.6,score_meanrev
2016-04-05,0.010590579167345826,0.6,score_meanrev
2016-04-06,-0.008747832651330101,0.6,score_meanrev
2016-04-07,0.047427860445032666,0.8,score_meanrev
2016-04-08,0.02498539313933381,0.8,score_meanrev
2016-04-11,0.01961074266559275,1.0,score_meanrev
2016-04-12,0.014114453658624671,1.0,score_meanrev
2016-04-13,-0.00551636566899818,0.6,score_meanrev
2016-04-14,-0.018314082425459267,0.2,score_meanrev
2016-04-15,-0.01558876875408135,0.2,score_meanrev
2016-04-18,-0.019821849653351674,0.0,score_meanrev
2016-04-19,-0.006947094423831945,0.4,score_meanrev
2016-04-20,-0.009367636914986321,0.6,score_meanrev
2016-04-21,-0.008612109605169649,0.8,score_meanrev
2016-04-22,-0.028924848805963754,0.4,score_meanrev
2016-04-25,-0.0004905740105733747,0.8,score_meanrev
2016-04-26,0.00044147111627732547,0.8,score_meanrev
2016-04-27,0.0056619257922431165,0.4,score_meanrev
2016-04-28,0.013754031318904781,0.4,score_meanrev
2016-04-29,-0.004955357243645042,0.4,score_meanrev
2016-05-02,-0.011501823532378075,0.2,score_meanrev
2016-05-03,0.009565375541225296,0.6,score_meanrev
2016-05-04,0.006757137197059238,0.8,score_meanrev
2016-05-05,0.0014205550459710724,0.6,score_meanrev
2016-05-06,-0.013642668501106181,0.2,score_meanrev
2016-05-09,0.00921994639068271,0.6,score_meanrev
2016-05-10,-0.013513534926845327,0.2,score_meanrev
2016-05-11,-0.018678884412236307,0.0,score_meanrev
2016-05-12,-0.00754112148488435,0.4,score_meanrev
2016-05-13,0.006383245152061301,0.4,score_meanrev
2016-05-16,-0.006708131771388626,0.2,score_meanrev
2016-05-17,0.009434903805802475,0.4,score_meanrev
2016-05-18,0.023910246360858967,0.6,score_meanrev
2016-05-19,0.00590058902470787,0.8,score_meanrev
2016-05-20,0.016345086007018318,1.0,score_meanrev
2016-05-23,0.007630945728136407,0.6,score_meanrev
2016-05-24,0.00017139123305185411,0.6,score_meanrev
2016-05-25,0.0007238915016872571,0.6,score_meanrev
2016-05-26,-0.009218645656482848,0.4,score_meanrev
2016-05-27,-0.0029040833253913155,0.4,score_meanrev
2016-05-31,-0.002231005464914504,0.2,score_meanrev
2016-06-01,-0.0033535812540423484,0.4,score_meanrev
2016-06-02,0.02046941478579618,1.0,score_meanrev
2016-06-03,-0.002109072126469469,0.6,score_meanrev
2016-06-06,-0.003921139264097651,0.4,score_meanrev
2016-06-07,-0.02298969466385763,0.4,score_meanrev
2016-06-08,-0.018908917405820146,0.4,score_meanrev
2016-06-09,-0.026694542924427567,0.0,score_meanrev
2016-06-10,-0.012679432992107099,0.2,score_meanrev
2016-06-13,-0.006672691501415496,0.2,score_meanrev
2016-06-14,0.01920419491384,1.0,score_meanrev
2016-06-15,0.0041701978087946845,0.8,score_meanrev
2016-06-16,0.02152884147849916,0.8,score_meanrev
2016-06-17,-0.018488656359776857,0.2,score_meanrev
2016-06-20,-0.05599414182130087,0.0,score_meanrev
2016-06-21,-0.01593271070264588,0.2,score_meanrev
2016-06-22,-0.006392527631718936,0.4,score_meanrev
2016-06-23,-0.013535921447517007,0.2,score_meanrev
2016-06-24,0.028021897974037913,1.0,score_meanrev
2016-06-27,0.030901814977727527,0.8,score_meanrev
2016-06-28,0.012519042998045071,0.8,score_meanrev
2016-06-29,-3.0482142689214343e-05,0.8,score_meanrev
2016-06-30,0.012335380493843862,0.8,score_meanrev
2016-07-01,0.03547014115083846,0.8,score_meanrev
2016-07-05,0.04108984003528708,1.0,score_meanrev
2016-07-06,0.05587745373406139,1.0,score_meanrev
2016-07-07,0.04391542952923895,1.0,score_meanrev
2016-07-08,0.009522061369137757,0.8,score_meanrev
2016-07-11,0.007110827270994569,0.6,score_meanrev
2016-07-12,0.004255771726462587,0.8,score_meanrev
2016-07-13,0.000435882419816358,0.6,score_meanrev
2016-07-14,0.004780966244160379,0.6,score_meanrev
2016-07-15,0.009807690216054921,0.8,score_meanrev
2016-07-18,0.0021500688473444552,0.6,score_meanrev
2016-07-19,-0.006554760343044008,0.4,score_meanrev
2016-07-20,-0.01583765992751951,0.0,score_meanrev
2016-07-21,-0.0040282783659172814,0.4,score_meanrev
2016-07-22,-0.008824997444650595,0.2,score_meanrev
2016-07-25,0.005596224256665705,0.4,score_meanrev
2016-07-26,-0.015635584789974732,0.2,score_meanrev
2016-07-27,-0.003953072441382255,0.6,score_meanrev
2016-07-28,-0.007320232520047365,0.2,score_meanrev
2016-07-29,-0.0029135410458634103,0.4,score_meanrev
2016-08-01,0.003363963167810491,0.6,score_meanrev
2016-08-02,0.012433772542777199,0.6,score_meanrev
2016-08-03,0.02128925715720211,0.8,score_meanrev
2016-08-04,0.005160289470676549,0.6,score_meanrev
2016-08-05,0.0032619307356849927,0.6,score_meanrev
2016-08-08,0.0013760408089004584,0.6,score_meanrev
2016-08-09,-0.00787254860567237,0.4,score_meanrev
2016-08-10,-0.0014121302186373753,0.4,score_meanrev
2016-08-11,-0.008453808978089339,0.2,score_meanrev
2016-08-12,-0.0021538591435793287,0.6,score_meanrev
2016-08-15,-0.005946757047078232,0.6,score_meanrev
2016-08-16,-0.0008496809102798597,0.4,score_meanrev
2016-08-17,-0.00849142760782724,0.2,score_meanrev
2016-08-18,0.0024674828901533052,0.4,score_meanrev
2016-08-19,0.001935640929379634,0.2,score_meanrev
2016-08-22,0.007116791646462062,0.4,score_meanrev
2016-08-23,-0.005518664141834373,0.6,score_meanrev
2016-08-24,-0.0035954811046007063,0.6,score_meanrev
2016-08-25,0.004946541197103782,0.6,score_meanrev
2016-08-26,0.0073264362974957645,0.8,score_meanrev
2016-08-29,0.007098946339839407,0.8,score_meanrev
2016-08-30,0.004407617975470446,0.6,score_meanrev
2016-08-31,0.007293080203033475,0.6,score_meanrev
2016-09-01,-0.012605431529601852,0.2,score_meanrev
2016-09-02,-0.015469656892092254,0.2,score_meanrev
2016-09-06,-0.02718963602452549,0.0,score_meanrev
2016-09-07,-0.01839635056465474,0.0,score_meanrev
2016-09-08,-0.01220927926564721,0.2,score_meanrev
2016-09-09,0.005522781036973279,0.6,score_meanrev
2016-09-12,0.0033568099960323617,0.4,score_meanrev
2016-09-13,0.008137860494198911,0.8,score_meanrev
2016-09-14,0.012227359604701204,1.0,score_meanrev
2016-09-15,0.014458872140566115,1.0,score_meanrev
2016-09-16,0.011909434522692974,1.0,score_meanrev
2016-09-19,0.007861029813163034,0.8,score_meanrev
2016-09-20,0.01385443577614578,1.0,score_meanrev
2016-09-21,-0.019542373664681055,0.0,score_meanrev
2016-09-22,-0.02846591301054018,0.2,score_meanrev
2016-09-23,0.010185034999709042,0.8,score_meanrev
2016-09-26,0.006138155380548937,0.6,score_meanrev
2016-09-27,0.003238276978886123,0.4,score_meanrev
2016-09-28,-0.018500163880815147,0.2,score_meanrev
2016-09-29,0.006566748311695103,0.4,score_meanrev
2016-09-30,-0.0066769152754408536,0.2,score_meanrev
2016-10-03,-0.004480042987424082,0.4,score_meanrev
2016-10-04,-0.009980499032796186,0.2,score_meanrev
2016-10-05,0.008503898130655796,0.6,score_meanrev
2016-10-06,-0.013308289713456146,0.2,score_meanrev
2016-10-07,-0.0006101626898711299,0.4,score_meanrev
2016-10-10,-0.00356430075214762,0.6,score_meanrev
2016-10-11,0.02008740016644168,0.8,score_meanrev
2016-10-12,0.008395878115302846,1.0,score_meanrev
2016-10-13,-0.004906959701796954,0.2,score_meanrev
2016-10-14,-0.00034590048323706045,0.2,score_meanrev
2016-10-17,0.01252220472220189,0.6,score_meanrev
2016-10-18,-0.001412581753256137,0.4,score_meanrev
2016-10-19,0.003228658618853775,0.6,score_meanrev
2016-10-20,0.001822884819390369,0.6,score_meanrev
2016-10-21,0.007141249699281671,0.8,score_meanrev
2016-10-24,0.00631025284732214,0.4,score_meanrev
2016-10-25,-0.016860484344502047,0.0,score_meanrev
2016-10-26,-0.020839106920789784,0.0,score_meanrev
2016-10-27,-0.0011462776006280872,0.4,score_meanrev
2016-10-28,-0.012774201833193843,0.2,score_meanrev
2016-10-31,0.012365036144063101,0.8,score_meanrev
2016-11-01,0.012214937215755662,0.8,score_meanrev
2016-11-02,0.03142346129479399,1.0,score_meanrev
2016-11-03,0.023485038254370826,0.4,score_meanrev
2016-11-04,0.06990823276248781,0.6,score_meanrev
2016-11-07,0.02465365289587662,0.4,score_meanrev
2016-11-08,-0.0066056511032337225,0.4,score_meanrev
2016-11-09,0.047906318887863494,0.4,score_meanrev
2016-11-10,0.08158688432448127,1.0,score_meanrev
2016-11-11,0.010275999935569735,0.6,score_meanrev
2016-11-14,0.03494028479766278,0.8,score_meanrev
2016-11-15,0.019126220826324848,0.6,score_meanrev
2016-11-16,-0.01199475555541043,0.0,score_meanrev
2016-11-17,0.006895501501417845,0.6,score_meanrev
2016-11-18,0.00452703147994542,0.4,score_meanrev
2016-11-21,0.009113466844940455,0.4,score_meanrev
2016-11-22,-0.003989645905046735,0.2,score_meanrev
2016-11-23,-0.010030169796732612,0.0,score_meanrev
2016-11-25,-0.036942221922037596,0.0,score_meanrev
2016-11-28,-0.014660761568097124,0.2,score_meanrev
2016-11-29,-0.015165446627408041,0.2,score_meanrev
2016-11-30,0.020453573339253593,0.8,score_meanrev
2016-12-01,0.05422441834371723,1.0,score_meanrev
2016-12-02,0.039427633862517686,1.0,score_meanrev
2016-12-05,0.03553321764420323,1.0,score_meanrev
2016-12-06,0.030293726958754562,1.0,score_meanrev
2016-12-07,0.014216595084007678,0.8,score_meanrev
2016-12-08,0.016435806145557286,0.8,score_meanrev
2016-12-09,0.011565479216339724,0.8,score_meanrev
2016-12-12,0.023778797693865594,0.6,score_meanrev
2016-12-13,0.025695665433176296,0.4,score_meanrev
2016-12-14,0.005380743560283685,1.0,score_meanrev
2016-12-15,0.0043189239578236725,0.4,score_meanrev
2016-12-16,0.011270482547910365,1.0,score_meanrev
2016-12-19,0.0018773201362311865,0.6,score_meanrev
2016-12-20,-0.010128901168513726,0.0,score_meanrev
2016-12-21,-0.009995922056168772,0.2,score_meanrev
2016-12-22,-0.00526507808187231,0.2,score_meanrev
2016-12-23,-0.0009506216394625788,0.6,score_meanrev
2016-12-27,-0.005150833857256121,0.2,score_meanrev
2016-12-28,0.0010298064817293672,0.4,score_meanrev
2016-12-29,0.02247424450467337,0.8,score_meanrev
2016-12-30,0.013784827029719993,0.8,score_meanrev
2017-01-03,0.007019611747823573,0.6,score_meanrev
2017-01-04,0.002792830976074612,0.8,score_meanrev
2017-01-05,0.0037159624577051352,0.6,score_meanrev
2017-01-06,-0.0042955991695366345,0.4,score_meanrev
2017-01-09,0.0050677078529198115,0.8,score_meanrev
2017-01-10,0.005474549266479567,0.8,score_meanrev
2017-01-11,0.0023000720918153307,0.6,score_meanrev
2017-01-12,0.007425916909412323,0.6,score_meanrev
2017-01-13,0.00654670185968449,0.4,score_meanrev
2017-01-17,0.007655291096581274,0.4,score_meanrev
2017-01-18,0.018033856235132473,0.8,score_meanrev
2017-01-19,0.024786604586761074,1.0,score_meanrev
2017-01-20,0.009685403204868947,0.6,score_meanrev
2017-01-23,0.011341766182343106,0.8,score_meanrev
2017-01-24,-0.002517099045553195,0.4,score_meanrev
2017-01-25,-0.010442515695380395,0.2,score_meanrev
2017-01-26,-0.0033685746889105194,0.4,score_meanrev
2017-01-27,0.0078771268575494,0.6,score_meanrev
2017-01-30,0.008186498232648299,0.6,score_meanrev
2017-01-31,0.0030514308526785605,0.6,score_meanrev
2017-02-01,0.007155843631013603,0.6,score_meanrev
2017-02-02,0.0167627454523549,1.0,score_meanrev
2017-02-03,0.007050920491504709,0.8,score_meanrev
2017-02-06,0.02202331517356306,0.8,score_meanrev
2017-02-07,0.020477109187010577,1.0,score_meanrev
2017-02-08,0.024078107399455838,0.8,score_meanrev
2017-02-09,0.0014450861891815991,0.8,score_meanrev
2017-02-10,-0.004022751779259504,0.6,score_meanrev
2017-02-13,0.015971266075641432,1.0,score_meanrev
2017-02-14,0.018981549919676245,1.0,score_meanrev
2017-02-15,-0.0023374570044264907,0.6,score_meanrev
2017-02-16,0.009620686118087796,0.6,score_meanrev
2017-02-17,0.0059268111370438525,0.6,score_meanrev
2017-02-21,0.002381905714853416,0.4,score_meanrev
2017-02-22,0.021812990658745025,1.0,score_meanrev
2017-02-23,0.006119962011320879,0.6,score_meanrev
2017-02-24,0.010286599115912653,0.6,score_meanrev
2017-02-27,-0.013097006933598453,0.6,score_meanrev
2017-02-28,-0.0061017971713244416,0.4,score_meanrev
2017-03-01,-0.014360916255819122,0.0,score_meanrev
2017-03-02,-0.009187229067307378,0.2,score_meanrev
2017-03-03,-0.0017607294240870486,0.6,score_meanrev
2017-03-06,-0.00021186430018014236,0.4,score_meanrev
2017-03-07,-0.0012602111885133827,0.6,score_meanrev
2017-03-08,0.003454719626665459,0.8,score_meanrev
2017-03-09,0.005079090449964174,0.8,score_meanrev
2017-03-10,-0.006197451952769861,0.4,score_meanrev
2017-03-13,-0.0029702277609805483,0.2,score_meanrev
2017-03-14,-0.0035895160938798744,0.4,score_meanrev
2017-03-15,-0.018010784133731295,0.2,score_meanrev
2017-03-16,-0.016239635667448283,0.4,score_meanrev
2017-03-17,-0.01710644796383718,0.2,score_meanrev
2017-03-20,-0.02708563878552328,0.0,score_meanrev
2017-03-21,0.006336807128943156,0.8,score_meanrev
2017-03-22,0.003239285963690741,0.4,score_meanrev
2017-03-23,0.003254127880315516,0.4,score_meanrev
2017-03-24,0.0009079200798493448,0.6,score_meanrev
2017-03-27,0.0023018858742781755,0.6,score_meanrev
2017-03-28,-0.00762094374284541,0.2,score_meanrev
2017-03-29,-0.00204786011786211,0.4,score_meanrev
2017-03-30,-0.0061190492074394195,0.4,score_meanrev
2017-03-31,-0.003674500581621265,0.4,score_meanrev
2017-04-03,-0.022746458488389944,0.2,score_meanrev
2017-04-04,-0.012512105998699053,0.0,score_meanrev
2017-04-05,-0.008108122396935414,0.2,score_meanrev
2017-04-06,-0.026850802860288913,0.0,score_meanrev
2017-04-07,-0.009096333109483101,0.0,score_meanrev
2017-04-10,-0.0028661472049178903,0.2,score_meanrev
2017-04-11,-0.016176183052025818,0.2,score_meanrev
2017-04-12,0.0043407022728378705,0.8,score_meanrev
2017-04-13,0.023435804965111197,0.8,score_meanrev
2017-04-17,0.026348858882915625,0.8,score_meanrev
2017-04-18,0.048896424943688066,1.0,score_meanrev
2017-04-19,0.04031655450036553,0.8,score_meanrev
2017-04-20,0.014380323853254672,0.8,score_meanrev
2017-04-21,0.0005137441989141011,0.4,score_meanrev
2017-04-24,-0.0110997192973314,0.4,score_meanrev
2017-04-25,-0.013463477952484126,0.2,score_meanrev
2017-04-26,-0.009200468949892326,0.2,score_meanrev
2017-04-27,-0.008380931472150244,0.2,score_meanrev
2017-04-28,-0.0024129333528453588,0.4,score_meanrev
2017-05-01,-0.006720364840373505,0.4,score_meanrev
2017-05-02,-0.0016881615104072712,0.6,score_meanrev
2017-05-03,-0.005157218439840361,0.4,score_meanrev
2017-05-04,-0.007631266702978245,0.2,score_meanrev
2017-05-05,-0.007786498985366141,0.4,score_meanrev
2017-05-08,0.059941761305082907,0.4,score_meanrev
2017-05-09,0.0014579886512393393,0.6,score_meanrev
2017-05-10,-0.013276876255266057,0.2,score_meanrev
2017-05-11,-0.022669995456310498,0.2,score_meanrev
2017-05-12,-0.01672355881431673,0.2,score_meanrev
2017-05-15,0.0035772809389376325,0.8,score_meanrev
2017-05-16,0.014335392153979054,0.6,score_meanrev
2017-05-17,0.019246921298247475,1.0,score_meanrev
2017-05-18,0.018294426155927423,1.0,score_meanrev
2017-05-19,0.008768688314770179,1.0,score_meanrev
2017-05-22,0.0074577322862975585,0.8,score_meanrev
2017-05-23,-0.01582500922152743,0.2,score_meanrev
2017-05-24,0.01018168535597339,1.0,score_meanrev
2017-05-25,0.004263425368404916,0.6,score_meanrev
2017-05-26,0.008225711213355514,0.6,score_meanrev
2017-05-30,0.0013978710792487137,0.8,score_meanrev
2017-05-31,0.014430692780456411,1.0,score_meanrev
2017-06-01,0.01187786437636158,0.8,score_meanrev
2017-06-02,0.025016384666028114,0.8,score_meanrev
2017-06-05,0.029554695032247613,1.0,score_meanrev
2017-06-06,0.028358540023619216,1.0,score_meanrev
2017-06-07,0.011551286847177522,0.8,score_meanrev
2017-06-08,0.01209864298168486,0.6,score_meanrev
2017-06-09,-0.012662377019032677,0.2,score_meanrev
2017-06-12,0.017676573647781524,1.0,score_meanrev
2017-06-13,-0.0014791538449275387,0.4,score_meanrev
2017-06-14,0.008128750551278107,0.8,score_meanrev
2017-06-15,0.018786362028830307,1.0,score_meanrev
2017-06-16,0.02491679357804837,0.8,score_meanrev
2017-06-19,0.0087374924507299,0.6,score_meanrev
2017-06-20,0.0005200619508098026,0.6,score_meanrev
2017-06-21,-0.0014736268839093292,0.4,score_meanrev
2017-06-22,-0.001808343008918012,0.6,score_meanrev
2017-06-23,0.0020729501928206774,0.4,score_meanrev
2017-06-26,0.015412340675963998,0.8,score_meanrev
2017-06-27,0.0009136391276797218,0.6,score_meanrev
2017-06-28,-0.022258980502923388,0.0,score_meanrev
2017-06-29,0.0059825220244783765,0.8,score_meanrev
2017-06-30,0.009881888499657076,0.6,score_meanrev
2017-07-03,0.04078317166405256,0.8,score_meanrev
2017-07-05,-0.0030936494385986222,0.4,score_meanrev
2017-07-06,0.019036159608386338,1.0,score_meanrev
2017-07-07,0.008149879906557711,0.8,score_meanrev
2017-07-10,0.0159070240199612,0.8,score_meanrev
2017-07-11,0.014690262823350907,1.0,score_meanrev
2017-07-12,0.007618145450062874,0.6,score_meanrev
2017-07-13,0.012565234916028123,0.6,score_meanrev
2017-07-14,0.0030823707516759004,0.4,score_meanrev
2017-07-17,0.004125952705583158,0.4,score_meanrev
2017-07-18,0.028877869019236502,0.8,score_meanrev
2017-07-19,0.012022360065915772,0.6,score_meanrev
2017-07-20,0.010612208662425782,0.6,score_meanrev
2017-07-21,0.01622156831994983,0.8,score_meanrev
2017-07-24,0.007613849232108461,0.6,score_meanrev
2017-07-25,0.012350713530248792,0.8,score_meanrev
2017-07-26,0.017509150089238857,0.8,score_meanrev
2017-07-27,0.01887258165644805,0.8,score_meanrev
2017-07-28,0.01316518098321644,0.8,score_meanrev
2017-07-31,0.023909653736689296,0.8,score_meanrev
2017-08-01,0.013941634926514079,0.8,score_meanrev
2017-08-02,0.006334998103592127,0.6,score_meanrev
2017-08-03,-0.009876057834803054,0.4,score_meanrev
2017-08-04,-0.012013907564426708,0.4,score_meanrev
2017-08-07,-0.008425726013548162,0.4,score_meanrev
2017-08-08,-0.010164482437941436,0.4,score_meanrev
2017-08-09,0.006962333899863049,0.6,score_meanrev
2017-08-10,0.01559558083642969,1.0,score_meanrev
2017-08-11,-0.0023317356367539067,0.2,score_meanrev
2017-08-14,-0.022480573666670757,0.0,score_meanrev
2017-08-15,-0.006215551821903054,0.2,score_meanrev
2017-08-16,-0.012748300044755911,0.2,score_meanrev
2017-08-17,-0.0123238738111767,0.4,score_meanrev
2017-08-18,0.007498467258068864,0.6,score_meanrev
2017-08-21,0.011186848537587179,0.8,score_meanrev
2017-08-22,-0.0012051298249396102,0.6,score_meanrev
2017-08-23,0.006299194719151369,0.8,score_meanrev
2017-08-24,-0.008714043164013785,0.4,score_meanrev
2017-08-25,-0.004985753897801692,0.4,score_meanrev
2017-08-28,-0.010176283071856983,0.4,score_meanrev
2017-08-29,-0.008331874601707367,0.4,score_meanrev
2017-08-30,-0.003405573788538363,0.6,score_meanrev
2017-08-31,-0.012923483584343653,0.0,score_meanrev
2017-09-01,-0.011852157779268558,0.4,score_meanrev
2017-09-05,0.03180910442189418,0.8,score_meanrev
2017-09-06,0.015284666887916364,0.8,score_meanrev
2017-09-07,0.027335033764597404,1.0,score_meanrev
2017-09-08,0.025896705022870715,1.0,score_meanrev
2017-09-11,0.01913352010795779,0.8,score_meanrev
2017-09-12,0.007905901165785734,0.6,score_meanrev
2017-09-13,-0.0034651471398015722,0.4,score_meanrev
2017-09-14,-0.010144849451053673,0.2,score_meanrev
2017-09-15,-0.0030117319210830385,0.6,score_meanrev
2017-09-18,-0.022877148118339186,0.0,score_meanrev
2017-09-19,-0.01257718772844756,0.2,score_meanrev
2017-09-20,-0.015274349368510132,0.0,score_meanrev
2017-09-21,-0.006561743195467007,0.2,score_meanrev
2017-09-22,0.0029559340404935242,0.6,score_meanrev
2017-09-25,0.017206746374348734,1.0,score_meanrev
2017-09-26,0.017550719442312568,1.0,score_meanrev
2017-09-27,0.019672459554846134,1.0,score_meanrev
2017-09-28,0.017643269376557136,1.0,score_meanrev
2017-09-29,0.01730337855124011,1.0,score_meanrev
2017-10-02,0.006757581381879296,0.6,score_meanrev
2017-10-03,0.0067192008317178645,0.8,score_meanrev
2017-10-04,0.02209808086002374,0.8,score_meanrev
2017-10-05,0.013260375785357903,0.6,score_meanrev
2017-10-06,0.014925425615844312,0.6,score_meanrev
2017-10-09,-0.007581071063096023,0.2,score_meanrev
2017-10-10,0.006873515416205245,0.6,score_meanrev
2017-10-11,0.01658569837353969,0.6,score_meanrev
2017-10-12,0.026035228799712984,1.0,score_meanrev
2017-10-13,0.034604892702794474,1.0,score_meanrev
2017-10-16,0.02002352850415825,1.0,score_meanrev
2017-10-17,0.01591061207027422,0.6,score_meanrev
2017-10-18,0.0056546652726297665,0.8,score_meanrev
2017-10-19,0.010122433097997697,0.8,score_meanrev
2017-10-20,0.03764833921372603,0.8,score_meanrev
2017-10-23,0.04927657633085203,0.8,score_meanrev
2017-10-24,0.04307554055242106,0.6,score_meanrev
2017-10-25,0.04445368546585704,1.0,score_meanrev
2017-10-26,-0.020473297871396557,0.2,score_meanrev
2017-10-27,-9.081936031190008e-05,0.6,score_meanrev
2017-10-30,0.008032045848532943,0.6,score_meanrev
2017-10-31,0.01424010875793913,0.8,score_meanrev
2017-11-01,0.01008393465807067,0.8,score_meanrev
2017-11-02,0.0006277961010747957,0.8,score_meanrev
2017-11-03,-0.016154732597549293,0.2,score_meanrev
2017-11-06,-0.005581969234654105,0.4,score_meanrev
2017-11-07,-0.008939533265518107,0.2,score_meanrev
2017-11-08,-0.01291122591520082,0.4,score_meanrev
2017-11-09,-0.00029328830853021516,0.4,score_meanrev
2017-11-10,0.007106451941226633,1.0,score_meanrev
2017-11-13,-0.000143235608952641,0.6,score_meanrev
2017-11-14,0.016574431049498583,1.0,score_meanrev
2017-11-15,0.01157145506447379,1.0,score_meanrev
2017-11-16,0.008267549666861251,0.8,score_meanrev
2017-11-17,0.014554748744760992,1.0,score_meanrev
2017-11-20,0.02215470860846347,1.0,score_meanrev
2017-11-21,0.000979157455521107,0.4,score_meanrev
2017-11-22,0.01611974075994791,0.8,score_meanrev
2017-11-24,0.01692866254807406,0.8,score_meanrev
2017-11-27,0.01847579768547041,0.8,score_meanrev
2017-11-28,-0.03058485052725879,0.4,score_meanrev
2017-11-29,-0.010495805805403168,0.0,score_meanrev
2017-11-30,-0.013424940760494719,0.2,score_meanrev
2017-12-01,-0.005333424466705683,0.4,score_meanrev
2017-12-04,0.047787680253409,1.0,score_meanrev
2017-12-05,0.0381473705364356,1.0,score_meanrev
2017-12-06,0.022178033934860862,0.8,score_meanrev
2017-12-07,0.009832614096682523,0.8,score_meanrev
2017-12-08,0.009195498916661693,0.6,score_meanrev
2017-12-11,0.019968046011869987,1.0,score_meanrev
2017-12-12,0.015003389833553316,1.0,score_meanrev
2017-12-13,0.014641129705257461,0.8,score_meanrev
2017-12-14,0.013555974759390433,0.8,score_meanrev
2017-12-15,0.002137264659266247,0.4,score_meanrev
2017-12-18,-0.00024252970994524946,0.2,score_meanrev
2017-12-19,0.001537626329462527,0.4,score_meanrev
2017-12-20,0.0037833076311462265,0.6,score_meanrev
2017-12-21,0.006012158565999926,1.0,score_meanrev
2017-12-22,0.011464488456820531,0.8,score_meanrev
2017-12-26,0.01994014268934836,1.0,score_meanrev
2017-12-27,0.01349897788844443,0.8,score_meanrev
2017-12-28,0.008735926715357412,0.8,score_meanrev
2017-12-29,0.027770011758452486,0.8,score_meanrev
2018-01-02,0.009728195432581677,0.8,score_meanrev
2018-01-03,-0.003915214197411809,0.4,score_meanrev
2018-01-04,0.012397496140831942,0.2,score_meanrev
2018-01-05,-0.007570085654181713,0.4,score_meanrev
2018-01-08,-0.00173582495602147,0.4,score_meanrev
2018-01-09,0.009080845730478671,0.8,score_meanrev
2018-01-10,0.027719893523693084,0.8,score_meanrev
2018-01-11,0.0056045395633024684,0.6,score_meanrev
2018-01-12,0.020661693164697105,0.8,score_meanrev
2018-01-16,0.03662792968795843,0.8,score_meanrev
2018-01-17,0.023243711081967388,0.6,score_meanrev
2018-01-18,0.03181472076066634,0.6,score_meanrev
2018-01-19,0.00818044925606467,0.6,score_meanrev
2018-01-22,0.002218511548862634,0.8,score_meanrev
2018-01-23,-0.009955206140765482,0.6,score_meanrev
2018-01-24,-0.0057568749746286,0.4,score_meanrev
2018-01-25,-0.02708313460767404,0.0,score_meanrev
2018-01-26,-0.06198109089613661,0.0,score_meanrev
2018-01-29,-0.08434781907998745,0.0,score_meanrev
2018-01-30,-0.044710697551600995,0.0,score_meanrev
2018-01-31,-0.05087720218736706,0.0,score_meanrev
2018-02-01,-0.09167381171637742,0.0,score_meanrev
2018-02-02,-0.04944540014661318,0.0,score_meanrev
2018-02-05,0.007735645015174919,0.8,score_meanrev
2018-02-06,-0.012779685848735012,0.0,score_meanrev
2018-02-07,-0.0014387632054235545,0.2,score_meanrev
2018-02-08,0.06932931593789275,1.0,score_meanrev
2018-02-09,0.029254197999227592,0.8,score_meanrev
2018-02-12,0.0021557452055390057,0.8,score_meanrev
2018-02-13,-0.0018268442649267192,0.4,score_meanrev
2018-02-14,-0.016083997955083796,0.6,score_meanrev
2018-02-15,-0.0035633513883410518,0.6,score_meanrev
2018-02-16,0.011340148265005734,0.8,score_meanrev
2018-02-20,-0.0008540458343992308,0.4,score_meanrev
2018-02-21,-0.0006608225026122794,0.2,score_meanrev
2018-02-22,-0.0021471527336101247,0.6,score_meanrev
2018-02-23,-0.016131933184644877,0.0,score_meanrev
2018-02-26,-0.01566393067450438,0.0,score_meanrev
2018-02-27,-0.007196954525650745,0.4,score_meanrev
2018-02-28,-0.010302518303221264,0.4,score_meanrev
2018-03-01,0.0038191616541377814,0.4,score_meanrev
2018-03-02,0.040546492368143075,0.8,score_meanrev
2018-03-05,0.02386239860744479,1.0,score_meanrev
2018-03-06,0.004781463236343342,0.4,score_meanrev
2018-03-07,0.001867108850650423,0.4,score_meanrev
2018-03-08,0.001677108304372643,0.6,score_meanrev
2018-03-09,-0.007375369707274504,0.6,score_meanrev
2018-03-12,-0.012493702157424957,0.2,score_meanrev
2018-03-13,-0.0070896169667097105,0.0,score_meanrev
2018-03-14,0.002874390949188577,0.6,score_meanrev
2018-03-15,-0.02835230724598019,0.0,score_meanrev
2018-03-16,-0.05201735094962519,0.0,score_meanrev
2018-03-19,-0.01800599855921934,0.2,score_meanrev
2018-03-20,-0.03734859150331182,0.0,score_meanrev
2018-03-21,-0.025888109189200547,0.4,score_meanrev
2018-03-22,-0.004010722809338896,0.4,score_meanrev
2018-03-23,0.0041584656732205575,0.6,score_meanrev
2018-03-26,-0.006518088272022937,0.2,score_meanrev
2018-03-27,0.02220573071118772,1.0,score_meanrev
2018-03-28,0.026504313395231405,1.0,score_meanrev
2018-03-29,-0.030210849649908344,0.0,score_meanrev
2018-04-02,0.0034011617142306384,0.8,score_meanrev
2018-04-03,0.027594503917321413,1.0,score_meanrev
2018-04-04,0.014966320812051803,0.8,score_meanrev
2018-04-05,0.019025623877539345,0.6,score_meanrev
2018-04-06,0.04830106805519692,1.0,score_meanrev
2018-04-09,0.03972609729970551,1.0,score_meanrev
2018-04-10,0.016420610320564587,1.0,score_meanrev
2018-04-11,0.035260706897118556,0.8,score_meanrev
2018-04-12,0.011718790581552719,0.6,score_meanrev
2018-04-13,0.014074990269052146,0.8,score_meanrev
2018-04-16,-0.004666529133598951,0.2,score_meanrev
2018-04-17,-0.025901029603412118,0.2,score_meanrev
2018-04-18,-0.009943914425203015,0.4,score_meanrev
2018-04-19,-0.01049633803810195,0.4,score_meanrev
2018-04-20,-0.004029355958580649,0.4,score_meanrev
2018-04-23,-0.010316330517209815,0.2,score_meanrev
2018-04-24,-0.0030026570050110555,0.2,score_meanrev
2018-04-25,0.004086253332495038,0.2,score_meanrev
2018-04-26,0.000953328383559704,0.2,score_meanrev
2018-04-27,-0.007832658552798178,0.4,score_meanrev
2018-04-30,0.007970185340243807,0.4,score_meanrev
2018-05-01,0.0049280233885361955,0.6,score_meanrev
2018-05-02,0.015079764027975662,0.8,score_meanrev
2018-05-03,0.03169830974536754,1.0,score_meanrev
2018-05-04,0.012855357505849829,0.8,score_meanrev
2018-05-07,0.00574587438763754,0.6,score_meanrev
2018-05-08,0.015259473779531452,0.8,score_meanrev
2018-05-09,0.033566969890097574,0.8,score_meanrev
2018-05-10,0.02052071947391625,0.8,score_meanrev
2018-05-11,0.00036619806447986126,0.6,score_meanrev
2018-05-14,-0.006812110467574617,0.4,score_meanrev
2018-05-15,-0.013007282370025398,0.2,score_meanrev
2018-05-16,0.005686989560475975,0.6,score_meanrev
2018-05-17,0.010526440776653235,0.8,score_meanrev
2018-05-18,0.004540251277102736,0.8,score_meanrev
2018-05-21,-0.021138781826275644,0.2,score_meanrev
2018-05-22,-0.0024835097885448796,0.4,score_meanrev
2018-05-23,-0.02845981734555627,0.0,score_meanrev
2018-05-24,-0.016116420064509418,0.2,score_meanrev
2018-05-25,0.000254274750902983,0.6,score_meanrev
2018-05-29,0.01072368746197041,1.0,score_meanrev
2018-05-30,0.011406360338171929,0.8,score_meanrev
2018-05-31,0.030302628621629957,1.0,score_meanrev
2018-06-01,0.026656730578246267,1.0,score_meanrev
2018-06-04,0.024372757970269054,1.0,score_meanrev
2018-06-05,0.03477830653533065,1.0,score_meanrev
2018-06-06,0.00668694182781997,0.6,score_meanrev
2018-06-07,0.006266946462231649,0.6,score_meanrev
2018-06-08,9.650378437300322e-05,0.6,score_meanrev
2018-06-11,-0.0021387938203227598,0.4,score_meanrev
2018-06-12,-0.012231917534473013,0.2,score_meanrev
2018-06-13,-0.011541125866668289,0.6,score_meanrev
2018-06-14,-0.0352883456790112,0.2,score_meanrev
2018-06-15,-0.030084162250859903,0.2,score_meanrev
2018-06-18,-0.026655273824478697,0.4,score_meanrev
2018-06-19,-0.02018259018074702,0.2,score_meanrev
2018-06-20,-0.028777152257513205,0.2,score_meanrev
2018-06-21,-0.02447824373013683,0.0,score_meanrev
2018-06-22,-0.021995901007416753,0.2,score_meanrev
2018-06-25,0.008599147196593382,0.8,score_meanrev
2018-06-26,-0.0038563415915553456,0.4,score_meanrev
2018-06-27,0.026335958448549236,1.0,score_meanrev
2018-06-28,0.03723082003205649,1.0,score_meanrev
2018-06-29,0.03450348345670808,1.0,score_meanrev
2018-07-02,0.030446946533161556,1.0,score_meanrev
2018-07-03,0.027481578210755097,1.0,score_meanrev
2018-07-05,0.015786575336821863,1.0,score_meanrev
2018-07-06,0.011783377811569063,0.6,score_meanrev
2018-07-09,0.002787133063673042,0.6,score_meanrev
2018-07-10,0.017786874617051928,0.6,score_meanrev
2018-07-11,-0.001275880224124859,0.2,score_meanrev
2018-07-12,-0.005602571549385904,0.2,score_meanrev
2018-07-13,-0.004248156364143418,0.4,score_meanrev
2018-07-16,0.005723252222592979,0.4,score_meanrev
2018-07-17,0.0064428951337720305,0.8,score_meanrev
2018-07-18,0.01185197842564758,0.8,score_meanrev
2018-07-19,0.020459940628349528,1.0,score_meanrev
2018-07-20,0.018476112883804418,0.8,score_meanrev
2018-07-23,0.014597339643539042,0.6,score_meanrev
2018-07-24,-0.008587347725344552,0.4,score_meanrev
2018-07-25,-0.007659388803887968,0.2,score_meanrev
2018-07-26,-0.015600353022729552,0.2,score_meanrev
2018-07-27,-0.0003106563098087767,0.2,score_meanrev
2018-07-30,0.02721457561646625,1.0,score_meanrev
2018-07-31,0.026651984460508916,0.8,score_meanrev
2018-08-01,0.026798559218690475,1.0,score_meanrev
2018-08-02,0.01898054309624344,1.0,score_meanrev
2018-08-03,-0.003532127027864984,0.4,score_meanrev
2018-08-06,-0.010883920669444968,0.2,score_meanrev
2018-08-07,-0.015506589601355624,0.2,score_meanrev
2018-08-08,-0.022837412312313,0.0,score_meanrev
2018-08-09,-0.002417582301615284,0.6,score_meanrev
2018-08-10,0.017404992729017944,1.0,score_meanrev
2018-08-13,0.01908433082826828,0.8,score_meanrev
2018-08-14,0.028580767074905578,0.8,score_meanrev
2018-08-15,0.024710577001003098,0.8,score_meanrev
2018-08-16,0.004606524937694823,0.4,score_meanrev
2018-08-17,0.035111641527631,1.0,score_meanrev
2018-08-20,0.045557603655328995,1.0,score_meanrev
2018-08-21,0.043458035246676865,1.0,score_meanrev
2018-08-22,0.021126538029121723,0.8,score_meanrev
2018-08-23,0.016861694675093308,0.8,score_meanrev
2018-08-24,0.012385708894332815,0.8,score_meanrev
2018-08-27,-0.005584590153545843,0.4,score_meanrev
2018-08-28,-0.006713935335339438,0.4,score_meanrev
2018-08-29,0.00013509315953290634,0.8,score_meanrev
2018-08-30,0.012388727495354579,0.8,score_meanrev
2018-08-31,0.008722501603202714,0.4,score_meanrev
2018-09-04,0.023901660289491745,0.8,score_meanrev
2018-09-05,0.027405951828495544,0.8,score_meanrev
2018-09-06,0.034060496609525884,1.0,score_meanrev
2018-09-07,0.018807416589549587,0.8,score_meanrev
2018-09-10,0.008216217466189436,0.6,score_meanrev
2018-09-11,0.016699385708012528,0.8,score_meanrev
2018-09-12,0.030030467950744953,1.0,score_meanrev
2018-09-13,0.02998614089029563,1.0,score_meanrev
2018-09-14,0.022109498390315663,1.0,score_meanrev
2018-09-17,0.013512747145548287,0.8,score_meanrev
2018-09-18,0.013958579423062289,0.6,score_meanrev
2018-09-19,0.020929800365273876,0.8,score_meanrev
2018-09-20,0.01738435264660836,0.8,score_meanrev
2018-09-21,0.030680836105245236,0.8,score_meanrev
2018-09-24,0.022647420694529408,0.8,score_meanrev
2018-09-25,0.003425637943863147,0.6,score_meanrev
2018-09-26,-0.0036929493605499797,0.6,score_meanrev
2018-09-27,0.0011953327629915967,0.4,score_meanrev
2018-09-28,0.007849604483033401,1.0,score_meanrev
2018-10-01,0.007114881849591592,0.8,score_meanrev
2018-10-02,-0.019492198963350728,0.2,score_meanrev
2018-10-03,-0.04031246990621706,0.4,score_meanrev
2018-10-04,-0.08345608569334739,0.0,score_meanrev
2018-10-05,-0.04095551323991993,0.0,score_meanrev
2018-10-08,-0.0473698944659708,0.0,score_meanrev
2018-10-09,-0.011718812683318314,0.0,score_meanrev
2018-10-10,0.04713078753637125,1.0,score_meanrev
2018-10-11,0.03267024404827068,1.0,score_meanrev
2018-10-12,-0.0015756682926204358,0.6,score_meanrev
2018-10-15,-0.007244089388808739,0.4,score_meanrev
2018-10-16,-0.044760042697924954,0.0,score_meanrev
2018-10-17,-0.08407963542146561,0.0,score_meanrev
2018-10-18,-0.045073182190599616,0.2,score_meanrev
2018-10-19,-0.07395456592080958,0.0,score_meanrev
2018-10-22,-0.06574194612715675,0.0,score_meanrev
2018-10-23,-0.04962945117792587,0.0,score_meanrev
2018-10-24,0.04785222647196528,1.0,score_meanrev
2018-10-25,0.03481177318650115,0.8,score_meanrev
2018-10-26,0.06303045824210476,1.0,score_meanrev
2018-10-29,0.0695107378845774,1.0,score_meanrev
2018-10-30,0.05502393286625549,1.0,score_meanrev
2018-10-31,0.05676844259352909,1.0,score_meanrev
2018-11-01,0.0541665950840887,1.0,score_meanrev
2018-11-02,0.031600934619707165,0.8,score_meanrev
2018-11-05,0.012323256041728658,0.8,score_meanrev
2018-11-06,-0.004790920149756017,0.6,score_meanrev
2018-11-07,-0.035624429247534214,0.4,score_meanrev
2018-11-08,-0.04006053385556254,0.2,score_meanrev
2018-11-09,-0.0798717526130553,0.0,score_meanrev
2018-11-12,-0.08488905993978575,0.0,score_meanrev
2018-11-13,-0.10063782232767801,0.0,score_meanrev
2018-11-14,-0.03716739114982457,0.2,score_meanrev
2018-11-15,-0.07556879332806594,0.0,score_meanrev
2018-11-16,-0.039918987121103644,0.0,score_meanrev
2018-11-19,0.02700670876866087,0.6,score_meanrev
2018-11-20,0.06927321720711932,1.0,score_meanrev
2018-11-21,0.0571228978243755,1.0,score_meanrev
2018-11-23,0.08831292118533422,1.0,score_meanrev
2018-11-26,0.06817533386611227,1.0,score_meanrev
2018-11-27,0.010817041977719488,0.8,score_meanrev
2018-11-28,-0.011281424761072922,0.2,score_meanrev
2018-11-29,-0.029600881310719983,0.2,score_meanrev
2018-11-30,-0.048820901639055704,0.0,score_meanrev
2018-12-03,-0.027810641538352998,0.4,score_meanrev
2018-12-04,-0.03041787641733058,0.0,score_meanrev
2018-12-06,-0.02912286543748228,0.0,score_meanrev
2018-12-07,-0.019326052056032862,0.2,score_meanrev
2018-12-10,-0.029868213911004426,0.0,score_meanrev
2018-12-11,-0.015710777646192442,0.2,score_meanrev
2018-12-12,-0.04116143669580792,0.0,score_meanrev
2018-12-13,-0.05223110509758346,0.0,score_meanrev
2018-12-14,-0.06870579010226319,0.0,score_meanrev
2018-12-17,-0.07584820332935756,0.0,score_meanrev
2018-12-18,-0.0257489393054674,0.0,score_meanrev
2018-12-19,-0.01760263244996143,0.0,score_meanrev
2018-12-20,0.007066080084956838,0.6,score_meanrev
2018-12-21,0.06359058447394292,1.0,score_meanrev
2018-12-24,0.07410970685054537,1.0,score_meanrev
2018-12-26,-0.02812086521106294,0.2,score_meanrev
2018-12-27,0.024116347171713404,1.0,score_meanrev
2018-12-28,0.02573808412813359,0.6,score_meanrev
2018-12-31,0.01960428505798757,1.0,score_meanrev
2019-01-02,0.014579368115093505,0.8,score_meanrev
2019-01-03,0.07533294856151466,1.0,score_meanrev
2019-01-04,0.020315826978367223,0.8,score_meanrev
2019-01-07,0.006836215379739085,0.8,score_meanrev
2019-01-08,0.019186958143891264,0.8,score_meanrev
2019-01-09,0.017059519272830382,0.8,score_meanrev
2019-01-10,0.002877717419456771,0.4,score_meanrev
2019-01-11,0.02188895731142624,0.8,score_meanrev
2019-01-14,0.015222033728087569,0.8,score_meanrev
2019-01-15,0.00888575545224124,0.8,score_meanrev
2019-01-16,8.557132833713066e-05,0.6,score_meanrev
2019-01-17,0.009231396672819048,0.8,score_meanrev
2019-01-18,-0.005392848953034823,0.4,score_meanrev
2019-01-22,-0.009876532270411076,0.6,score_meanrev
2019-01-23,-0.011900235751372935,0.4,score_meanrev
2019-01-24,0.045620642031577806,1.0,score_meanrev
2019-01-25,0.01422370111108493,0.6,score_meanrev
2019-01-28,0.04449627283617667,0.8,score_meanrev
2019-01-29,0.06504917088210868,1.0,score_meanrev
2019-01-30,0.028525511184741004,0.6,score_meanrev
2019-01-31,0.006612553113437847,0.6,score_meanrev
2019-02-01,0.009613059259173284,0.6,score_meanrev
2019-02-04,-0.012295739892971325,0.4,score_meanrev
2019-02-05,-0.00914741739209679,0.2,score_meanrev
2019-02-06,-0.0070581191304189385,0.2,score_meanrev
2019-02-07,0.008820632814309093,0.8,score_meanrev
2019-02-08,0.030939534501717603,1.0,score_meanrev
2019-02-11,0.036047062792534626,1.0,score_meanrev
2019-02-12,0.02761995240381534,1.0,score_meanrev
2019-02-13,0.02499106298409881,1.0,score_meanrev
2019-02-14,0.012900341676354742,0.8,score_meanrev
2019-02-15,0.011379188349988856,0.8,score_meanrev
2019-02-19,0.010064940741701278,0.8,score_meanrev
2019-02-20,0.007862951893384706,0.6,score_meanrev
2019-02-21,0.011590147932488293,0.8,score_meanrev
2019-02-22,-0.0006727110994567242,0.8,score_meanrev
2019-02-25,-0.02639692254698691,0.4,score_meanrev
2019-02-26,-0.019075611909928812,0.2,score_meanrev
2019-02-27,-0.0039387581381696846,0.8,score_meanrev
2019-02-28,-0.005589871950104896,0.2,score_meanrev
2019-03-01,-0.01256059921494752,0.0,score_meanrev
2019-03-04,0.00855104021832167,0.6,score_meanrev
2019-03-05,0.012093104122705967,0.8,score_meanrev
2019-03-06,0.003500572667796087,0.8,score_meanrev
2019-03-07,-0.0042280366593757225,0.8,score_meanrev
2019-03-08,0.010530458983234302,0.8,score_meanrev
2019-03-11,0.002256048241399311,0.8,score_meanrev
2019-03-12,0.01862254057216701,0.8,score_meanrev
2019-03-13,0.0002320837344387705,0.4,score_meanrev
2019-03-14,-0.0006131762265775498,0.6,score_meanrev
2019-03-15,-0.007379574721220905,0.2,score_meanrev
2019-03-18,-0.006028698271419719,0.4,score_meanrev
2019-03-19,0.01443681154750125,0.8,score_meanrev
2019-03-20,0.011738467385215622,0.8,score_meanrev
2019-03-21,-0.003976329227978903,0.4,score_meanrev
2019-03-22,0.023374693958896797,0.8,score_meanrev
2019-03-25,0.040956689210857045,1.0,score_meanrev
2019-03-26,0.023543415188693295,1.0,score_meanrev
2019-03-27,0.030897223461360923,1.0,score_meanrev
2019-03-28,0.017431298614599335,1.0,score_meanrev
2019-03-29,0.013231015598634377,0.8,score_meanrev
2019-04-01,-0.003372062888171512,0.6,score_meanrev
2019-04-02,-0.005304816712516236,0.4,score_meanrev
2019-04-03,0.00467378242864025,0.6,score_meanrev
2019-04-04,-0.0033582673584181544,0.4,score_meanrev
2019-04-05,0.0012854389574199266,0.6,score_meanrev
2019-04-08,-0.0011414812587360323,0.8,score_meanrev
2019-04-09,0.00820167476659619,0.8,score_meanrev
2019-04-10,-0.008635578929658405,0.6,score_meanrev
2019-04-11,-0.018308114639038565,0.4,score_meanrev
2019-04-12,-0.011587598548257038,0.4,score_meanrev
2019-04-15,-0.0053987941916938675,0.6,score_meanrev
2019-04-16,0.00751674672617888,0.6,score_meanrev
2019-04-17,0.02476114683664421,0.6,score_meanrev
2019-04-18,0.03006349031569886,0.6,score_meanrev
2019-04-22,0.019441881244166792,0.8,score_meanrev
2019-04-23,0.01931573206725081,0.8,score_meanrev
2019-04-24,0.01118503318613837,0.6,score_meanrev
2019-04-25,0.004391699211387712,0.6,score_meanrev
2019-04-26,-0.005617495487261803,0.6,score_meanrev
2019-04-29,-0.003989127290001759,0.8,score_meanrev
2019-04-30,-0.02863156482619327,0.2,score_meanrev
2019-05-01,-0.020992513333882058,0.2,score_meanrev
2019-05-02,-0.03258209928380695,0.0,score_meanrev
2019-05-03,-0.012924551119243222,0.2,score_meanrev
2019-05-06,-0.03725700543679855,0.0,score_meanrev
2019-05-07,-0.01147186516961043,0.2,score_meanrev
2019-05-08,-0.025515344605668934,0.2,score_meanrev
2019-05-09,-0.008042395427242522,0.2,score_meanrev
2019-05-10,-0.03453525727426252,0.2,score_meanrev
2019-05-13,0.02494054829010255,0.6,score_meanrev
2019-05-14,0.015765018358805928,0.6,score_meanrev
2019-05-15,-0.01804460433304613,0.4,score_meanrev
2019-05-16,-0.04521101954730824,0.0,score_meanrev
2019-05-17,-0.02855206536135855,0.2,score_meanrev
2019-05-20,-0.02122111350696918,0.2,score_meanrev
2019-05-21,-0.036338608435781,0.0,score_meanrev
2019-05-22,-0.03236198149481082,0.2,score_meanrev
2019-05-23,-0.03619380654708511,0.0,score_meanrev
2019-05-24,-0.04200605938770354,0.0,score_meanrev
2019-05-28,0.005205972176747431,0.8,score_meanrev
2019-05-29,0.023502794806348693,1.0,score_meanrev
2019-05-30,0.026713341247126942,1.0,score_meanrev
2019-05-31,0.06455569372512819,1.0,score_meanrev
2019-06-03,0.06977792408032661,0.8,score_meanrev
2019-06-04,0.04037202269685054,0.8,score_meanrev
2019-06-05,0.02403155722558663,0.8,score_meanrev
2019-06-06,0.024508517636097515,0.8,score_meanrev
2019-06-07,0.00810477765768447,0.6,score_meanrev
2019-06-10,0.016247876018077666,1.0,score_meanrev
2019-06-11,0.022660527199696558,1.0,score_meanrev
2019-06-12,0.01733997449777456,1.0,score_meanrev
2019-06-13,0.024949369182870117,0.8,score_meanrev
2019-06-14,0.03594877260362663,1.0,score_meanrev
2019-06-17,0.024750902676886666,1.0,score_meanrev
2019-06-18,0.011472956917353639,1.0,score_meanrev
2019-06-19,0.0035276785152339673,0.6,score_meanrev
2019-06-20,-0.008981528185697418,0.2,score_meanrev
2019-06-21,0.001797054045100177,0.4,score_meanrev
2019-06-24,0.016440943228281844,0.8,score_meanrev
2019-06-25,0.02995265529532687,1.0,score_meanrev
2019-06-26,0.031066367580563047,1.0,score_meanrev
2019-06-27,0.025318057645027016,1.0,score_meanrev
2019-06-28,0.023405753107348114,1.0,score_meanrev
2019-07-01,0.010395064061768355,0.6,score_meanrev
2019-07-02,0.012315188342968653,0.8,score_meanrev
2019-07-03,0.0035715007944499,0.6,score_meanrev
2019-07-05,0.025162054155175983,0.8,score_meanrev
2019-07-08,0.03363796969442072,1.0,score_meanrev
2019-07-09,0.0340365570438713,0.8,score_meanrev
2019-07-10,0.002725000958457091,0.6,score_meanrev
2019-07-11,0.009559192482183487,0.8,score_meanrev
2019-07-12,-0.008694843137759256,0.2,score_meanrev
2019-07-15,-0.02074458721960628,0.2,score_meanrev
2019-07-16,-0.0005778984585146585,0.8,score_meanrev
2019-07-17,0.0046618558333503925,0.4,score_meanrev
2019-07-18,0.0078106762438840075,0.6,score_meanrev
2019-07-19,0.010967022806504124,0.8,score_meanrev
2019-07-22,0.022500005807784752,0.8,score_meanrev
2019-07-23,0.02080825588500972,0.8,score_meanrev
2019-07-24,-0.0004163745998458701,0.2,score_meanrev
2019-07-25,-0.009175091073350461,0.4,score_meanrev
2019-07-26,-0.030792189937272063,0.2,score_meanrev
2019-07-29,-0.058276026479649023,0.0,score_meanrev
2019-07-30,-0.04872099858436481,0.2,score_meanrev
2019-07-31,-0.01940538758920034,0.0,score_meanrev
2019-08-01,-0.0289149911667534,0.0,score_meanrev
2019-08-02,0.004040584978407069,0.6,score_meanrev
2019-08-05,0.02986473920033612,1.0,score_meanrev
2019-08-06,0.010778507511589175,0.8,score_meanrev
2019-08-07,-0.014556854612202085,0.2,score_meanrev
2019-08-08,-0.05524522374661478,0.0,score_meanrev
2019-08-09,0.003333301159271951,0.4,score_meanrev
2019-08-12,0.011493789912149421,0.8,score_meanrev
2019-08-13,-0.018546075603279144,0.0,score_meanrev
2019-08-14,0.026160382053188803,0.8,score_meanrev
2019-08-15,0.03851191131415623,1.0,score_meanrev
2019-08-16,0.0022839223211996496,0.2,score_meanrev
2019-08-19,-0.01613140317618398,0.2,score_meanrev
2019-08-20,-0.014921957534534402,0.2,score_meanrev
2019-08-21,-0.03113541950928862,0.0,score_meanrev
2019-08-22,0.0011996963267393301,0.6,score_meanrev
2019-08-23,0.021789615521223472,1.0,score_meanrev
2019-08-26,0.011169937357235482,0.6,score_meanrev
2019-08-27,0.024596750708003247,1.0,score_meanrev
2019-08-28,0.03142555752808218,1.0,score_meanrev
2019-08-29,0.01778213459675142,0.6,score_meanrev
2019-08-30,0.00807588606557097,0.4,score_meanrev
2019-09-03,0.008771209215505293,0.4,score_meanrev
2019-09-04,0.012588041673074502,0.6,score_meanrev
2019-09-05,-0.0018181875841369877,0.4,score_meanrev
2019-09-06,-0.013530893493836271,0.4,score_meanrev
2019-09-09,-0.005860081229368786,0.4,score_meanrev
2019-09-10,0.00659588242566469,0.8,score_meanrev
2019-09-11,0.00495813163542076,1.0,score_meanrev
2019-09-12,-0.004410779914093488,0.2,score_meanrev
2019-09-13,-0.0016169442989911297,0.2,score_meanrev
2019-09-16,0.008019616190381895,0.6,score_meanrev
2019-09-17,-0.0034531482314717364,0.4,score_meanrev
2019-09-18,-0.01046802564633047,0.2,score_meanrev
2019-09-19,-0.0006253098009985747,0.4,score_meanrev
2019-09-20,0.00197882654868069,0.6,score_meanrev
2019-09-23,-0.00895132001702852,0.4,score_meanrev
2019-09-24,-0.011196051457450618,0.2,score_meanrev
2019-09-25,-0.03876898185957278,0.0,score_meanrev
2019-09-26,-0.032369632473201036,0.0,score_meanrev
2019-09-27,0.00880876227395353,0.6,score_meanrev
2019-09-30,-0.008143868653034158,0.6,score_meanrev
2019-10-01,-0.018046452293491732,0.4,score_meanrev
2019-10-02,0.00942469896320961,0.8,score_meanrev
2019-10-03,0.0065334067108826725,0.6,score_meanrev
2019-10-04,0.00706725409761848,0.6,score_meanrev
2019-10-07,0.018783386817259974,0.6,score_meanrev
2019-10-08,0.029186601873215912,0.8,score_meanrev
2019-10-09,0.034065064134195036,1.0,score_meanrev
2019-10-10,0.021353353282385745,0.8,score_meanrev
2019-10-11,-0.008190315332796771,0.2,score_meanrev
2019-10-14,0.004973371661386117,0.6,score_meanrev
2019-10-15,-0.011079428462711594,0.6,score_meanrev
2019-10-16,-0.011155169876162918,0.6,score_meanrev
2019-10-17,-0.022928208378007374,0.2,score_meanrev
2019-10-18,0.019331334847584737,0.8,score_meanrev
2019-10-21,0.034416635663486475,1.0,score_meanrev
2019-10-22,0.01643034014634619,0.6,score_meanrev
2019-10-23,0.01112730632366934,0.6,score_meanrev
2019-10-24,0.00029667994614150927,0.4,score_meanrev
2019-10-25,0.0030026929886789676,0.6,score_meanrev
2019-10-28,-0.0015101533271544732,0.4,score_meanrev
2019-10-29,0.005192367370708118,0.6,score_meanrev
2019-10-30,-0.002222766296259104,0.4,score_meanrev
2019-10-31,0.019249105489626217,0.8,score_meanrev
2019-11-01,0.017414112014109095,0.8,score_meanrev
2019-11-04,-0.00039235880434931316,0.6,score_meanrev
2019-11-05,0.006254837049255358,0.6,score_meanrev
2019-11-06,0.009772282287165378,0.8,score_meanrev
2019-11-07,0.012769504306056811,1.0,score_meanrev
2019-11-08,0.010661511277207492,1.0,score_meanrev
2019-11-11,0.007308478342481162,0.6,score_meanrev
2019-11-12,-0.006759584679244268,0.2,score_meanrev
2019-11-13,-0.0027017449500308156,0.4,score_meanrev
2019-11-14,-0.0020192708673967053,0.2,score_meanrev
2019-11-15,-0.002378477207262497,0.4,score_meanrev
2019-11-18,0.002895364002734624,0.6,score_meanrev
2019-11-19,-0.0006301875420531511,0.4,score_meanrev
2019-11-20,0.0057170430979277985,0.8,score_meanrev
2019-11-21,0.009159403049467163,0.8,score_meanrev
2019-11-22,-0.0036377194360387444,0.4,score_meanrev
2019-11-25,-0.0036053157416830574,0.4,score_meanrev
2019-11-26,-0.022269473184846046,0.0,score_meanrev
2019-11-27,-0.014456016535560168,0.2,score_meanrev
2019-11-29,-0.01420586195796072,0.4,score_meanrev
2019-12-02,0.005793487934353858,0.8,score_meanrev
2019-12-03,0.022080312696537895,0.8,score_meanrev
2019-12-04,0.005633957031236281,0.6,score_meanrev
2019-12-05,0.010859831910986162,0.8,score_meanrev
2019-12-06,0.010421926955819161,0.6,score_meanrev
2019-12-09,0.024634925452290447,1.0,score_meanrev
2019-12-10,0.006398168894614686,0.8,score_meanrev
2019-12-11,0.009246844969515755,0.6,score_meanrev
2019-12-12,0.011033886924562974,0.8,score_meanrev
2019-12-13,0.011264356816227528,0.8,score_meanrev
2019-12-16,0.011488802299298984,0.8,score_meanrev
2019-12-17,0.009412484872181381,0.6,score_meanrev
2019-12-18,0.004704396713416959,0.6,score_meanrev
2019-12-19,0.004517379342774142,0.4,score_meanrev
2019-12-20,-0.0018383014181896807,0.4,score_meanrev
2019-12-23,0.0019370594090378113,0.4,score_meanrev
2019-12-24,0.007737137800013149,0.6,score_meanrev
2019-12-26,0.002815181614079898,0.8,score_meanrev
2019-12-27,-4.2593506966426274e-05,0.4,score_meanrev
2019-12-30,-0.0008159954881905129,0.6,score_meanrev
2019-12-31,-2.083252002023084e-05,0.6,score_meanrev
2020-01-02,-0.002939836969640286,0.6,score_meanrev
2020-01-03,-2.0157851089908087e-05,0.6,score_meanrev
2020-01-06,0.009308386978143046,0.6,score_meanrev
2020-01-07,0.012644906859246064,0.6,score_meanrev
2020-01-08,0.017358049314356316,0.6,score_meanrev
2020-01-09,0.0029946819456516003,0.4,score_meanrev
2020-01-10,0.006295156942904301,0.6,score_meanrev
2020-01-13,0.009011257253801318,0.6,score_meanrev
2020-01-14,-0.01323021638424866,0.4,score_meanrev
2020-01-15,-0.0009784796166754316,0.6,score_meanrev
2020-01-16,-0.024365723757349377,0.0,score_meanrev
2020-01-17,-0.027656869065013568,0.2,score_meanrev
2020-01-21,0.0006497966917734299,0.8,score_meanrev
2020-01-22,-0.027253143335581265,0.2,score_meanrev
2020-01-23,-0.002639684505045059,0.6,score_meanrev
2020-01-24,-0.03164713185066141,0.0,score_meanrev
2020-01-27,-0.000663228664776927,0.4,score_meanrev
2020-01-28,-0.010666808825170616,0.4,score_meanrev
2020-01-29,0.04195785098640057,1.0,score_meanrev
2020-01-30,0.04488482598977876,1.0,score_meanrev
2020-01-31,0.027414342741682373,1.0,score_meanrev
2020-02-03,0.03520539095706572,1.0,score_meanrev
2020-02-04,0.022343641968397953,1.0,score_meanrev
2020-02-05,0.0019702279043291027,0.6,score_meanrev
2020-02-06,0.008148952165143507,0.8,score_meanrev
2020-02-07,-0.005982309759588955,0.4,score_meanrev
2020-02-10,-0.009090191982911677,0.4,score_meanrev
2020-02-11,0.00046343501870158563,0.8,score_meanrev
2020-02-12,-0.005797528186599732,0.2,score_meanrev
2020-02-13,-0.002371166375501699,0.4,score_meanrev
2020-02-14,-0.028906716288727742,0.0,score_meanrev
2020-02-18,-0.04632791152904055,0.0,score_meanrev
2020-02-19,-0.05350749917240951,0.0,score_meanrev
2020-02-20,-0.11793953029116873,0.0,score_meanrev
2020-02-21,-0.11891400613692196,0.0,score_meanrev
2020-02-24,-0.03293042352782929,0.4,score_meanrev
2020-02-25,-0.03472399692222785,0.2,score_meanrev
2020-02-26,-4.046147571405978e-05,0.6,score_meanrev
2020-02-27,0.03239709263634818,0.8,score_meanrev
2020-02-28,0.02612514848383307,0.8,score_meanrev
2020-03-02,-0.12964670631311057,0.0,score_meanrev
2020-03-03,-0.014424854542969046,0.4,score_meanrev
2020-03-04,-0.18875883662758924,0.0,score_meanrev
2020-03-05,-0.25513298948426105,0.0,score_meanrev
2020-03-06,-0.13620795905020758,0.0,score_meanrev
2020-03-09,-0.09968382468998405,0.0,score_meanrev
2020-03-10,-0.17961245441852805,0.0,score_meanrev
2020-03-11,-0.24583338359281653,0.0,score_meanrev
2020-03-12,-0.12574112184206773,0.2,score_meanrev
2020-03-13,-0.21756271724132673,0.0,score_meanrev
2020-03-16,-0.06040647155322905,0.2,score_meanrev
2020-03-17,0.013691669706417175,0.6,score_meanrev
2020-03-18,0.1651192144669611,1.0,score_meanrev
2020-03-19,0.31908340001139385,1.0,score_meanrev
2020-03-20,0.1784403725801687,1.0,score_meanrev
2020-03-23,0.25988341721903363,1.0,score_meanrev
2020-03-24,0.09523809309048481,1.0,score_meanrev
2020-03-25,0.05547989372162596,1.0,score_meanrev
2020-03-26,0.04848182155123628,1.0,score_meanrev
2020-03-27,0.05654887161588747,1.0,score_meanrev
2020-03-30,0.03585536167583554,0.8,score_meanrev
2020-03-31,0.03817881706319644,1.0,score_meanrev
2020-04-01,0.1473897971805111,1.0,score_meanrev
2020-04-02,0.18425937017132527,1.0,score_meanrev
2020-04-03,0.16540679959775978,1.0,score_meanrev
2020-04-06,0.07287750693916398,1.0,score_meanrev
2020-04-07,0.06506943048303411,1.0,score_meanrev
2020-04-08,0.018936850107751237,0.8,score_meanrev
2020-04-09,0.07426402982020278,1.0,score_meanrev
2020-04-13,0.04040522277945966,1.0,score_meanrev
2020-04-14,-0.041615436804676054,0.2,score_meanrev
2020-04-15,-0.00027544826588632443,0.4,score_meanrev
2020-04-16,0.01915092787082413,0.8,score_meanrev
2020-04-17,-0.03195780950287288,0.0,score_meanrev
2020-04-20,0.030848144153209134,1.0,score_meanrev
2020-04-21,0.04932041467320607,1.0,score_meanrev
2020-04-22,0.01879029702607584,0.8,score_meanrev
2020-04-23,0.020520452097842656,0.8,score_meanrev
2020-04-24,0.015878356750951107,0.8,score_meanrev
2020-04-27,0.004665655930265844,0.6,score_meanrev
2020-04-28,-0.002383846197741346,0.4,score_meanrev
2020-04-29,-0.011127430776257486,0.2,score_meanrev
2020-04-30,-0.02831580949960062,0.2,score_meanrev
2020-05-01,0.008187573726821818,0.8,score_meanrev
2020-05-04,0.006038206258634093,0.8,score_meanrev
2020-05-05,-0.034063473735485975,0.0,score_meanrev
2020-05-06,-0.03858710686987288,0.2,score_meanrev
2020-05-07,0.0015899259903338514,0.4,score_meanrev
2020-05-08,-0.011442202580684447,0.4,score_meanrev
2020-05-11,0.013499252667482465,0.8,score_meanrev
2020-05-12,0.029888972294347373,0.8,score_meanrev
2020-05-13,0.10085504203873463,1.0,score_meanrev
2020-05-14,0.06356522984617681,1.0,score_meanrev
2020-05-15,0.04740109823412182,0.8,score_meanrev
2020-05-18,0.0020564484346846656,0.6,score_meanrev
2020-05-19,0.01873623708461234,1.0,score_meanrev
2020-05-20,0.012114663935025471,0.6,score_meanrev
2020-05-21,0.04652285658843223,1.0,score_meanrev
2020-05-22,0.026135562821601344,0.8,score_meanrev
2020-05-26,0.033001515270483804,1.0,score_meanrev
2020-05-27,0.022084984008838314,1.0,score_meanrev
2020-05-28,0.01478039285496784,0.8,score_meanrev
2020-05-29,0.011096517861960264,0.6,score_meanrev
2020-06-01,0.007699839322394708,0.6,score_meanrev
2020-06-02,0.01282092652787945,0.8,score_meanrev
2020-06-03,0.031076291742938043,1.0,score_meanrev
2020-06-04,-0.02385748505918066,0.2,score_meanrev
2020-06-05,-0.023123366182635285,0.4,score_meanrev
2020-06-08,-0.017018150599000182,0.4,score_meanrev
2020-06-09,-0.008914104767578812,0.2,score_meanrev
2020-06-10,-0.03633546374619125,0.0,score_meanrev
2020-06-11,0.04405215456646525,1.0,score_meanrev
2020-06-12,0.006472225476237247,0.8,score_meanrev
2020-06-15,-0.0012439504182040428,0.4,score_meanrev
2020-06-16,-0.017975673657660285,0.4,score_meanrev
2020-06-17,-0.0333099708645731,0.0,score_meanrev
2020-06-18,-0.01767139230039847,0.4,score_meanrev
2020-06-19,-0.04227700979516937,0.0,score_meanrev
2020-06-22,-0.03694963839442802,0.0,score_meanrev
2020-06-23,-0.01302726753392538,0.6,score_meanrev
2020-06-24,0.015935147809445827,0.8,score_meanrev
2020-06-25,0.006116587021514119,0.8,score_meanrev
2020-06-26,0.04892179814887006,1.0,score_meanrev
2020-06-29,0.045174794238939865,1.0,score_meanrev
2020-06-30,0.014209256542621973,0.8,score_meanrev
2020-07-01,-0.0003466236937513578,0.2,score_meanrev
2020-07-02,0.023582620484993978,0.6,score_meanrev
2020-07-06,0.007937797686164382,0.4,score_meanrev
2020-07-07,0.017767960128240733,1.0,score_meanrev
2020-07-08,0.02848199499417383,1.0,score_meanrev
2020-07-09,0.04265730017694134,1.0,score_meanrev
2020-07-10,0.03809243822361301,1.0,score_meanrev
2020-07-13,0.03582519878951769,0.8,score_meanrev
2020-07-14,0.009893864495008398,1.0,score_meanrev
2020-07-15,0.019684330607020815,1.0,score_meanrev
2020-07-16,0.008045514018574696,0.4,score_meanrev
2020-07-17,0.006697060450224579,0.6,score_meanrev
2020-07-20,0.014954271386118068,0.6,score_meanrev
2020-07-21,-0.02956871360884228,0.0,score_meanrev
2020-07-22,-0.0275389372187566,0.2,score_meanrev
2020-07-23,0.008985103146754114,0.8,score_meanrev
2020-07-24,0.022740078454877622,0.4,score_meanrev
2020-07-27,0.037262339637032536,0.6,score_meanrev
2020-07-28,0.05516279655335714,0.8,score_meanrev
2020-07-29,0.04336187084159926,0.8,score_meanrev
2020-07-30,0.016507464457395038,1.0,score_meanrev
2020-07-31,0.036804363480198575,1.0,score_meanrev
2020-08-03,0.05434177996625027,1.0,score_meanrev
2020-08-04,0.06143045291214335,1.0,score_meanrev
2020-08-05,0.048515328714834105,1.0,score_meanrev
2020-08-06,0.02733637164861715,1.0,score_meanrev
2020-08-07,-0.006916719795633108,0.6,score_meanrev
2020-08-10,0.03421031079942736,0.8,score_meanrev
2020-08-11,0.06847905672715346,1.0,score_meanrev
2020-08-12,0.03478816724117606,1.0,score_meanrev
2020-08-13,0.0338945103176211,0.8,score_meanrev
2020-08-14,0.03230201851547587,0.8,score_meanrev
2020-08-17,0.014542995161320427,1.0,score_meanrev
2020-08-18,0.015123410922178792,0.8,score_meanrev
2020-08-19,0.013170193334880143,1.0,score_meanrev
2020-08-20,0.025893663180424808,0.8,score_meanrev
2020-08-21,0.02478576912983419,1.0,score_meanrev
2020-08-24,0.004538185985770471,0.4,score_meanrev
2020-08-25,0.02641067839138502,0.8,score_meanrev
2020-08-26,0.04293271785775872,0.8,score_meanrev
2020-08-27,-0.0028795357219158157,0.6,score_meanrev
2020-08-28,-0.032404970797642395,0.0,score_meanrev
2020-08-31,-0.026302419797695632,0.2,score_meanrev
2020-09-01,-0.00574713929508257,0.4,score_meanrev
2020-09-02,-0.07608997155903421,0.0,score_meanrev
2020-09-03,-0.044570104234135564,0.2,score_meanrev
2020-09-04,-0.003974130292177636,0.6,score_meanrev
2020-09-08,0.037988097587733805,1.0,score_meanrev
2020-09-09,-0.03146513242806166,0.2,score_meanrev
2020-09-10,-0.01613739950643165,0.2,score_meanrev
2020-09-11,-0.02546150167201582,0.0,score_meanrev
2020-09-14,-0.028788390718718082,0.0,score_meanrev
2020-09-15,-0.015070499198499832,0.2,score_meanrev
2020-09-16,-0.025010910871662184,0.0,score_meanrev
2020-09-17,-0.014416262694889737,0.6,score_meanrev
2020-09-18,0.04387485123497634,1.0,score_meanrev
2020-09-21,0.02963697454252645,1.0,score_meanrev
2020-09-22,0.012392162984855326,0.6,score_meanrev
2020-09-23,0.04413599527279115,1.0,score_meanrev
2020-09-24,0.01766228688339715,0.6,score_meanrev
2020-09-25,0.009833132380864296,0.6,score_meanrev
2020-09-28,0.005125635920454919,0.6,score_meanrev
2020-09-29,0.004430328613203605,0.8,score_meanrev
2020-09-30,0.011121818512179905,0.6,score_meanrev
2020-10-01,0.05007834034551595,0.8,score_meanrev
2020-10-02,0.02992329729672516,0.8,score_meanrev
2020-10-05,0.025164891525273902,0.8,score_meanrev
2020-10-06,0.06866222691369343,1.0,score_meanrev
2020-10-07,0.02859202878975382,1.0,score_meanrev
2020-10-08,0.028848866531326855,0.8,score_meanrev
2020-10-09,-0.0003543059666232251,0.6,score_meanrev
2020-10-12,-0.015282988115777173,0.0,score_meanrev
2020-10-13,-0.01029008075969846,0.4,score_meanrev
2020-10-14,0.01266621013709086,0.6,score_meanrev
2020-10-15,-0.021595001399047332,0.2,score_meanrev
2020-10-16,-0.018399974110310535,0.0,score_meanrev
2020-10-19,-0.00852621674033569,0.2,score_meanrev
2020-10-20,-0.011790904674612213,0.4,score_meanrev
2020-10-21,-0.04053940753825258,0.0,score_meanrev
2020-10-22,-0.02490844409771804,0.2,score_meanrev
2020-10-23,-0.060037392044829295,0.0,score_meanrev
2020-10-26,-0.043382340990451886,0.2,score_meanrev
2020-10-27,0.019970758006232003,0.6,score_meanrev
2020-10-28,0.04209949577127481,1.0,score_meanrev
2020-10-29,0.05802555591043559,1.0,score_meanrev
2020-10-30,0.07333874166293027,1.0,score_meanrev
2020-11-02,0.07208269598891275,1.0,score_meanrev
2020-11-03,0.05880976074987885,0.8,score_meanrev
2020-11-04,0.0852765808804822,1.0,score_meanrev
2020-11-05,0.02177323014642387,0.6,score_meanrev
2020-11-06,0.05651971755443865,0.8,score_meanrev
2020-11-09,0.03219109630389418,1.0,score_meanrev
2020-11-10,0.019429395802286153,0.8,score_meanrev
2020-11-11,-0.01671888035416145,0.2,score_meanrev
2020-11-12,0.0057524452410301794,0.4,score_meanrev
2020-11-13,-0.009154005633647854,0.2,score_meanrev
2020-11-16,-0.010025426728360754,0.2,score_meanrev
2020-11-17,-0.007863253331978659,0.4,score_meanrev
2020-11-18,0.0038001964838389134,0.6,score_meanrev
2020-11-19,0.006849175716574752,0.8,score_meanrev
2020-11-20,0.007912012989584372,0.6,score_meanrev
2020-11-23,0.030903382875668982,1.0,score_meanrev
2020-11-24,0.03567559328959739,1.0,score_meanrev
2020-11-25,0.01010439276556201,0.8,score_meanrev
2020-11-27,0.0036692235913115432,0.6,score_meanrev
2020-11-30,0.0014328014040553949,0.6,score_meanrev
2020-12-01,0.011272955651881111,0.8,score_meanrev
2020-12-02,0.007705930056472932,0.6,score_meanrev
2020-12-03,-0.005095325011405416,0.4,score_meanrev
2020-12-04,-0.006206202062071076,0.4,score_meanrev
2020-12-07,-0.0003857834590249576,0.6,score_meanrev
2020-12-08,-0.0017191074854889133,0.4,score_meanrev
2020-12-09,0.018126449238610332,0.8,score_meanrev
2020-12-10,0.01989220960691591,0.6,score_meanrev
2020-12-11,0.0038751216398891673,0.8,score_meanrev
2020-12-14,-0.005494179520295716,0.2,score_meanrev
2020-12-15,-0.0020903677863661763,0.2,score_meanrev
2020-12-16,-0.004384102193396822,0.2,score_meanrev
2020-12-17,-0.016502398297006615,0.2,score_meanrev
2020-12-18,0.0022281074444260975,0.4,score_meanrev
2020-12-21,0.009929383992691231,0.4,score_meanrev
2020-12-22,0.01740787363359162,0.8,score_meanrev
2020-12-23,0.01974663754862751,0.8,score_meanrev
2020-12-24,0.018026292578472037,1.0,score_meanrev
2020-12-28,0.014547491006710933,0.6,score_meanrev
2020-12-29,0.019814750488369358,0.8,score_meanrev
2020-12-30,-0.0019215352801867924,0.6,score_meanrev
2020-12-31,0.008581747994101385,0.6,score_meanrev
2021-01-04,0.006836536711196284,0.4,score_meanrev
2021-01-05,-0.011347352997029825,0.2,score_meanrev
2021-01-06,0.02550191623367517,0.8,score_meanrev
2021-01-07,-0.016915948775820387,0.0,score_meanrev
2021-01-08,-0.023333450668203425,0.0,score_meanrev
2021-01-11,-0.013543793436963925,0.4,score_meanrev
2021-01-12,0.005155027990550698,0.4,score_meanrev
2021-01-13,4.434013042444729e-05,0.6,score_meanrev
2021-01-14,-0.0073158150850968886,0.6,score_meanrev
2021-01-15,0.02444614593737222,0.6,score_meanrev
2021-01-19,0.0009706784584938788,0.6,score_meanrev
2021-01-20,-0.03227119567426388,0.0,score_meanrev
2021-01-21,-0.025506430211759225,0.0,score_meanrev
2021-01-22,-0.026215824957344668,0.2,score_meanrev
2021-01-25,-0.01848838609933834,0.2,score_meanrev
2021-01-26,0.009866452535693782,0.6,score_meanrev
2021-01-27,0.03742747230097676,0.8,score_meanrev
2021-01-28,0.014983646759032743,0.6,score_meanrev
2021-01-29,0.024101851061214187,0.8,score_meanrev
2021-02-01,0.01661678823905246,0.8,score_meanrev
2021-02-02,0.01657512798569174,0.8,score_meanrev
2021-02-03,0.025799097513087288,1.0,score_meanrev
2021-02-04,0.006124061074397291,0.8,score_meanrev
2021-02-05,-0.000577838418460086,0.4,score_meanrev
2021-02-08,-0.006103301767839309,0.4,score_meanrev
2021-02-09,-0.0053969029870326365,0.6,score_meanrev
2021-02-10,0.003772161950513975,0.8,score_meanrev
2021-02-11,-0.0010466157905191231,0.4,score_meanrev
2021-02-12,-0.020757291731005,0.2,score_meanrev
2021-02-16,-0.009745701921939376,0.2,score_meanrev
2021-02-17,0.007788683330160073,0.6,score_meanrev
2021-02-18,-0.016278804284960712,0.4,score_meanrev
2021-02-19,-0.015625837755346584,0.4,score_meanrev
2021-02-22,-0.009270094489929081,0.6,score_meanrev
2021-02-23,-0.01767228705203403,0.4,score_meanrev
2021-02-24,-0.02823732148114848,0.0,score_meanrev
2021-02-25,-0.026073269225310725,0.0,score_meanrev
2021-02-26,-0.02827432706404185,0.2,score_meanrev
2021-03-01,-0.04386397201227647,0.2,score_meanrev
2021-03-02,-0.014520132405582985,0.2,score_meanrev
2021-03-03,0.014980093422399943,0.8,score_meanrev
2021-03-04,0.03873685276296599,1.0,score_meanrev
2021-03-05,0.0335727343901099,1.0,score_meanrev
2021-03-08,0.0691641521496034,1.0,score_meanrev
2021-03-09,0.04139133903053969,1.0,score_meanrev
2021-03-10,0.02381791327336158,0.8,score_meanrev
2021-03-11,0.008359745957245757,0.6,score_meanrev
2021-03-12,-0.008290415607398138,0.4,score_meanrev
2021-03-15,-0.024232262203878953,0.2,score_meanrev
2021-03-16,-0.018767952903937447,0.4,score_meanrev
2021-03-17,-0.031125543740501936,0.2,score_meanrev
2021-03-18,-0.005858208861615255,0.6,score_meanrev
2021-03-19,0.020095013782459925,0.8,score_meanrev
2021-03-22,0.01888832499004429,0.8,score_meanrev
2021-03-23,0.022324918145723304,0.8,score_meanrev
2021-03-24,0.014015438912055034,0.6,score_meanrev
2021-03-25,0.02261268636737024,0.8,score_meanrev
2021-03-26,0.026909645497180314,0.8,score_meanrev
2021-03-29,0.03364259924453687,1.0,score_meanrev
2021-03-30,0.05117334102833504,1.0,score_meanrev
2021-03-31,0.033767657137256844,1.0,score_meanrev
2021-04-01,0.017585411421619533,1.0,score_meanrev
2021-04-05,0.004044973575261346,0.6,score_meanrev
2021-04-06,-0.002160945276495885,0.4,score_meanrev
2021-04-07,0.008380499002064567,0.8,score_meanrev
2021-04-08,0.014825843545863516,0.8,score_meanrev
2021-04-09,0.005645518436935992,0.8,score_meanrev
2021-04-12,0.007787008764640779,0.8,score_meanrev
2021-04-13,0.009551813029898427,0.6,score_meanrev
2021-04-14,0.003885139283632477,0.4,score_meanrev
2021-04-15,0.0018423388621698678,0.4,score_meanrev
2021-04-16,-0.021874709893461297,0.2,score_meanrev
2021-04-19,-0.009033561034020065,0.2,score_meanrev
2021-04-20,0.005393566155997264,0.8,score_meanrev
2021-04-21,0.005872996618512372,0.6,score_meanrev
2021-04-22,0.021544728271762615,0.8,score_meanrev
2021-04-23,-0.0074680323208361045,0.2,score_meanrev
2021-04-26,0.01197732719027531,0.8,score_meanrev
2021-04-27,0.02022416843189856,0.8,score_meanrev
2021-04-28,0.017736769844297416,0.8,score_meanrev
2021-04-29,0.01340818559608945,0.6,score_meanrev
2021-04-30,0.021924540463081853,0.8,score_meanrev
2021-05-03,-0.021355276448437866,0.2,score_meanrev
2021-05-04,-0.0108288572202901,0.0,score_meanrev
2021-05-05,-0.036553017401292645,0.0,score_meanrev
2021-05-06,-0.04184276807598293,0.0,score_meanrev
2021-05-07,-0.0211502538550943,0.2,score_meanrev
2021-05-10,0.0014450127655404321,0.4,score_meanrev
2021-05-11,-0.015797419304008842,0.4,score_meanrev
2021-05-12,0.017184326888992164,0.8,score_meanrev
2021-05-13,0.02014647456483003,0.8,score_meanrev
2021-05-14,0.006037844672829862,0.4,score_meanrev
2021-05-17,-0.00023673802391774857,0.6,score_meanrev
2021-05-18,0.030036691580643038,0.6,score_meanrev
2021-05-19,0.010863419583563117,0.8,score_meanrev
2021-05-20,0.013310967237116023,0.6,score_meanrev
2021-05-21,0.00884506335208055,0.6,score_meanrev
2021-05-24,0.004591736448868122,0.8,score_meanrev
2021-05-25,0.009582681210678757,0.6,score_meanrev
2021-05-26,0.006436591794994229,0.8,score_meanrev
2021-05-27,0.005870284092478273,0.8,score_meanrev
2021-05-28,0.0026380613421455703,0.8,score_meanrev
2021-06-01,0.009213281424241493,0.8,score_meanrev
2021-06-02,0.008549614389635595,0.6,score_meanrev
2021-06-03,0.0037905801794615225,0.4,score_meanrev
2021-06-04,-0.004842108374950982,0.2,score_meanrev
2021-06-07,0.00038477378291577045,0.4,score_meanrev
2021-06-08,-0.028823439039872965,0.2,score_meanrev
2021-06-09,-0.030766599490255064,0.0,score_meanrev
2021-06-10,-0.04168382315167585,0.0,score_meanrev
2021-06-11,-0.06546855703003307,0.0,score_meanrev
2021-06-14,-0.035036499215314154,0.0,score_meanrev
2021-06-15,-0.0225307232142651,0.2,score_meanrev
2021-06-16,-0.023634690541608605,0.0,score_meanrev
2021-06-17,0.011277711606558771,0.8,score_meanrev
2021-06-18,0.03849774780403559,1.0,score_meanrev
2021-06-21,0.015979176866280566,1.0,score_meanrev
2021-06-22,0.016658328503838547,1.0,score_meanrev
2021-06-23,0.02779152170403685,1.0,score_meanrev
2021-06-24,0.015229976984494065,0.8,score_meanrev
2021-06-25,0.04030799157138261,1.0,score_meanrev
2021-06-28,-0.0061176342184187105,0.4,score_meanrev
2021-06-29,0.003647773517911945,0.6,score_meanrev
2021-06-30,0.014912407803547346,0.6,score_meanrev
2021-07-01,0.01131807672615166,0.8,score_meanrev
2021-07-02,0.01719166104547476,1.0,score_meanrev
2021-07-06,0.020896156939105338,1.0,score_meanrev
2021-07-07,0.011595319128211013,0.6,score_meanrev
2021-07-08,0.026082754967610054,0.6,score_meanrev
2021-07-09,-0.041721925899306345,0.0,score_meanrev
2021-07-12,-0.024547922847042193,0.0,score_meanrev
2021-07-13,-0.025649651999183277,0.2,score_meanrev
2021-07-14,-0.005607260985625984,0.2,score_meanrev
2021-07-15,0.009410092153009674,0.6,score_meanrev
2021-07-16,0.02550866320246441,1.0,score_meanrev
2021-07-19,0.05476313453852111,1.0,score_meanrev
2021-07-20,0.022159763730357086,1.0,score_meanrev
2021-07-21,-0.00039549068438102795,0.6,score_meanrev
2021-07-22,0.00807740709036484,0.8,score_meanrev
2021-07-23,0.005156529991486613,0.6,score_meanrev
2021-07-26,-0.0026805617109454173,0.4,score_meanrev
2021-07-27,0.00801263890263093,1.0,score_meanrev
2021-07-28,0.009790178736981913,0.6,score_meanrev
2021-07-29,-0.004871751033628491,0.6,score_meanrev
2021-07-30,0.006407692666539777,1.0,score_meanrev
2021-08-02,0.0019113308738254009,0.6,score_meanrev
2021-08-03,1.3221197103963079e-05,0.6,score_meanrev
2021-08-04,0.011565785929261918,0.4,score_meanrev
2021-08-05,-0.0038520572606315804,0.4,score_meanrev
2021-08-06,-0.006168172852704568,0.6,score_meanrev
2021-08-09,0.023325999574089717,1.0,score_meanrev
2021-08-10,0.025530752096556066,1.0,score_meanrev
2021-08-11,-0.013304341174964773,0.2,score_meanrev
2021-08-12,-0.01677180905281863,0.0,score_meanrev
2021-08-13,-0.008935369390144766,0.2,score_meanrev
2021-08-16,0.009287767512579204,0.2,score_meanrev
2021-08-17,0.025623481208329135,0.6,score_meanrev
2021-08-18,0.016761196390456812,1.0,score_meanrev
2021-08-19,0.036205929296435804,1.0,score_meanrev
2021-08-20,0.03839454381936824,1.0,score_meanrev
2021-08-23,0.010990029076721242,0.8,score_meanrev
2021-08-24,-0.003739724589667359,0.2,score_meanrev
2021-08-25,-0.001550333935524928,0.4,score_meanrev
2021-08-26,0.013186877068680847,1.0,score_meanrev
2021-08-27,0.013086651859188735,1.0,score_meanrev
2021-08-30,-0.0024174129181861793,0.2,score_meanrev
2021-08-31,-0.004983652570350628,0.2,score_meanrev
2021-09-01,-0.0039242585714337475,0.4,score_meanrev
2021-09-02,-0.003839584390408479,0.4,score_meanrev
2021-09-03,0.006201696439709137,0.6,score_meanrev
2021-09-07,-0.013799360980986174,0.0,score_meanrev
2021-09-08,-0.008311713227429362,0.2,score_meanrev
2021-09-09,-0.018578601046127186,0.0,score_meanrev
2021-09-10,-0.006238245087961847,0.2,score_meanrev
2021-09-13,-0.010855357214443995,0.2,score_meanrev
2021-09-14,-0.005992228581984183,0.2,score_meanrev
2021-09-15,-0.017845928028089507,0.0,score_meanrev
2021-09-16,-0.0017835071023269756,0.4,score_meanrev
2021-09-17,-0.006102232108115868,0.2,score_meanrev
2021-09-20,0.025360307122933134,0.8,score_meanrev
2021-09-21,0.018190113391831318,0.8,score_meanrev
2021-09-22,0.0009295810862048226,0.2,score_meanrev
2021-09-23,-0.03882661805497671,0.0,score_meanrev
2021-09-24,-0.016327851415700256,0.2,score_meanrev
2021-09-27,-0.02411159334970685,0.0,score_meanrev
2021-09-28,0.006697810393710002,0.6,score_meanrev
2021-09-29,0.011762548752900415,0.8,score_meanrev
2021-09-30,0.027528407840485648,1.0,score_meanrev
2021-10-01,0.019895108111070627,1.0,score_meanrev
2021-10-04,0.031264507525349,1.0,score_meanrev
2021-10-05,-0.0008733088310974191,0.4,score_meanrev
2021-10-06,0.004474164603600861,0.6,score_meanrev
2021-10-07,-0.005832342013381786,0.4,score_meanrev
2021-10-08,0.00593241251211214,0.6,score_meanrev
2021-10-11,-0.010996645966686458,0.0,score_meanrev
2021-10-12,0.021409583019709764,0.8,score_meanrev
2021-10-13,0.03687855651101579,0.8,score_meanrev
2021-10-14,0.014863889845473844,0.6,score_meanrev
2021-10-15,0.009035799478601137,0.6,score_meanrev
2021-10-18,0.016239573779028606,0.6,score_meanrev
2021-10-19,-0.0003302117816917249,0.6,score_meanrev
2021-10-20,-0.030208173386778503,0.4,score_meanrev
2021-10-21,-0.00366851743398513,0.4,score_meanrev
2021-10-22,0.002410233137727724,0.4,score_meanrev
2021-10-25,0.011497562435704212,0.6,score_meanrev
2021-10-26,0.014773800423969984,0.6,score_meanrev
2021-10-27,0.00927086989589212,0.6,score_meanrev
2021-10-28,0.01428251933899738,0.8,score_meanrev
2021-10-29,0.039433317745240795,1.0,score_meanrev
2021-11-01,0.026949880952585437,1.0,score_meanrev
2021-11-02,0.03575493174414583,0.8,score_meanrev
2021-11-03,0.04023503978964069,0.8,score_meanrev
2021-11-04,0.010563945830980859,0.6,score_meanrev
2021-11-05,0.005152912177539481,0.6,score_meanrev
2021-11-08,-0.0027823419103123912,0.4,score_meanrev
2021-11-09,0.0015781757675785268,0.6,score_meanrev
2021-11-10,0.0007589814130526173,0.4,score_meanrev
2021-11-11,-0.009656377577212383,0.4,score_meanrev
2021-11-12,-0.007583856796157473,0.4,score_meanrev
2021-11-15,-0.036194725928901425,0.0,score_meanrev
2021-11-16,-0.014912616341934082,0.2,score_meanrev
2021-11-17,-0.009869793070297783,0.4,score_meanrev
2021-11-18,-0.014944397661579335,0.4,score_meanrev
2021-11-19,-0.017576933441619768,0.4,score_meanrev
2021-11-22,-0.03819187792319103,0.2,score_meanrev
2021-11-23,-0.06754438608179265,0.0,score_meanrev
2021-11-24,-0.06383099389189861,0.0,score_meanrev
2021-11-26,-0.025859314962681856,0.0,score_meanrev
2021-11-29,0.01211468085103884,0.6,score_meanrev
2021-11-30,0.03595307423187812,0.8,score_meanrev
2021-12-01,0.06377056327682337,1.0,score_meanrev
2021-12-02,0.022861876813337668,0.8,score_meanrev
2021-12-03,0.02804290062780359,0.8,score_meanrev
2021-12-06,0.0055003116269007005,0.6,score_meanrev
2021-12-07,-0.02858691004587397,0.4,score_meanrev
2021-12-08,0.0060237271695684266,0.4,score_meanrev
2021-12-09,-0.0015587897181126964,0.4,score_meanrev
2021-12-10,-0.008483887768132048,0.4,score_meanrev
2021-12-13,-0.011039223006841303,0.2,score_meanrev
2021-12-14,0.009361980408258109,0.8,score_meanrev
2021-12-15,0.002602016633290227,0.8,score_meanrev
2021-12-16,0.02771714008003443,0.8,score_meanrev
2021-12-17,0.057427878972532695,1.0,score_meanrev
2021-12-20,0.047878997803769606,1.0,score_meanrev
2021-12-21,0.028954565410705513,1.0,score_meanrev
2021-12-22,0.02522934003380146,1.0,score_meanrev
2021-12-23,0.015022811903970524,0.8,score_meanrev
2021-12-27,0.007817336037438527,0.6,score_meanrev
2021-12-28,-0.005108348122497652,0.6,score_meanrev
2021-12-29,-0.021798427004872778,0.4,score_meanrev
2021-12-30,-0.0024857802441202725,0.6,score_meanrev
2021-12-31,0.010974555947928377,0.6,score_meanrev
2022-01-03,-0.07205172035543847,0.0,score_meanrev
2022-01-04,-0.03464029237836452,0.2,score_meanrev
2022-01-05,0.012564215560538217,0.8,score_meanrev
2022-01-06,-0.005059812659662044,0.4,score_meanrev
2022-01-07,-0.0057151865318428195,0.6,score_meanrev
2022-01-10,-0.027574350997116248,0.0,score_meanrev
2022-01-11,-0.026811633042251183,0.2,score_meanrev
2022-01-12,-0.03964475909370317,0.2,score_meanrev
2022-01-13,-0.03395631445884921,0.2,score_meanrev
2022-01-14,-0.049493777116029467,0.0,score_meanrev
2022-01-18,-0.02162827710179278,0.2,score_meanrev
2022-01-19,-0.00022797349534324772,0.2,score_meanrev
2022-01-20,-0.03350981566697333,0.2,score_meanrev
2022-01-21,0.01759495160557587,1.0,score_meanrev
2022-01-24,0.022264435748620783,0.8,score_meanrev
2022-01-25,0.04880262140037197,0.8,score_meanrev
2022-01-26,0.041225839867017625,0.8,score_meanrev
2022-01-27,0.02629406562200607,0.8,score_meanrev
2022-01-28,0.013482205673240811,0.6,score_meanrev
2022-01-31,-0.005789266696926565,0.2,score_meanrev
2022-02-01,-0.005057247342162197,0.2,score_meanrev
2022-02-02,0.00908279024664469,0.6,score_meanrev
2022-02-03,-0.006633722845114898,0.6,score_meanrev
2022-02-04,-0.023420366627020916,0.0,score_meanrev
2022-02-07,-0.026496524628797945,0.0,score_meanrev
2022-02-08,-0.00816833725966446,0.4,score_meanrev
2022-02-09,-0.014899316685617569,0.4,score_meanrev
2022-02-10,-0.01958588922065372,0.4,score_meanrev
2022-02-11,-0.028597998638914546,0.2,score_meanrev
2022-02-14,-0.002252508958971,0.4,score_meanrev
2022-02-15,-0.04221055768163808,0.0,score_meanrev
2022-02-16,-0.041898806016209766,0.2,score_meanrev
2022-02-17,0.012218439523039581,0.8,score_meanrev
2022-02-18,0.023362164082783198,0.6,score_meanrev
2022-02-22,0.00878936787001663,0.6,score_meanrev
2022-02-23,0.06152188371879341,1.0,score_meanrev
2022-02-24,0.0410079205785316,1.0,score_meanrev
2022-02-25,0.0009190881678978302,0.6,score_meanrev
2022-02-28,-0.051714135681374576,0.2,score_meanrev
2022-03-01,-0.07224020637808404,0.0,score_meanrev
2022-03-02,-0.054292834411315515,0.0,score_meanrev
2022-03-03,-0.051676726386603054,0.0,score_meanrev
2022-03-04,-0.028806288527581693,0.0,score_meanrev
2022-03-07,0.046439900279841594,1.0,score_meanrev
2022-03-08,0.05244542671678838,1.0,score_meanrev
2022-03-09,0.04368554088310335,1.0,score_meanrev
2022-03-10,0.04024741863108159,1.0,score_meanrev
2022-03-11,0.03133771084296015,0.8,score_meanrev
2022-03-14,0.04252171124249295,0.8,score_meanrev
2022-03-15,0.057285446359484224,0.8,score_meanrev
2022-03-16,0.03736408078742626,0.8,score_meanrev
2022-03-17,0.029912735706044226,0.8,score_meanrev
2022-03-18,0.015545873024747636,0.8,score_meanrev
2022-03-21,0.0010816185529492594,0.8,score_meanrev
2022-03-22,0.00731660252388473,0.8,score_meanrev
2022-03-23,0.014003119499814632,0.6,score_meanrev
2022-03-24,-0.0011488074260256776,0.4,score_meanrev
2022-03-25,0.004240139311564683,0.6,score_meanrev
2022-03-28,-0.010206050146144442,0.2,score_meanrev
2022-03-29,-0.03230298153626181,0.0,score_meanrev
2022-03-30,-0.037799806267147226,0.0,score_meanrev
2022-03-31,-0.030775325533179253,0.4,score_meanrev
2022-04-01,-0.02106091963039016,0.4,score_meanrev
2022-04-04,-0.049813247740779644,0.4,score_meanrev
2022-04-05,-0.06078849315631165,0.0,score_meanrev
2022-04-06,-0.035952012584746985,0.0,score_meanrev
2022-04-07,-0.03346622502423848,0.4,score_meanrev
2022-04-08,-0.029803226300505914,0.2,score_meanrev
2022-04-11,0.009684116136962318,0.8,score_meanrev
2022-04-12,0.017779515178849993,0.8,score_meanrev
2022-04-13,0.006344469954742115,0.6,score_meanrev
2022-04-14,-0.043021528700878206,0.2,score_meanrev
2022-04-18,0.006477334819282099,0.8,score_meanrev
2022-04-19,-0.045240036062674883,0.0,score_meanrev
2022-04-20,-0.07341653303506288,0.0,score_meanrev
2022-04-21,-0.010229612481661654,0.2,score_meanrev
2022-04-22,-0.035268104843461344,0.2,score_meanrev
2022-04-25,-0.033254816726421166,0.2,score_meanrev
2022-04-26,-0.023123320218679577,0.4,score_meanrev
2022-04-27,0.03456573159764278,0.8,score_meanrev
2022-04-28,-0.006980353961350683,0.4,score_meanrev
2022-04-29,-0.0020252294112749645,0.8,score_meanrev
2022-05-02,-0.03326786342319281,0.4,score_meanrev
2022-05-03,-0.04597174979820147,0.4,score_meanrev
2022-05-04,-0.053875642510658794,0.0,score_meanrev
2022-05-05,-0.03564220695672773,0.2,score_meanrev
2022-05-06,-0.011625308023753833,0.2,score_meanrev
2022-05-09,0.009933407578103215,0.8,score_meanrev
2022-05-10,0.041397740759010614,0.8,score_meanrev
2022-05-11,-0.01271186130475388,0.4,score_meanrev
2022-05-12,0.005245095752604123,0.6,score_meanrev
2022-05-13,-0.03595526093977415,0.2,score_meanrev
2022-05-16,-0.023807008639790996,0.6,score_meanrev
2022-05-17,-0.034205007088123,0.2,score_meanrev
2022-05-18,0.03370010327820801,1.0,score_meanrev
2022-05-19,0.06506863116269938,1.0,score_meanrev
2022-05-20,0.06747898229109853,1.0,score_meanrev
2022-05-23,0.030038078360813004,1.0,score_meanrev
2022-05-24,0.07647307462069648,0.8,score_meanrev
2022-05-25,0.053711100877353604,1.0,score_meanrev
2022-05-26,0.022900410064142784,0.6,score_meanrev
2022-05-27,0.006576606833542909,0.2,score_meanrev
2022-05-31,0.03536553870558186,0.6,score_meanrev
2022-06-01,-0.005027364216072172,0.2,score_meanrev
2022-06-02,-0.013807475834213512,0.2,score_meanrev
2022-06-03,-0.03568781575734585,0.0,score_meanrev
2022-06-06,-0.04020375189427916,0.0,score_meanrev
2022-06-07,-0.06928863412183503,0.0,score_meanrev
2022-06-08,-0.049235956286211024,0.0,score_meanrev
2022-06-09,-0.0683399360122096,0.0,score_meanrev
2022-06-10,-0.04875551468812613,0.0,score_meanrev
2022-06-13,0.056043474473401765,0.8,score_meanrev
2022-06-14,0.014510854466520052,0.8,score_meanrev
2022-06-15,-0.051532139860992296,0.2,score_meanrev
2022-06-16,0.02705241108472505,0.6,score_meanrev
2022-06-17,0.03839351349450402,0.6,score_meanrev
2022-06-21,-0.007960757896163928,0.6,score_meanrev
2022-06-22,-0.015082872236444556,0.0,score_meanrev
2022-06-23,0.01310959563368399,0.6,score_meanrev
2022-06-24,-0.019379145305692312,0.2,score_meanrev
2022-06-27,-0.04305635338099019,0.0,score_meanrev
2022-06-28,-0.030373564832409005,0.2,score_meanrev
2022-06-29,0.005082451692301771,0.8,score_meanrev
2022-06-30,0.04939175760750671,0.8,score_meanrev
2022-07-01,0.029297553313430136,1.0,score_meanrev
2022-07-05,0.007900672026847499,0.8,score_meanrev
2022-07-06,-0.002971351960084423,0.6,score_meanrev
2022-07-07,-0.03894124928966205,0.0,score_meanrev
2022-07-08,-0.023054903879133802,0.2,score_meanrev
2022-07-11,-0.018243592491175954,0.2,score_meanrev
2022-07-12,0.012536760224193278,0.6,score_meanrev
2022-07-13,0.028934450086189712,0.6,score_meanrev
2022-07-14,0.08598219513174739,1.0,score_meanrev
2022-07-15,0.03672081883413973,1.0,score_meanrev
2022-07-18,0.010710888574344834,0.8,score_meanrev
2022-07-19,-0.000788076126828341,0.6,score_meanrev
2022-07-20,0.013088842283869907,0.8,score_meanrev
2022-07-21,0.007689171409067308,0.6,score_meanrev
2022-07-22,0.02124772275160285,0.8,score_meanrev
2022-07-25,0.02047449850758354,0.8,score_meanrev
2022-07-26,0.03495831595577235,0.8,score_meanrev
2022-07-27,0.02305260837576375,0.8,score_meanrev
2022-07-28,-0.0247196842089636,0.4,score_meanrev
2022-07-29,0.008337520296337896,0.6,score_meanrev
2022-08-01,0.001279722694142804,0.6,score_meanrev
2022-08-02,0.012087467887226033,0.8,score_meanrev
2022-08-03,0.023000719014054295,0.8,score_meanrev
2022-08-04,0.013656097605208407,0.8,score_meanrev
2022-08-05,0.023446472487671777,0.8,score_meanrev
2022-08-08,0.03151552388510823,1.0,score_meanrev
2022-08-09,0.04517855971167062,0.8,score_meanrev
2022-08-10,0.00790020059397598,0.8,score_meanrev
2022-08-11,0.02030072123551423,0.8,score_meanrev
2022-08-12,-0.009371703682223531,0.6,score_meanrev
2022-08-15,-0.01436919642926795,0.4,score_meanrev
2022-08-16,-0.010551041276202034,0.2,score_meanrev
2022-08-17,-0.03550283019980434,0.0,score_meanrev
2022-08-18,0.0009113116690708356,0.6,score_meanrev
2022-08-19,-0.05544846184473853,0.2,score_meanrev
2022-08-22,-0.05436854103197044,0.0,score_meanrev
2022-08-23,-0.04330163666257503,0.0,score_meanrev
2022-08-24,-0.05839882859901968,0.0,score_meanrev
2022-08-25,-0.055580830215257795,0.0,score_meanrev
2022-08-26,-0.040911507920012524,0.0,score_meanrev
2022-08-29,-0.03907245506147827,0.2,score_meanrev
2022-08-30,-0.02167249781699232,0.2,score_meanrev
2022-08-31,0.0020021461365649753,0.6,score_meanrev
2022-09-01,0.020071569284820123,0.6,score_meanrev
2022-09-02,0.03407944414133555,1.0,score_meanrev
2022-09-06,0.0015515515179343798,0.6,score_meanrev
2022-09-07,-0.011653262209311732,0.4,score_meanrev
2022-09-08,-0.029086929738070522,0.2,score_meanrev
2022-09-09,-0.022389668248092277,0.2,score_meanrev
2022-09-12,-0.03654111461267917,0.0,score_meanrev
2022-09-13,-0.004191802280377499,0.2,score_meanrev
2022-09-14,-0.018286492315900606,0.2,score_meanrev
2022-09-15,-0.020230211618492432,0.0,score_meanrev
2022-09-16,-0.03130258568250048,0.0,score_meanrev
2022-09-19,-0.041239597325329315,0.0,score_meanrev
2022-09-20,-0.05438947348052916,0.0,score_meanrev
2022-09-21,-0.03577435872837933,0.0,score_meanrev
2022-09-22,-0.03570034272789304,0.0,score_meanrev
2022-09-23,-0.01849749196206041,0.0,score_meanrev
2022-09-26,0.039297933584709274,1.0,score_meanrev
2022-09-27,0.05614822180169976,1.0,score_meanrev
2022-09-28,0.02758963800615479,0.8,score_meanrev
2022-09-29,0.01854710322285824,0.6,score_meanrev
2022-09-30,0.006052074204313929,0.6,score_meanrev
2022-10-03,-0.015531710572190738,0.2,score_meanrev
2022-10-04,-0.03182856187364482,0.0,score_meanrev
2022-10-05,-0.03092406474116305,0.0,score_meanrev
2022-10-06,-0.002177721831363821,0.4,score_meanrev
2022-10-07,0.017160904701401303,0.8,score_meanrev
2022-10-10,0.03253569921101196,1.0,score_meanrev
2022-10-11,0.06636971755337565,1.0,score_meanrev
2022-10-12,0.04433563204348112,1.0,score_meanrev
2022-10-13,0.03025896117622571,1.0,score_meanrev
2022-10-14,0.08176545914972802,0.8,score_meanrev
2022-10-17,0.040680970300996086,1.0,score_meanrev
2022-10-18,0.06142518166986921,1.0,score_meanrev
2022-10-19,0.04168534395206107,1.0,score_meanrev
2022-10-20,0.09287566510011969,1.0,score_meanrev
2022-10-21,0.07396130414657054,1.0,score_meanrev
2022-10-24,0.04530800654507039,1.0,score_meanrev
2022-10-25,-0.02577718279466763,0.8,score_meanrev
2022-10-26,-0.016318228600121953,0.6,score_meanrev
2022-10-27,-0.028568038063497524,0.4,score_meanrev
2022-10-28,-0.03853631844490564,0.4,score_meanrev
2022-10-31,-0.017459560804001593,0.4,score_meanrev
2022-11-01,-0.007576523184831707,0.4,score_meanrev
2022-11-02,-0.031215523061847116,0.4,score_meanrev
2022-11-03,0.07948043902995786,1.0,score_meanrev
2022-11-04,0.09500323644105628,1.0,score_meanrev
2022-11-07,0.04503192560438816,0.8,score_meanrev
2022-11-08,0.054728932176991776,0.8,score_meanrev
2022-11-09,0.09783887916147074,1.0,score_meanrev
2022-11-10,-0.007571018620476955,0.4,score_meanrev
2022-11-11,0.018749821665444522,0.8,score_meanrev
2022-11-14,0.03155287601193346,1.0,score_meanrev
2022-11-15,0.03777706524018898,1.0,score_meanrev
2022-11-16,0.033137999589969436,1.0,score_meanrev
2022-11-17,0.025868062021200223,1.0,score_meanrev
2022-11-18,0.004249521749137686,0.4,score_meanrev
2022-11-21,0.013040188518080819,0.4,score_meanrev
2022-11-22,0.016718445453515994,0.6,score_meanrev
2022-11-23,-0.008918175906361302,0.4,score_meanrev
2022-11-25,-0.0024569214846671184,0.4,score_meanrev
2022-11-28,0.006053556667278382,0.6,score_meanrev
2022-11-29,-0.01092506263529509,0.6,score_meanrev
2022-11-30,-0.02473385317866359,0.2,score_meanrev
2022-12-01,-0.04679590157615536,0.2,score_meanrev
2022-12-02,-0.050293649398242476,0.0,score_meanrev
2022-12-05,-0.004367330122131663,0.4,score_meanrev
2022-12-06,0.017522742515232448,1.0,score_meanrev
2022-12-07,0.007592843335847021,0.6,score_meanrev
2022-12-08,-0.012602518909105642,0.2,score_meanrev
2022-12-09,-0.015907318389010404,0.2,score_meanrev
2022-12-12,-0.01891772067406703,0.4,score_meanrev
2022-12-13,-0.017446154093167233,0.0,score_meanrev
2022-12-14,-0.009419251106826464,0.4,score_meanrev
2022-12-15,-0.013296822267408559,0.2,score_meanrev
2022-12-16,-0.00408999055299184,0.6,score_meanrev
2022-12-19,0.033017181471899894,0.8,score_meanrev
2022-12-20,0.0024331453116689604,0.2,score_meanrev
2022-12-21,-0.011685247002844457,0.4,score_meanrev
2022-12-22,-0.0063919661913218965,0.4,score_meanrev
2022-12-23,-0.015062432017405447,0.6,score_meanrev
2022-12-27,0.018232860604100655,0.6,score_meanrev
2022-12-28,0.009844713465389066,0.6,score_meanrev
2022-12-29,0.04574156349169618,1.0,score_meanrev
2022-12-30,0.020468764252412775,0.8,score_meanrev
2023-01-03,0.01848571423284571,0.6,score_meanrev
2023-01-04,0.0031143648019393176,0.6,score_meanrev
2023-01-05,0.027080126104583213,0.8,score_meanrev
2023-01-06,0.013488164627221199,0.6,score_meanrev
2023-01-09,0.014199891519005603,0.6,score_meanrev
2023-01-10,-0.01828691664131037,0.2,score_meanrev
2023-01-11,-0.03021407793760087,0.0,score_meanrev
2023-01-12,-0.017829877150366148,0.2,score_meanrev
2023-01-13,-0.0307121131699144,0.0,score_meanrev
2023-01-17,-0.008216113896098064,0.4,score_meanrev
2023-01-18,0.006589173777416013,0.6,score_meanrev
2023-01-19,0.006651621448648148,0.4,score_meanrev
2023-01-20,6.4291982553355e-05,0.4,score_meanrev
2023-01-23,0.005668672722177526,0.6,score_meanrev
2023-01-24,-0.01648300309289561,0.4,score_meanrev
2023-01-25,0.005709886333245739,0.6,score_meanrev
2023-01-26,0.005853841170664564,0.6,score_meanrev
2023-01-27,0.021294648056030808,0.8,score_meanrev
2023-01-30,0.011355432715372381,0.8,score_meanrev
2023-01-31,0.009701537508445556,0.8,score_meanrev
2023-02-01,-0.002117410555680599,0.4,score_meanrev
2023-02-02,0.00881662980655833,0.6,score_meanrev
2023-02-03,0.016836462581409563,0.6,score_meanrev
2023-02-06,0.016805415569187753,0.6,score_meanrev
2023-02-07,0.016195241367652113,0.6,score_meanrev
2023-02-08,0.017233228623874462,0.8,score_meanrev
2023-02-09,0.02339838804191674,0.6,score_meanrev
2023-02-10,0.007375828711396059,0.8,score_meanrev
2023-02-13,-0.04919276157916046,0.0,score_meanrev
2023-02-14,-0.0336250569516386,0.2,score_meanrev
2023-02-15,-0.030721756484747686,0.2,score_meanrev
2023-02-16,-0.023432538938539894,0.2,score_meanrev
2023-02-17,-0.024033400056023568,0.0,score_meanrev
2023-02-21,-0.016826632327890122,0.2,score_meanrev
2023-02-22,-0.013469105833068507,0.2,score_meanrev
2023-02-23,-0.006146108431993103,0.4,score_meanrev
2023-02-24,0.024380295807381637,1.0,score_meanrev
2023-02-27,0.013870485891068629,0.6,score_meanrev
2023-02-28,0.009958184774157997,0.6,score_meanrev
2023-03-01,0.0053781064961109905,0.8,score_meanrev
2023-03-02,-0.013281956038039167,0.2,score_meanrev
2023-03-03,-0.03097060338726909,0.2,score_meanrev
2023-03-06,-0.055627018078320975,0.0,score_meanrev
2023-03-07,-0.025933260516858493,0.0,score_meanrev
2023-03-08,-0.03498579954511203,0.2,score_meanrev
2023-03-09,-0.01280682375692066,0.6,score_meanrev
2023-03-10,-0.05011169780265876,0.0,score_meanrev
2023-03-13,-0.016628797790293026,0.2,score_meanrev
2023-03-14,-0.005580295100227728,0.2,score_meanrev
2023-03-15,0.00558792522701832,0.8,score_meanrev
2023-03-16,0.000991863619931177,0.6,score_meanrev
2023-03-17,0.009531346940367169,0.6,score_meanrev
2023-03-20,0.007122528794044558,0.6,score_meanrev
2023-03-21,-0.004981934850523939,0.4,score_meanrev
2023-03-22,0.02258881078158006,1.0,score_meanrev
2023-03-23,0.021318036018892882,1.0,score_meanrev
2023-03-24,0.06268133106623104,1.0,score_meanrev
2023-03-27,0.04624600263676668,1.0,score_meanrev
2023-03-28,0.036256416565392025,1.0,score_meanrev
2023-03-29,0.03296156567998645,0.8,score_meanrev
2023-03-30,0.01471828150606802,0.6,score_meanrev
2023-03-31,0.03015413863242957,0.6,score_meanrev
2023-04-03,-0.005466212733242393,0.4,score_meanrev
2023-04-04,0.004803648210087807,0.8,score_meanrev
2023-04-05,0.006870863123673776,0.6,score_meanrev
2023-04-06,0.03718608723204797,0.8,score_meanrev
2023-04-10,0.03261966974569732,0.8,score_meanrev
2023-04-11,0.02383904122224987,0.8,score_meanrev
2023-04-12,0.019955057843594616,0.6,score_meanrev
2023-04-13,-0.032917363940164354,0.2,score_meanrev
2023-04-14,0.002632821825110132,0.4,score_meanrev
2023-04-17,-0.02075858655500489,0.4,score_meanrev
2023-04-18,-0.002503485824803331,0.4,score_meanrev
2023-04-19,-0.027251953282946585,0.0,score_meanrev
2023-04-20,0.005006961931731224,0.6,score_meanrev
2023-04-21,0.018704509406538027,1.0,score_meanrev
2023-04-24,0.03243509855731737,0.8,score_meanrev
2023-04-25,0.023147896275133428,0.6,score_meanrev
2023-04-26,0.022522489557158232,0.8,score_meanrev
2023-04-27,-0.013864498050003537,0.2,score_meanrev
2023-04-28,-0.0133222167952745,0.2,score_meanrev
2023-05-01,-0.018855657228131494,0.2,score_meanrev
2023-05-02,-0.00013140687497672498,0.6,score_meanrev
2023-05-03,-0.005653834302289007,0.4,score_meanrev
2023-05-04,-0.0028245298058026556,0.2,score_meanrev
2023-05-05,-0.01229808290464951,0.4,score_meanrev
2023-05-08,-0.01193636932998492,0.2,score_meanrev
2023-05-09,-0.001205351207421601,0.4,score_meanrev
2023-05-10,0.002432453833841386,0.8,score_meanrev
2023-05-11,0.016429666041330115,0.8,score_meanrev
2023-05-12,0.006951280479277067,0.6,score_meanrev
2023-05-15,-0.029342398648021507,0.0,score_meanrev
2023-05-16,-0.006858427379245335,0.6,score_meanrev
2023-05-17,-0.029500236965168035,0.0,score_meanrev
2023-05-18,-0.042145588600255704,0.0,score_meanrev
2023-05-19,-0.030169483497046422,0.2,score_meanrev
2023-05-22,-0.026754393082177176,0.0,score_meanrev
2023-05-23,-0.024914526659186143,0.0,score_meanrev
2023-05-24,-0.00962046190304484,0.4,score_meanrev
2023-05-25,0.008271451676563846,1.0,score_meanrev
2023-05-26,0.01012806249886138,1.0,score_meanrev
2023-05-30,0.01800314778558949,1.0,score_meanrev
2023-05-31,0.04219378180150146,1.0,score_meanrev
2023-06-01,0.01861431353602001,0.8,score_meanrev
2023-06-02,0.008152068444935412,0.6,score_meanrev
2023-06-05,0.026996742609060976,1.0,score_meanrev
2023-06-06,0.0250179140194013,0.8,score_meanrev
2023-06-07,0.0076954286173828825,0.8,score_meanrev
2023-06-08,0.041470238757601384,0.8,score_meanrev
2023-06-09,0.0258939633195606,0.8,score_meanrev
2023-06-12,0.0022608138758801965,0.8,score_meanrev
2023-06-13,0.008284667378133447,0.8,score_meanrev
2023-06-14,0.009774649724695416,0.8,score_meanrev
2023-06-15,-0.008043634417267565,0.4,score_meanrev
2023-06-16,0.0018248330326132711,0.4,score_meanrev
2023-06-20,-0.01057900151380391,0.2,score_meanrev
2023-06-21,-0.006623377906917827,0.4,score_meanrev
2023-06-22,0.018416897474341675,1.0,score_meanrev
2023-06-23,0.029913836606630006,1.0,score_meanrev
2023-06-26,0.025959912840227604,1.0,score_meanrev
2023-06-27,0.017758014528882527,1.0,score_meanrev
2023-06-28,0.014191758199772631,0.8,score_meanrev
2023-06-29,0.008412559575612577,0.6,score_meanrev
2023-06-30,-0.013212633373828876,0.2,score_meanrev
2023-07-03,-0.019548320682769838,0.0,score_meanrev
2023-07-05,0.013806406183215247,0.8,score_meanrev
2023-07-06,0.029314585743873512,0.8,score_meanrev
2023-07-07,0.0019404332907517307,0.6,score_meanrev
2023-07-10,-0.01485813624513117,0.4,score_meanrev
2023-07-11,-0.01856117968925184,0.4,score_meanrev
2023-07-12,0.01538252245511853,0.4,score_meanrev
2023-07-13,0.029993509297628385,0.8,score_meanrev
2023-07-14,0.028784661497355257,0.8,score_meanrev
2023-07-17,0.044527786805414714,1.0,score_meanrev
2023-07-18,0.02831811158158497,0.8,score_meanrev
2023-07-19,0.0343472229897281,0.8,score_meanrev
2023-07-20,0.009394695424878873,0.2,score_meanrev
2023-07-21,0.0035849642342573817,0.4,score_meanrev
2023-07-24,0.028593700041208914,0.8,score_meanrev
2023-07-25,0.003945015047159384,0.8,score_meanrev
2023-07-26,-0.01688907747825503,0.2,score_meanrev
2023-07-27,-0.0004685558694468295,0.6,score_meanrev
2023-07-28,-0.012182487852953528,0.2,score_meanrev
2023-07-31,-0.001212978713259516,0.4,score_meanrev
2023-08-01,-0.0033991986733927114,0.6,score_meanrev
2023-08-02,-0.011707885676635676,0.2,score_meanrev
2023-08-03,-0.01589025886818063,0.2,score_meanrev
2023-08-04,0.0018859042355602318,0.6,score_meanrev
2023-08-07,-0.00022291645459899813,0.4,score_meanrev
2023-08-08,-0.016066923208982842,0.2,score_meanrev
2023-08-09,-0.004266634391113832,0.4,score_meanrev
2023-08-10,-0.01817451257365743,0.2,score_meanrev
2023-08-11,-0.007553191081214816,0.2,score_meanrev
2023-08-14,-0.008571048285850669,0.4,score_meanrev
2023-08-15,-0.020732186290324826,0.0,score_meanrev
2023-08-16,-0.010093100379965293,0.2,score_meanrev
2023-08-17,-0.012302284546315944,0.6,score_meanrev
2023-08-18,0.0008607381055048436,0.6,score_meanrev
2023-08-21,0.0069162532663590735,0.8,score_meanrev
2023-08-22,0.018158822494403638,0.8,score_meanrev
2023-08-23,0.008223216068619065,0.8,score_meanrev
2023-08-24,0.02993496226210477,0.8,score_meanrev
2023-08-25,-0.009524825799123171,0.2,score_meanrev
2023-08-28,-0.013077749886014133,0.2,score_meanrev
2023-08-29,-0.029738875482275405,0.2,score_meanrev
2023-08-30,-0.024513006304559215,0.2,score_meanrev
2023-08-31,-0.004288482361895584,0.4,score_meanrev
2023-09-01,0.003901286492394207,0.6,score_meanrev
2023-09-05,0.011894813990806963,0.8,score_meanrev
2023-09-06,0.004724195977969403,0.6,score_meanrev
2023-09-07,-0.00631843073493552,0.4,score_meanrev
2023-09-08,-0.013191804672905505,0.2,score_meanrev
2023-09-11,-0.017711590066527137,0.0,score_meanrev
2023-09-12,-0.01417285285576253,0.2,score_meanrev
2023-09-13,-0.027015774471601927,0.2,score_meanrev
2023-09-14,-0.051519638421110826,0.0,score_meanrev
2023-09-15,-0.04073221180437281,0.0,score_meanrev
2023-09-18,-0.03230225930148327,0.2,score_meanrev
2023-09-19,-0.05019844714842636,0.0,score_meanrev
2023-09-20,-0.02393154830001889,0.2,score_meanrev
2023-09-21,-0.006380224569547566,0.4,score_meanrev
2023-09-22,-0.0017898648046092759,0.4,score_meanrev
2023-09-25,-0.004505758183012398,0.4,score_meanrev
2023-09-26,-0.011233871012103958,0.2,score_meanrev
2023-09-27,-0.012487123250641986,0.2,score_meanrev
2023-09-28,-0.019864415433006922,0.2,score_meanrev
2023-09-29,-0.01985544543992652,0.4,score_meanrev
2023-10-02,-0.0016227562695415143,0.6,score_meanrev
2023-10-03,0.005463757855002971,0.6,score_meanrev
2023-10-04,0.009075197829207871,0.4,score_meanrev
2023-10-05,0.010673548674121536,0.8,score_meanrev
2023-10-06,0.0008542116315699344,0.6,score_meanrev
2023-10-09,0.014102541990551432,1.0,score_meanrev
2023-10-10,0.007999060232162413,0.8,score_meanrev
2023-10-11,0.029063277127568198,1.0,score_meanrev
2023-10-12,0.03487453755163759,1.0,score_meanrev
2023-10-13,-0.03189024059827981,0.0,score_meanrev
2023-10-16,-0.03284264210545085,0.0,score_meanrev
2023-10-17,-0.021157721396684946,0.0,score_meanrev
2023-10-18,-0.029141201346024336,0.0,score_meanrev
2023-10-19,-0.02256070520677338,0.2,score_meanrev
2023-10-20,-0.03392767097987555,0.0,score_meanrev
2023-10-23,-0.012934937225829835,0.2,score_meanrev
2023-10-24,-0.021478760190154645,0.4,score_meanrev
2023-10-25,0.003212582518816021,0.4,score_meanrev
2023-10-26,0.052216408110689394,0.8,score_meanrev
2023-10-27,0.0537791086618792,1.0,score_meanrev
2023-10-30,0.04697259942872876,1.0,score_meanrev
2023-10-31,0.04190629992971817,0.8,score_meanrev
2023-11-01,0.025777814078317206,0.8,score_meanrev
2023-11-02,-0.011620669817842466,0.2,score_meanrev
2023-11-03,-0.00538290767152152,0.4,score_meanrev
2023-11-06,0.007589656238681908,0.8,score_meanrev
2023-11-07,0.017157871491330634,0.8,score_meanrev
2023-11-08,0.028339378529282967,1.0,score_meanrev
2023-11-09,-0.008547205022482273,0.4,score_meanrev
2023-11-10,-0.0013410190351408114,0.8,score_meanrev
2023-11-13,0.006372906507330134,0.8,score_meanrev
2023-11-14,-0.006381603568000993,0.8,score_meanrev
2023-11-15,-0.011065496861943202,0.8,score_meanrev
2023-11-16,0.0038754923597937195,0.8,score_meanrev
2023-11-17,0.010224567672499862,1.0,score_meanrev
2023-11-20,0.0024096670890003447,0.6,score_meanrev
2023-11-21,-0.0005003419738425663,0.8,score_meanrev
2023-11-22,0.006166061825777791,0.8,score_meanrev
2023-11-24,0.004848875807194642,0.6,score_meanrev
2023-11-27,0.008319344546302477,0.6,score_meanrev
2023-11-28,-0.0010990208098880627,0.4,score_meanrev
2023-11-29,0.0043368045926968305,0.6,score_meanrev
2023-11-30,-4.911342077897896e-05,0.4,score_meanrev
2023-12-01,-0.005726921121049444,0.4,score_meanrev
2023-12-04,0.012868170050826744,0.8,score_meanrev
2023-12-05,0.009069219058088907,0.6,score_meanrev
2023-12-06,0.03301985490946948,1.0,score_meanrev
2023-12-07,0.015497163999025032,0.4,score_meanrev
2023-12-08,0.024759515450781654,0.8,score_meanrev
2023-12-11,0.02297023837275116,0.8,score_meanrev
2023-12-12,0.004887055452169453,0.8,score_meanrev
2023-12-13,-0.01605455427416307,0.2,score_meanrev
2023-12-14,0.004616459432506237,0.4,score_meanrev
2023-12-15,0.0003714513848742218,0.6,score_meanrev
2023-12-18,-0.0033876503851546723,0.4,score_meanrev
2023-12-19,0.004528915654487253,0.6,score_meanrev
2023-12-20,0.017264095412725312,1.0,score_meanrev
2023-12-21,0.0032540385839229247,0.6,score_meanrev
2023-12-22,-0.006361495997963873,0.2,score_meanrev
2023-12-26,-0.013425515188776504,0.4,score_meanrev
2023-12-27,-0.025475090587367723,0.4,score_meanrev
2023-12-28,-0.035356417390456876,0.2,score_meanrev
2023-12-29,-0.019031600301277818,0.2,score_meanrev
2024-01-02,0.005440282524355711,0.6,score_meanrev
2024-01-03,0.01143632371584824,0.8,score_meanrev
2024-01-04,0.019849893045166423,0.8,score_meanrev
2024-01-05,0.041542223981278825,1.0,score_meanrev
2024-01-08,-0.03600158510083704,0.0,score_meanrev
2024-01-09,-0.03083980821138619,0.2,score_meanrev
2024-01-10,-0.021582271817304544,0.2,score_meanrev
2024-01-11,-0.01776964571906394,0.2,score_meanrev
2024-01-12,0.003995310387007933,0.6,score_meanrev
2024-01-16,0.013489801975378435,0.6,score_meanrev
2024-01-17,0.03357389390359975,0.8,score_meanrev
2024-01-18,0.011110895222395478,0.6,score_meanrev
2024-01-19,0.014415090728294588,0.6,score_meanrev
2024-01-22,0.02432240783445865,0.8,score_meanrev
2024-01-23,0.008255545555528609,0.4,score_meanrev
2024-01-24,0.006970913358261455,0.6,score_meanrev
2024-01-25,0.02461823323319261,0.8,score_meanrev
2024-01-26,0.0010256322700338493,0.6,score_meanrev
2024-01-29,-0.019857704833027734,0.2,score_meanrev
2024-01-30,0.004639581676192739,0.6,score_meanrev
2024-01-31,0.007009377637866776,0.4,score_meanrev
2024-02-01,-0.00994132280812452,0.2,score_meanrev
2024-02-02,0.002517551841351673,0.6,score_meanrev
2024-02-05,0.02689886406820081,1.0,score_meanrev
2024-02-06,-0.0036539216128236964,0.6,score_meanrev
2024-02-07,0.008683439561200101,0.8,score_meanrev
2024-02-08,0.009287014565129282,0.6,score_meanrev
2024-02-09,0.013275846662862013,0.8,score_meanrev
2024-02-12,0.009719129923269398,0.8,score_meanrev
2024-02-13,0.011636385898688206,0.8,score_meanrev
2024-02-14,0.012054925841192277,0.8,score_meanrev
2024-02-15,0.01076784737530021,0.6,score_meanrev
2024-02-16,0.0031686390635992322,0.4,score_meanrev
2024-02-20,0.03799873845557489,1.0,score_meanrev
2024-02-21,0.04327710322799603,0.8,score_meanrev
2024-02-22,0.006837541668603309,0.6,score_meanrev
2024-02-23,0.010386669791439141,0.6,score_meanrev
2024-02-26,0.03617547103119896,0.8,score_meanrev
2024-02-27,-0.017666610368783454,0.4,score_meanrev
2024-02-28,-0.007231594388668073,0.2,score_meanrev
2024-02-29,-0.026710067775730907,0.0,score_meanrev
2024-03-01,-0.014866594288245372,0.2,score_meanrev
2024-03-04,0.005559203320609085,0.6,score_meanrev
2024-03-05,0.01632014211056294,0.8,score_meanrev
2024-03-06,0.017324711366892,0.8,score_meanrev
2024-03-07,0.013463704180859626,0.8,score_meanrev
2024-03-08,-0.0032085767754011394,0.4,score_meanrev
2024-03-11,-0.007262423177215571,0.6,score_meanrev
2024-03-12,0.002330990397885757,0.6,score_meanrev
2024-03-13,0.0022955140229374837,0.6,score_meanrev
2024-03-14,0.01725042809326518,0.8,score_meanrev
2024-03-15,0.025183520073163646,0.8,score_meanrev
2024-03-18,0.010503856458807892,0.6,score_meanrev
2024-03-19,-0.00178413627316516,0.2,score_meanrev
2024-03-20,0.007625221880698296,0.6,score_meanrev
2024-03-21,0.013036289920729827,0.8,score_meanrev
2024-03-22,0.0016564385432394247,0.4,score_meanrev
2024-03-25,-0.008776742886003209,0.4,score_meanrev
2024-03-26,-0.004719345285479526,0.4,score_meanrev
2024-03-27,-0.02595170618240985,0.0,score_meanrev
2024-03-28,-0.024525650744482253,0.2,score_meanrev
2024-04-01,-0.011856419840967325,0.0,score_meanrev
2024-04-02,-0.008448882479131581,0.4,score_meanrev
2024-04-03,-0.008332523815813463,0.4,score_meanrev
2024-04-04,-0.0115145503024358,0.4,score_meanrev
2024-04-05,-0.031706242919588346,0.2,score_meanrev
2024-04-08,-0.02037010038810738,0.0,score_meanrev
2024-04-09,-0.03022003873808097,0.0,score_meanrev
2024-04-10,-0.020028914847611445,0.2,score_meanrev
2024-04-11,-0.025253284910744966,0.0,score_meanrev
2024-04-12,-0.004326358516254003,0.4,score_meanrev
2024-04-15,0.0061146248156294545,0.6,score_meanrev
2024-04-16,0.027288579867924656,0.8,score_meanrev
2024-04-17,0.02627835036831332,0.8,score_meanrev
2024-04-18,0.008883453193058055,0.6,score_meanrev
2024-04-19,0.04771033871017991,1.0,score_meanrev
2024-04-22,0.033534114201408796,0.8,score_meanrev
2024-04-23,-0.02859728268253592,0.2,score_meanrev
2024-04-24,-0.010994408422390679,0.6,score_meanrev
2024-04-25,0.004133459092313241,0.2,score_meanrev
2024-04-26,-0.011407229117499806,0.2,score_meanrev
2024-04-29,-0.0002550909197785112,0.6,score_meanrev
2024-04-30,0.021340295152443112,1.0,score_meanrev
2024-05-01,0.025459843964830475,0.8,score_meanrev
2024-05-02,0.018133191677756243,0.8,score_meanrev
2024-05-03,0.03478966738536617,1.0,score_meanrev
2024-05-06,0.021389580707317446,1.0,score_meanrev
2024-05-07,0.02782577561150983,0.8,score_meanrev
2024-05-08,0.022555227397437382,0.8,score_meanrev
2024-05-09,0.03383679201937051,0.8,score_meanrev
2024-05-10,0.014013621397048492,0.6,score_meanrev
2024-05-13,0.014146972066074227,0.6,score_meanrev
2024-05-14,0.03287227260672669,0.8,score_meanrev
2024-05-15,0.024026764449113957,0.8,score_meanrev
2024-05-16,-0.022460515140925265,0.0,score_meanrev
2024-05-17,-0.03479415292934616,0.0,score_meanrev
2024-05-20,-0.005496287969025881,0.2,score_meanrev
2024-05-21,-0.023773438031859228,0.0,score_meanrev
2024-05-22,-0.018917001648359834,0.2,score_meanrev
2024-05-23,0.011266612318261093,0.8,score_meanrev
2024-05-24,-0.021100202949096203,0.8,score_meanrev
2024-05-28,-0.013017540552102025,0.6,score_meanrev
2024-05-29,0.02556578113803156,1.0,score_meanrev
2024-05-30,0.049175020596358185,1.0,score_meanrev
2024-05-31,0.011145816091007444,0.6,score_meanrev
2024-06-03,0.019202373459267008,0.8,score_meanrev
2024-06-04,0.017740539181873394,0.8,score_meanrev
2024-06-05,0.004903542824717699,0.2,score_meanrev
2024-06-06,-0.020522912474627408,0.0,score_meanrev
2024-06-07,-0.009843741480491297,0.2,score_meanrev
2024-06-10,-0.013863209493682938,0.0,score_meanrev
2024-06-11,0.003421000523184792,0.6,score_meanrev
2024-06-12,0.024304003659304917,1.0,score_meanrev
2024-06-13,0.022072876114074002,0.8,score_meanrev
2024-06-14,0.02112738536031178,1.0,score_meanrev
2024-06-17,0.01833820257768546,0.8,score_meanrev
2024-06-18,0.03233900237597043,1.0,score_meanrev
2024-06-20,0.030245411573684898,1.0,score_meanrev
2024-06-21,0.018259432495259475,0.8,score_meanrev
2024-06-24,0.03496201245590873,1.0,score_meanrev
2024-06-25,0.011560456236538563,0.4,score_meanrev
2024-06-26,-0.002836832897007269,0.4,score_meanrev
2024-06-27,-0.00011547730552632362,0.6,score_meanrev
2024-06-28,0.0032154221568402976,0.8,score_meanrev
2024-07-01,-0.0026828602603449657,0.8,score_meanrev
2024-07-02,-0.01471813093530001,0.2,score_meanrev
2024-07-03,0.0018915467726110303,0.6,score_meanrev
2024-07-05,0.006865358578507586,0.6,score_meanrev
2024-07-08,0.019829320494732537,0.8,score_meanrev
2024-07-09,0.02266621319366018,0.8,score_meanrev
2024-07-10,0.03537318842866712,1.0,score_meanrev
2024-07-11,0.0017521604232005883,0.6,score_meanrev
2024-07-12,-0.02250788278408109,0.2,score_meanrev
2024-07-15,-0.01951926369916359,0.2,score_meanrev
2024-07-16,-0.014697945909840504,0.2,score_meanrev
2024-07-17,-0.029475876608341854,0.2,score_meanrev
2024-07-18,-0.03216697848600323,0.2,score_meanrev
2024-07-19,-0.009833722588906135,0.2,score_meanrev
2024-07-22,0.0013796649470961154,0.6,score_meanrev
2024-07-23,0.016642155250170543,0.6,score_meanrev
2024-07-24,0.04484117991677552,1.0,score_meanrev
2024-07-25,0.022400346629145716,0.8,score_meanrev
2024-07-26,0.0021235301079585377,0.6,score_meanrev
2024-07-29,-0.10993273739550732,0.0,score_meanrev
2024-07-30,-0.013022195786137569,0.4,score_meanrev
2024-07-31,-0.010846606648569512,0.2,score_meanrev
2024-08-01,-0.07437667340505578,0.4,score_meanrev
2024-08-02,-0.0012243855050680708,0.4,score_meanrev
2024-08-05,0.019290780353700354,0.8,score_meanrev
2024-08-06,0.03238828446083368,1.0,score_meanrev
2024-08-07,0.04149654179248032,1.0,score_meanrev
2024-08-08,0.03962393718226216,1.0,score_meanrev
2024-08-09,0.027978202367473105,1.0,score_meanrev
2024-08-12,0.047845626848375566,1.0,score_meanrev
2024-08-13,0.02886005533675955,1.0,score_meanrev
2024-08-14,0.0223310957409212,1.0,score_meanrev
2024-08-15,0.018312050047612206,1.0,score_meanrev
2024-08-16,0.019592781790247437,1.0,score_meanrev
2024-08-19,0.020280107872320263,1.0,score_meanrev
2024-08-20,0.018207897933761208,1.0,score_meanrev
2024-08-21,0.0182312429811319,1.0,score_meanrev
2024-08-22,0.00822758743200307,0.4,score_meanrev
2024-08-23,0.013518648789079112,0.8,score_meanrev
2024-08-26,-0.04496203859568215,0.2,score_meanrev
2024-08-27,-0.035099188195852914,0.4,score_meanrev
2024-08-28,-0.016630062185411854,0.4,score_meanrev
2024-08-29,-0.04048212289484097,0.2,score_meanrev
2024-08-30,-0.042850525238572065,0.0,score_meanrev
2024-09-03,-0.01444180587629218,0.2,score_meanrev
2024-09-04,0.010383133853002158,0.4,score_meanrev
2024-09-05,0.02365012271064091,0.6,score_meanrev
2024-09-06,0.052664632596756,0.8,score_meanrev
2024-09-09,0.048154354707644245,0.8,score_meanrev
2024-09-10,0.03588401837938617,1.0,score_meanrev
2024-09-11,0.01360015267224004,0.8,score_meanrev
2024-09-12,0.02410810117475006,0.8,score_meanrev
2024-09-13,0.03617635772145764,1.0,score_meanrev
2024-09-16,0.013503067036098493,0.8,score_meanrev
2024-09-17,0.010325440314859135,0.4,score_meanrev
2024-09-18,0.022912748367008497,0.6,score_meanrev
2024-09-19,0.00817791989939729,0.6,score_meanrev
2024-09-20,0.003409500991921277,0.6,score_meanrev
2024-09-23,-0.006097133761389162,0.2,score_meanrev
2024-09-24,0.005630390234236726,0.4,score_meanrev
2024-09-25,0.0029914363194252446,0.6,score_meanrev
2024-09-26,-0.013647184622088115,0.2,score_meanrev
2024-09-27,-0.013407369768476762,0.2,score_meanrev
2024-09-30,-0.03214389009664069,0.0,score_meanrev
2024-10-01,0.02791105016477491,0.6,score_meanrev
2024-10-02,0.01903035362535821,0.6,score_meanrev
2024-10-03,0.010859429799062247,0.4,score_meanrev
2024-10-04,0.0007160664446503207,0.4,score_meanrev
2024-10-07,0.029422146494724945,1.0,score_meanrev
2024-10-08,0.017451141918875958,0.8,score_meanrev
2024-10-09,0.015833848923086657,0.8,score_meanrev
2024-10-10,0.016552658207017058,1.0,score_meanrev
2024-10-11,0.015976634234437136,1.0,score_meanrev
2024-10-14,0.009602053667088684,0.4,score_meanrev
2024-10-15,0.010549593343019147,0.4,score_meanrev
2024-10-16,-0.014882556291200232,0.0,score_meanrev
2024-10-17,-0.013863866905810452,0.2,score_meanrev
2024-10-18,-0.030353638569897545,0.0,score_meanrev
2024-10-21,-0.01389831837013733,0.2,score_meanrev
2024-10-22,-0.023835301684278366,0.0,score_meanrev
2024-10-23,-0.012877658785995848,0.2,score_meanrev
2024-10-24,-0.02607849387964518,0.2,score_meanrev
2024-10-25,-0.012648465596817936,0.4,score_meanrev
2024-10-28,-0.014818866219781412,0.2,score_meanrev
2024-10-29,-0.00208662480797146,0.4,score_meanrev
2024-10-30,0.009724670021422388,0.4,score_meanrev
2024-10-31,0.01409413905140049,0.6,score_meanrev
2024-11-01,0.014626676549036665,0.8,score_meanrev
2024-11-04,0.015259814457344456,0.8,score_meanrev
2024-11-05,0.017077785434963855,0.8,score_meanrev
2024-11-06,0.004786570191734496,0.6,score_meanrev
2024-11-07,-0.009273340564696286,0.4,score_meanrev
2024-11-08,-0.016025824490705887,0.4,score_meanrev
2024-11-11,-0.011245226390284312,0.2,score_meanrev
2024-11-12,0.002569215872933972,0.6,score_meanrev
2024-11-13,0.005416240349877222,0.4,score_meanrev
2024-11-14,0.02048066948860665,1.0,score_meanrev
2024-11-15,0.043087193925247624,0.8,score_meanrev
2024-11-18,0.03712417892231064,1.0,score_meanrev
2024-11-19,0.03891488555969138,1.0,score_meanrev
2024-11-20,0.022054486806992603,1.0,score_meanrev
2024-11-21,0.0357508301404537,1.0,score_meanrev
2024-11-22,0.021592423923530557,0.8,score_meanrev
2024-11-25,0.020875097006221255,0.8,score_meanrev
2024-11-26,0.0027760795314032195,0.4,score_meanrev
2024-11-27,0.020240925049088965,0.6,score_meanrev
2024-11-29,-0.016190260560457893,0.4,score_meanrev
2024-12-02,0.004878407838406295,0.4,score_meanrev
2024-12-03,-0.03177125732670929,0.0,score_meanrev
2024-12-04,-0.011211196247778065,0.4,score_meanrev
2024-12-05,-0.02569977956107994,0.2,score_meanrev
2024-12-06,-0.019572502198209253,0.0,score_meanrev
2024-12-09,-0.03373180185236322,0.4,score_meanrev
2024-12-10,-0.04716454984005447,0.2,score_meanrev
2024-12-11,-0.03265222405144037,0.0,score_meanrev
2024-12-12,-0.029469844618281636,0.0,score_meanrev
2024-12-13,-0.03022763116541378,0.0,score_meanrev
2024-12-16,-0.0194700530933438,0.4,score_meanrev
2024-12-17,-0.012511885673425028,0.2,score_meanrev
2024-12-18,0.024653637486689074,0.8,score_meanrev
2024-12-19,0.018363430926216794,0.8,score_meanrev
2024-12-20,-0.003948703234363848,0.4,score_meanrev
2024-12-23,-0.006566214683686722,0.2,score_meanrev
2024-12-24,-0.013056111908309909,0.4,score_meanrev
2024-12-26,-0.006814197065648809,0.4,score_meanrev
2024-12-27,5.159743500224856e-05,0.2,score_meanrev
2024-12-30,-0.0029666988969210494,0.6,score_meanrev
2024-12-31,0.00200726701789018,0.6,score_meanrev
2025-01-02,-0.006848145766630176,0.4,score_meanrev
2025-01-03,-0.022550021432395616,0.2,score_meanrev
2025-01-06,-0.01065216707062635,0.2,score_meanrev
2025-01-07,0.000721914567268378,0.4,score_meanrev
2025-01-08,-0.009479024580150864,0.4,score_meanrev
2025-01-10,0.021447750089269024,0.8,score_meanrev
2025-01-13,0.028207775032325168,0.8,score_meanrev
2025-01-14,0.034317707358201964,0.6,score_meanrev
2025-01-15,0.015113160266263016,0.8,score_meanrev
2025-01-16,0.031126564484770892,0.8,score_meanrev
2025-01-17,0.03687014341538468,0.8,score_meanrev
2025-01-21,0.035582164055250234,1.0,score_meanrev
2025-01-22,0.028862932046979983,0.8,score_meanrev
2025-01-23,0.031811636219649886,1.0,score_meanrev
2025-01-24,0.017446290231148364,0.8,score_meanrev
2025-01-27,0.01731602313056315,0.4,score_meanrev
2025-01-28,-0.026695868779656084,0.4,score_meanrev
2025-01-29,-0.0031791445052409715,0.6,score_meanrev
2025-01-30,0.008488991933014422,0.8,score_meanrev
2025-01-31,0.01975423837760091,0.6,score_meanrev
2025-02-03,0.010944202614001353,0.8,score_meanrev
2025-02-04,0.0028260371462820676,0.4,score_meanrev
2025-02-05,-0.013358473978812447,0.2,score_meanrev
2025-02-06,-0.003824324320578243,0.4,score_meanrev
2025-02-07,0.014716315827867676,0.4,score_meanrev
2025-02-10,0.022673544572359462,0.6,score_meanrev
2025-02-11,0.011631642286321409,0.6,score_meanrev
2025-02-12,-0.000781980778725977,0.4,score_meanrev
2025-02-13,-0.020560549571495355,0.2,score_meanrev
2025-02-14,0.019512217567062385,0.6,score_meanrev
2025-02-18,-0.016342776953049087,0.2,score_meanrev
2025-02-19,-0.024589153969636214,0.4,score_meanrev
2025-02-20,-0.03505560004687196,0.0,score_meanrev
2025-02-21,0.013948877692806439,0.8,score_meanrev
2025-02-24,0.006786819414472367,0.6,score_meanrev
2025-02-25,-0.043278346375950336,0.0,score_meanrev
2025-02-26,-0.016770704750866217,0.2,score_meanrev
2025-02-27,-0.04069710460868521,0.2,score_meanrev
2025-02-28,-0.036546390319993446,0.2,score_meanrev
2025-03-03,-0.04597079646468427,0.2,score_meanrev
2025-03-04,-0.06431578655998774,0.0,score_meanrev
2025-03-05,-0.045086649843244064,0.0,score_meanrev
2025-03-06,-0.06147321563987236,0.2,score_meanrev
2025-03-07,-0.024189520098203098,0.2,score_meanrev
2025-03-10,0.00848788679457777,0.6,score_meanrev
2025-03-11,0.011229390853446963,0.8,score_meanrev
2025-03-12,0.028028834297513284,1.0,score_meanrev
2025-03-13,0.030721213492435416,1.0,score_meanrev
2025-03-14,0.008081207214119202,0.6,score_meanrev
2025-03-17,0.007598071650598582,0.6,score_meanrev
2025-03-18,0.007555533218135712,0.4,score_meanrev
2025-03-19,0.019772706499237368,1.0,score_meanrev
2025-03-20,-0.004619463326990325,0.8,score_meanrev
2025-03-21,-0.01830984750504814,0.6,score_meanrev
2025-03-24,0.00024481354288174995,0.6,score_meanrev
2025-03-25,0.0014522667533548583,0.4,score_meanrev
2025-03-26,0.002512788226306428,0.4,score_meanrev
2025-03-27,-0.07989772395012237,0.0,score_meanrev
2025-03-28,-0.09787653600970925,0.0,score_meanrev
2025-03-31,-0.09943601822893351,0.0,score_meanrev
2025-04-01,-0.11170056051332511,0.0,score_meanrev
2025-04-02,-0.050111647841048004,0.0,score_meanrev
2025-04-03,-0.015682960046313664,0.4,score_meanrev
2025-04-04,0.04076028907940734,0.8,score_meanrev
2025-04-07,0.04702149096904871,0.8,score_meanrev
2025-04-08,0.07911712991370637,0.8,score_meanrev
2025-04-09,-0.03306462011046345,0.0,score_meanrev
2025-04-10,0.03310312680708534,1.0,score_meanrev
2025-04-11,0.003107617937097196,0.4,score_meanrev
2025-04-14,0.0038770811857824715,0.6,score_meanrev
2025-04-15,0.012212349872001238,0.8,score_meanrev
2025-04-16,0.06423778654775089,1.0,score_meanrev
2025-04-17,0.04612810333910398,0.8,score_meanrev
2025-04-21,0.08287183001599918,0.8,score_meanrev
2025-04-22,0.05169276324465681,0.8,score_meanrev
2025-04-23,0.029440657010910986,0.8,score_meanrev
2025-04-24,0.010484903114884214,0.8,score_meanrev
2025-04-25,0.012468811467615627,0.6,score_meanrev
2025-04-28,-0.006240720481234962,0.2,score_meanrev
2025-04-29,-0.013036551200524493,0.2,score_meanrev
2025-04-30,-0.00271329316105835,0.4,score_meanrev
2025-05-01,0.003370592044265819,0.4,score_meanrev
2025-05-02,-0.02189920112199808,0.2,score_meanrev
2025-05-05,0.008323797684074008,0.6,score_meanrev
2025-05-06,-0.02441068809878122,0.4,score_meanrev
2025-05-07,-0.048646505922987957,0.2,score_meanrev
2025-05-08,-0.048364005806872036,0.4,score_meanrev
2025-05-09,-0.026219816514782134,0.8,score_meanrev
2025-05-12,-0.025445589918061718,0.6,score_meanrev
2025-05-13,0.03606265773158972,1.0,score_meanrev
2025-05-14,0.02920195788393314,0.8,score_meanrev
2025-05-15,0.025928196177084528,0.6,score_meanrev
2025-05-16,-0.017144929868247984,0.4,score_meanrev
2025-05-19,-0.020014498181473626,0.4,score_meanrev
2025-05-20,-0.017770830903965872,0.2,score_meanrev
2025-05-21,0.01630504549977545,0.8,score_meanrev
2025-05-22,0.008076349678218553,0.8,score_meanrev
2025-05-23,0.029493864336316022,1.0,score_meanrev
2025-05-27,0.01188251305573924,0.8,score_meanrev
2025-05-28,0.002790002963907301,0.6,score_meanrev
2025-05-29,0.002873232748269805,0.4,score_meanrev
2025-05-30,0.01370908805053308,0.6,score_meanrev
2025-06-02,0.013131319950121711,0.6,score_meanrev
2025-06-03,-0.0019650543340213656,0.6,score_meanrev
2025-06-04,-0.0015013693645658855,0.6,score_meanrev
2025-06-05,-0.005328062189931071,0.4,score_meanrev
2025-06-06,-0.019620186003157448,0.0,score_meanrev
2025-06-09,-0.014930448351438242,0.2,score_meanrev
2025-06-10,-0.019877626910292046,0.2,score_meanrev
2025-06-11,-0.019215118134374397,0.2,score_meanrev
2025-06-12,-0.02073112475821919,0.2,score_meanrev
2025-06-13,0.003094988794324438,0.6,score_meanrev
2025-06-16,-0.0022218119383869304,0.2,score_meanrev
2025-06-17,-0.0051481266439022955,0.6,score_meanrev
2025-06-18,0.006001260055254853,0.8,score_meanrev
2025-06-20,0.02311426356420232,1.0,score_meanrev
2025-06-23,0.0204158023951694,1.0,score_meanrev
2025-06-24,0.01657076551804071,1.0,score_meanrev
2025-06-25,0.01982223245661081,0.8,score_meanrev
2025-06-26,0.02104902631563954,1.0,score_meanrev
2025-06-27,0.015639717077111936,0.8,score_meanrev
2025-06-30,0.008079249520510446,0.4,score_meanrev
2025-07-01,-0.008458419599134648,0.2,score_meanrev
2025-07-02,0.015127683167772554,0.4,score_meanrev
2025-07-03,-0.006985891980679626,0.4,score_meanrev
2025-07-07,0.007532169602142802,0.4,score_meanrev
2025-07-08,-0.009762299492582694,0.4,score_meanrev
2025-07-09,-0.0211318577311592,0.0,score_meanrev
2025-07-10,-0.004738662559780926,0.6,score_meanrev
2025-07-11,0.008204434219494594,0.8,score_meanrev
2025-07-14,0.01134733919401576,0.8,score_meanrev
2025-07-15,0.022823988937125027,0.8,score_meanrev
2025-07-16,0.02927558976100757,1.0,score_meanrev
2025-07-17,0.0008637257237078533,0.6,score_meanrev
2025-07-18,0.028401507662306136,0.8,score_meanrev
2025-07-21,0.018439034561784286,0.6,score_meanrev
2025-07-22,0.008975193603441433,0.8,score_meanrev
2025-07-23,-0.01077065783362432,0.4,score_meanrev
2025-07-24,-0.007361001268610767,0.2,score_meanrev
2025-07-25,-0.029688434452065794,0.0,score_meanrev
2025-07-28,-0.014854305125785316,0.4,score_meanrev
2025-07-29,-0.01529515010806486,0.2,score_meanrev
2025-07-30,-0.023338754093343073,0.2,score_meanrev
2025-07-31,0.013795832536909525,0.6,score_meanrev
2025-08-01,0.012552878952269041,0.6,score_meanrev
2025-08-04,0.004949294313290409,0.6,score_meanrev
2025-08-05,-0.012578039197472423,0.4,score_meanrev
2025-08-06,0.01508124591914386,0.6,score_meanrev
2025-08-07,0.015130323470230777,0.8,score_meanrev
2025-08-08,0.00514024924515002,0.6,score_meanrev
2025-08-11,0.019695444446164202,0.8,score_meanrev
2025-08-12,0.02379985977777741,0.8,score_meanrev
2025-08-13,0.021725594705591433,1.0,score_meanrev
2025-08-14,0.003490477325100172,0.6,score_meanrev
2025-08-15,0.009968199785643228,0.6,score_meanrev
2025-08-18,-0.010260702373437592,0.4,score_meanrev
2025-08-19,0.002037320285071975,0.6,score_meanrev
2025-08-20,0.023577150691171812,1.0,score_meanrev
2025-08-21,0.02410498459837902,0.8,score_meanrev
2025-08-22,0.008046044703271703,0.8,score_meanrev
2025-08-25,0.013284551948789858,0.8,score_meanrev
2025-08-26,0.01095416203967361,0.8,score_meanrev
2025-08-27,0.013073953701528484,0.6,score_meanrev
2025-08-28,0.013495923951256428,0.8,score_meanrev
2025-08-29,-0.00258840075118798,0.4,score_meanrev
2025-09-02,0.007424005926533273,0.4,score_meanrev
2025-09-03,0.010223631674734324,0.6,score_meanrev
2025-09-04,0.011023819513166467,0.8,score_meanrev
2025-09-05,0.019732646208270466,0.6,score_meanrev
2025-09-08,0.0101178890793717,0.6,score_meanrev
2025-09-09,-0.01198961045933491,0.4,score_meanrev
2025-09-10,0.02125234153831017,0.6,score_meanrev
2025-09-11,-0.0038170018440705665,0.4,score_meanrev
2025-09-12,0.0025090263736511575,0.4,score_meanrev
2025-09-15,-0.00369447239141909,0.4,score_meanrev
2025-09-16,0.004181518030420261,0.6,score_meanrev
2025-09-17,-0.00011489854530539745,0.4,score_meanrev
2025-09-18,-0.010199450485048733,0.4,score_meanrev
2025-09-19,0.0007236957064880479,0.4,score_meanrev
2025-09-22,0.010814244945893736,0.8,score_meanrev
2025-09-23,0.001292973448829038,0.4,score_meanrev
2025-09-24,0.011536676444499072,1.0,score_meanrev
2025-09-25,0.031899814384354255,0.6,score_meanrev
2025-09-26,0.03959313252116829,0.6,score_meanrev
2025-09-29,0.02539773962660279,0.6,score_meanrev
2025-09-30,-0.011454989067165532,0.2,score_meanrev
2025-10-01,-0.010687477835733806,0.2,score_meanrev
2025-10-02,-0.015845432638237723,0.2,score_meanrev
2025-10-03,-0.032833201289612424,0.0,score_meanrev
2025-10-06,-0.016649471287968565,0.2,score_meanrev
2025-10-07,-0.004137897570586735,0.4,score_meanrev
2025-10-08,-0.00195331551403819,0.4,score_meanrev
2025-10-09,-0.003711936429453111,0.2,score_meanrev
2025-10-10,0.017927913719284504,0.8,score_meanrev
2025-10-13,0.00973961329072932,0.8,score_meanrev
2025-10-14,0.016555696947206912,0.8,score_meanrev
2025-10-15,0.008475795608227976,0.8,score_meanrev
2025-10-16,0.025157063129665324,1.0,score_meanrev
2025-10-17,0.030468922175964995,1.0,score_meanrev
2025-10-20,0.031392435459840454,1.0,score_meanrev
2025-10-21,0.007582281633009069,0.4,score_meanrev
2025-10-22,0.0392636965797535,0.8,score_meanrev
2025-10-23,0.044751007584137435,0.8,score_meanrev
2025-10-24,0.010929120694411387,0.4,score_meanrev
2025-10-27,0.0043857372894290595,0.4,score_meanrev
2025-10-28,-0.005953928960663535,0.2,score_meanrev
2025-10-29,-0.0003692375858980634,0.4,score_meanrev
2025-10-30,-0.01827255946499986,0.0,score_meanrev
2025-10-31,-0.013610886212284613,0.4,score_meanrev
2025-11-03,9.614139644886776e-06,0.6,score_meanrev
2025-11-04,0.003753995418311917,0.4,score_meanrev
2025-11-05,0.0023338975383780268,0.4,score_meanrev
2025-11-06,0.012868952064291995,0.6,score_meanrev
2025-11-07,0.03530075075078143,1.0,score_meanrev
2025-11-10,-0.003086996297901212,0.4,score_meanrev
2025-11-11,-0.03146390944348656,0.2,score_meanrev
2025-11-12,-0.06457599850164883,0.0,score_meanrev
2025-11-13,-0.051253691160678724,0.0,score_meanrev
2025-11-14,-0.02663172279049708,0.0,score_meanrev
2025-11-17,0.0004925775977921321,0.4,score_meanrev
2025-11-18,0.04515845651957777,1.0,score_meanrev
2025-11-19,0.037372746747397434,0.8,score_meanrev
2025-11-20,0.04814068081510001,1.0,score_meanrev
2025-11-21,0.03886909853760465,1.0,score_meanrev
2025-11-24,0.051868860304043765,1.0,score_meanrev
2025-11-25,0.030606851665548086,1.0,score_meanrev
2025-11-26,0.017387429275035338,1.0,score_meanrev
2025-11-28,0.0026702550873244357,0.6,score_meanrev
2025-12-01,-0.0028053288407118293,0.6,score_meanrev
2025-12-02,-0.0009825796572949575,0.4,score_meanrev
2025-12-03,-0.016128978145232908,0.2,score_meanrev
2025-12-04,0.011257918016984258,0.6,score_meanrev
2025-12-05,0.014503398131059653,0.8,score_meanrev
2025-12-08,0.03409855517386222,1.0,score_meanrev
2025-12-09,0.0067784120851072105,0.6,score_meanrev
2025-12-10,-0.0029096727113548937,0.6,score_meanrev
2025-12-11,-0.0016311749369015028,0.8,score_meanrev
2025-12-12,-0.009871341829949865,0.4,score_meanrev
2025-12-15,0.009372016912223757,0.6,score_meanrev
2025-12-16,0.013783639142479754,0.8,score_meanrev
2025-12-17,0.04442643610837869,1.0,score_meanrev
2025-12-18,0.016184384824318564,0.8,score_meanrev
2025-12-19,0.011623177734808943,0.8,score_meanrev
2025-12-22,0.01371231191977429,0.4,score_meanrev
2025-12-23,0.02827092633427657,0.8,score_meanrev
2025-12-24,0.002415173926028591,0.4,score_meanrev
2025-12-26,-0.0021349114241326016,0.4,score_meanrev
2025-12-29,-0.0037503703381916776,0.4,score_meanrev
2025-12-30,0.012550077645761349,0.6,score_meanrev
2025-12-31,0.038579512957276574,1.0,score_meanrev
2026-01-02,0.01622827611621227,0.8,score_meanrev
2026-01-05,0.014211113044584644,0.8,score_meanrev
2026-01-06,0.00604170110847686,0.6,score_meanrev
2026-01-07,0.015094502371973139,0.4,score_meanrev
2026-01-08,-0.0017280271922192724,0.4,score_meanrev
2026-01-09,0.007136126734593851,0.6,score_meanrev
2026-01-12,-0.03719106384940425,0.0,score_meanrev
2026-01-13,-0.028770934034982633,0.2,score_meanrev
2026-01-14,-0.022738923647398535,0.0,score_meanrev
2026-01-15,-0.015012578034946688,0.2,score_meanrev
2026-01-16,-0.0005570666849583628,0.6,score_meanrev
2026-01-20,0.00601710053470661,0.6,score_meanrev
2026-01-21,0.0399473768647284,1.0,score_meanrev
2026-01-22,0.004389370239075108,0.6,score_meanrev
2026-01-23,0.012548687269870351,0.8,score_meanrev
2026-01-26,0.04235396593955396,0.8,score_meanrev
2026-01-27,0.057329738372162,1.0,score_meanrev
2026-01-28,0.03430739286007565,0.6,score_meanrev
2026-01-29,-0.056383946961717425,0.2,score_meanrev
2026-01-30,-0.007024936638765578,0.4,score_meanrev
2026-02-02,-0.012295774264850868,0.4,score_meanrev
2026-02-03,0.026224781312934174,0.8,score_meanrev
2026-02-04,-0.018976770208382177,0.4,score_meanrev
2026-02-05,-0.024795320935130573,0.4,score_meanrev
2026-02-06,-0.04301184568528051,0.2,score_meanrev
