Date,avg_fwd_r5,hit_rate,strategy
2016-01-08,-0.032904010499121485,0.0,random
2016-01-11,-0.022171418484915262,0.0,random
2016-01-12,-0.020187834585261986,0.0,random
2016-01-13,-0.0075840659637681496,0.2,random
2016-01-14,-0.037866733000192276,0.2,random
2016-01-15,-0.009505430609633936,0.2,random
2016-01-19,0.0197048277831658,0.8,random
2016-01-20,0.020180253155677775,0.8,random
2016-01-21,-0.012161413782907382,0.6,random
2016-01-22,0.013570388307944681,0.6,random
2016-01-25,0.013427743812401815,0.8,random
2016-01-26,-0.009933702049667148,0.4,random
2016-01-27,0.018076437812594624,0.6,random
2016-01-28,0.015253650470157698,0.6,random
2016-01-29,-0.009928968548014061,0.2,random
2016-02-01,-0.02973415385852025,0.2,random
2016-02-02,-0.04660983899428632,0.2,random
2016-02-03,-0.03256990137726164,0.2,random
2016-02-04,-0.03989787789755912,0.0,random
2016-02-05,0.0021971614952958074,0.2,random
2016-02-08,0.03779896590783298,0.6,random
2016-02-09,0.04633214425238652,0.8,random
2016-02-10,0.03140187835779198,1.0,random
2016-02-11,0.05597995094610266,1.0,random
2016-02-12,0.037101731883614916,0.8,random
2016-02-16,0.029449456438299305,1.0,random
2016-02-17,-0.002947131042881956,0.4,random
2016-02-18,0.01467570537947398,1.0,random
2016-02-19,0.01781225948668972,0.8,random
2016-02-22,0.0021610220307956007,0.6,random
2016-02-23,0.03769322575427521,1.0,random
2016-02-24,0.030379354393817715,0.8,random
2016-02-25,0.025843846827589934,1.0,random
2016-02-26,0.03816672785414101,1.0,random
2016-02-29,0.046537381586672796,1.0,random
2016-03-01,-0.010374781582729864,0.2,random
2016-03-02,0.023496140178318026,0.8,random
2016-03-03,0.014836868965766192,0.8,random
2016-03-04,0.002955726893187416,0.4,random
2016-03-07,0.007610366580926287,0.6,random
2016-03-08,0.025003911924175747,1.0,random
2016-03-09,0.013784136966429439,0.8,random
2016-03-10,0.02493415192489832,1.0,random
2016-03-11,0.023831803082836167,1.0,random
2016-03-14,0.015440366979679298,0.8,random
2016-03-15,0.017024456663456578,1.0,random
2016-03-16,0.005951555314470625,0.8,random
2016-03-17,0.002953912503572953,0.6,random
2016-03-18,-0.017277024693492394,0.0,random
2016-03-21,-0.0054603753749834505,0.4,random
2016-03-22,0.011153707744765096,0.8,random
2016-03-23,0.009466350479727414,0.4,random
2016-03-24,0.017385289555317884,0.8,random
2016-03-28,0.020271672454114188,1.0,random
2016-03-29,-0.004058262003194457,0.4,random
2016-03-30,-0.001986523915424132,0.4,random
2016-03-31,-0.00890606498987374,0.2,random
2016-04-01,-0.018664105751966264,0.0,random
2016-04-04,-0.014091999450770087,0.0,random
2016-04-05,0.007457881593847393,0.6,random
2016-04-06,0.005767774862101871,0.8,random
2016-04-07,0.023106291809490954,1.0,random
2016-04-08,0.017866991665507738,1.0,random
2016-04-11,0.031560420351002705,1.0,random
2016-04-12,0.03151086202536528,1.0,random
2016-04-13,-0.0012839110651811537,0.6,random
2016-04-14,0.016329526921725623,1.0,random
2016-04-15,0.012908344933276061,0.4,random
2016-04-18,-0.02520726602740735,0.2,random
2016-04-19,-0.01120374119891394,0.2,random
2016-04-20,-0.0043939915184594055,0.6,random
2016-04-21,-0.003979831951344282,0.2,random
2016-04-22,-0.010006714154679885,0.2,random
2016-04-25,0.0025159422426177967,0.6,random
2016-04-26,-0.04011536751449418,0.0,random
2016-04-27,-0.03033907174263606,0.0,random
2016-04-28,0.0010328437381955657,0.8,random
2016-04-29,0.0003209025851921954,0.4,random
2016-05-02,-0.0058469693969505744,0.4,random
2016-05-03,0.010214162382767355,0.6,random
2016-05-04,-0.001462498414170299,0.4,random
2016-05-05,-0.006431292747003559,0.4,random
2016-05-06,-0.015405332466864374,0.2,random
2016-05-09,-0.00424897495562393,0.4,random
2016-05-10,-0.023484484624850754,0.0,random
2016-05-11,-0.021235513272921436,0.0,random
2016-05-12,-0.025426742268670543,0.0,random
2016-05-13,-0.0028359815038129454,0.4,random
2016-05-16,-0.01728473241438202,0.4,random
2016-05-17,0.023167755411510747,1.0,random
2016-05-18,0.04249087256658588,1.0,random
2016-05-19,0.02526900011164237,1.0,random
2016-05-20,0.026819929636267135,1.0,random
2016-05-23,0.03169766015447926,1.0,random
2016-05-24,0.0160585244027327,0.8,random
2016-05-25,0.010189380170424322,0.8,random
2016-05-26,-0.00881895824015817,0.6,random
2016-05-27,0.0015153621717743926,0.6,random
2016-05-31,0.012866201304401326,0.6,random
2016-06-01,0.007728415005593803,0.6,random
2016-06-02,0.006525979998942577,0.4,random
2016-06-03,0.014707658085304009,0.6,random
2016-06-06,-0.005723367690235337,0.2,random
2016-06-07,-0.03213264901317543,0.2,random
2016-06-08,-0.012308855380399964,0.2,random
2016-06-09,-0.020192203835181964,0.0,random
2016-06-10,-0.010849098943444924,0.2,random
2016-06-13,0.0031902444952020435,0.6,random
2016-06-14,0.014642135678396695,1.0,random
2016-06-15,0.016217712945148975,1.0,random
2016-06-16,0.008405845185869,0.8,random
2016-06-17,-0.015550277963740023,0.2,random
2016-06-20,-0.035172745124771844,0.0,random
2016-06-21,-0.035215720298718466,0.0,random
2016-06-22,-0.005206144999469342,0.6,random
2016-06-23,0.0015923353601693612,0.6,random
2016-06-24,0.034217529916704195,1.0,random
2016-06-27,0.04707088641410171,1.0,random
2016-06-28,0.02509159223318367,1.0,random
2016-06-29,-0.005957420668054159,0.6,random
2016-06-30,0.028295268164387453,1.0,random
2016-07-01,0.014742593415534322,0.6,random
2016-07-05,0.034912571615531005,1.0,random
2016-07-06,0.01746696283327496,1.0,random
2016-07-07,0.03288035863811305,1.0,random
2016-07-08,0.03179496124157204,1.0,random
2016-07-11,0.01571704552384188,0.6,random
2016-07-12,0.00962341464238079,0.8,random
2016-07-13,0.009221259078140287,0.6,random
2016-07-14,0.003932527656743878,0.4,random
2016-07-15,0.0021794350243792503,0.4,random
2016-07-18,0.008811434524803574,0.6,random
2016-07-19,-0.0026939312114049986,0.2,random
2016-07-20,-0.00661012206560303,0.2,random
2016-07-21,0.004380905038775374,0.6,random
2016-07-22,0.0007129501071233779,0.6,random
2016-07-25,-0.007439888814230277,0.6,random
2016-07-26,-0.002628012451992068,0.2,random
2016-07-27,0.001916899399927874,0.8,random
2016-07-28,-0.005696909451944144,0.2,random
2016-07-29,0.006446592301265519,0.6,random
2016-08-01,0.008678764075319135,0.6,random
2016-08-02,0.019982475130627897,1.0,random
2016-08-03,0.02849029511845973,0.8,random
2016-08-04,0.016808862413012715,1.0,random
2016-08-05,0.012480531787580818,0.4,random
2016-08-08,0.00514684637419296,0.6,random
2016-08-09,0.0024791061797219795,0.6,random
2016-08-10,0.009081143247369194,0.6,random
2016-08-11,0.0014336572524601854,0.4,random
2016-08-12,-0.005782016822556723,0.2,random
2016-08-15,-0.011249503052912724,0.0,random
2016-08-16,-0.005846125904401545,0.4,random
2016-08-17,-0.002251643289411032,0.2,random
2016-08-18,-0.0019221569911030078,0.4,random
2016-08-19,-0.008125431031884612,0.2,random
2016-08-22,0.001528622944521807,0.6,random
2016-08-23,-0.00912722949420639,0.2,random
2016-08-24,0.0039039316352952992,0.4,random
2016-08-25,-3.548825499377628e-05,0.6,random
2016-08-26,0.0005760528151297128,0.4,random
2016-08-29,0.0035880144646074142,0.6,random
2016-08-30,0.005746815193393928,0.8,random
2016-08-31,0.011249205981821131,1.0,random
2016-09-01,-0.008627668866156357,0.4,random
2016-09-02,-0.01846035706256217,0.2,random
2016-09-06,-0.014721292745967318,0.2,random
2016-09-07,-0.013799960518943877,0.2,random
2016-09-08,-0.01877415237999438,0.0,random
2016-09-09,0.02185767935781755,0.4,random
2016-09-12,-0.012916817930782809,0.4,random
2016-09-13,0.004028797802481598,0.6,random
2016-09-14,0.014394594151506235,1.0,random
2016-09-15,0.015210730237225144,0.8,random
2016-09-16,0.015414201606106116,1.0,random
2016-09-19,-0.003459046225768736,0.4,random
2016-09-20,0.012703289146984775,0.8,random
2016-09-21,-0.010156417931165817,0.2,random
2016-09-22,-0.014289373181533071,0.0,random
2016-09-23,0.009824707948281186,0.4,random
2016-09-26,0.020976584490470795,1.0,random
2016-09-27,-0.004263264370024844,0.2,random
2016-09-28,-0.013394867330076976,0.2,random
2016-09-29,0.004616426447717892,0.6,random
2016-09-30,-0.002719117780460878,0.4,random
2016-10-03,0.018034534779304168,0.8,random
2016-10-04,0.002418632086003103,0.4,random
2016-10-05,-0.010324560773838832,0.2,random
2016-10-06,-0.018765976194462918,0.0,random
2016-10-07,-0.006764765157050068,0.2,random
2016-10-10,-0.01465863122093567,0.2,random
2016-10-11,0.02079617882777729,0.8,random
2016-10-12,-0.007928961160701853,0.4,random
2016-10-13,0.0333753665354235,0.8,random
2016-10-14,0.020180829702390456,0.6,random
2016-10-17,0.01647142262441812,0.8,random
2016-10-18,-0.0013927411016475544,0.8,random
2016-10-19,-0.00623286095197959,0.4,random
2016-10-20,0.015091551463437481,0.8,random
2016-10-21,0.00519687840502554,0.6,random
2016-10-24,0.002256751616155639,0.6,random
2016-10-25,0.003994938477260157,0.6,random
2016-10-26,-0.02539008893631247,0.0,random
2016-10-27,-0.01663271929686958,0.2,random
2016-10-28,-0.014244255381441695,0.2,random
2016-10-31,-0.002936578940004808,0.6,random
2016-11-01,0.025087641231273362,1.0,random
2016-11-02,0.03686992744628239,1.0,random
2016-11-03,0.06738102315576353,0.8,random
2016-11-04,0.035230099264744075,1.0,random
2016-11-07,0.044941834733118635,0.8,random
2016-11-08,0.006822723372796435,0.6,random
2016-11-09,0.00870071938003325,0.6,random
2016-11-10,0.00688773533881617,0.6,random
2016-11-11,-0.009623460347707957,0.2,random
2016-11-14,-0.00218285923345356,0.4,random
2016-11-15,0.010856333527379025,0.6,random
2016-11-16,0.016490380912203072,0.8,random
2016-11-17,0.0171712379069769,0.8,random
2016-11-18,0.016333847380776634,0.8,random
2016-11-21,0.00546792034441077,0.6,random
2016-11-22,-0.020603269936568292,0.2,random
2016-11-23,0.005975655105940137,0.6,random
2016-11-25,-0.01791901065642012,0.2,random
2016-11-28,0.004089219559679202,0.4,random
2016-11-29,-0.01004077279985427,0.4,random
2016-11-30,0.02571882393516889,0.8,random
2016-12-01,0.012011709490323041,0.6,random
2016-12-02,0.042749216975697515,1.0,random
2016-12-05,0.03235453250943139,1.0,random
2016-12-06,0.03543452693179496,1.0,random
2016-12-07,0.015982887418947912,0.8,random
2016-12-08,0.010574838091753812,0.8,random
2016-12-09,0.01803203880590907,0.8,random
2016-12-12,0.026688361665862748,0.6,random
2016-12-13,0.001338356297118204,0.6,random
2016-12-14,0.012014492858794834,0.8,random
2016-12-15,0.020128161367686314,0.8,random
2016-12-16,0.007247789087402046,0.6,random
2016-12-19,-0.00117436525883734,0.6,random
2016-12-20,-0.009201500678937213,0.0,random
2016-12-21,-0.007882137123324019,0.4,random
2016-12-22,-0.00963163393013875,0.0,random
2016-12-23,-0.0003993673511133222,0.4,random
2016-12-27,0.004370939253561601,0.6,random
2016-12-28,0.010274419269551149,0.6,random
2016-12-29,0.011721560506795358,0.8,random
2016-12-30,0.006222983098125634,0.6,random
2017-01-03,-0.006815975764358528,0.4,random
2017-01-04,0.007690850175460095,0.6,random
2017-01-05,0.0033230331407584357,0.8,random
2017-01-06,-0.00039462369571439113,0.2,random
2017-01-09,0.005086447417920104,0.8,random
2017-01-10,0.005128233814555072,0.8,random
2017-01-11,-0.0008530204610461168,0.6,random
2017-01-12,0.005446301786796548,0.8,random
2017-01-13,0.005345512449441925,0.6,random
2017-01-17,0.011757831045054234,0.6,random
2017-01-18,0.04182176434654346,1.0,random
2017-01-19,0.017246652574250777,1.0,random
2017-01-20,0.007709317402953908,0.6,random
2017-01-23,0.008677746537278841,0.6,random
2017-01-24,0.0037386682856970443,0.6,random
2017-01-25,-0.014183584443855457,0.2,random
2017-01-26,-0.004932473088869393,0.2,random
2017-01-27,0.013060089904851146,0.8,random
2017-01-30,0.011620450851875463,0.8,random
2017-01-31,0.003431173850492386,0.6,random
2017-02-01,0.015684096691013893,0.6,random
2017-02-02,0.020584630819946437,1.0,random
2017-02-03,0.005861439933553081,0.6,random
2017-02-06,0.016222004543882874,1.0,random
2017-02-07,0.009106109418437813,0.8,random
2017-02-08,0.029990930834971462,1.0,random
2017-02-09,0.01807391652179886,0.8,random
2017-02-10,0.02046729395909592,0.8,random
2017-02-13,0.012843774360264005,0.8,random
2017-02-14,0.009995751450262524,0.6,random
2017-02-15,0.009637964027066048,0.8,random
2017-02-16,0.017602974119503446,1.0,random
2017-02-17,0.009498762412046413,0.8,random
2017-02-21,-0.0011285236382878594,0.6,random
2017-02-22,0.013204257322931534,0.8,random
2017-02-23,0.0016034800494342915,0.6,random
2017-02-24,0.01131606227807842,0.6,random
2017-02-27,-0.007221629735069434,0.6,random
2017-02-28,-0.0019067967515610906,0.6,random
2017-03-01,-0.01726920762566042,0.2,random
2017-03-02,-0.007934860999439342,0.2,random
2017-03-03,-0.0024339831596863703,0.4,random
2017-03-06,-0.0017849637261500018,0.6,random
2017-03-07,0.00047314604268704484,0.8,random
2017-03-08,0.0065971836037479695,0.8,random
2017-03-09,0.01275425614040473,1.0,random
2017-03-10,-0.004672919059071035,0.4,random
2017-03-13,0.005419972604712031,0.8,random
2017-03-14,0.0016905809548132477,0.4,random
2017-03-15,-0.01538720729820755,0.4,random
2017-03-16,-0.006920531609580016,0.0,random
2017-03-17,-0.008687894026808918,0.4,random
2017-03-20,-0.011042353032783513,0.0,random
2017-03-21,0.0012077255532022546,0.6,random
2017-03-22,-0.0012107491166034156,0.6,random
2017-03-23,0.01890513017637794,1.0,random
2017-03-24,0.005286547383094109,0.6,random
2017-03-27,0.0041722480543362915,1.0,random
2017-03-28,0.0002049970906487397,0.6,random
2017-03-29,0.0010872162734986367,0.4,random
2017-03-30,-0.014207442356458632,0.4,random
2017-03-31,-0.002864825364925916,0.2,random
2017-04-03,0.003373575722905242,0.6,random
2017-04-04,-0.007435346470033055,0.4,random
2017-04-05,-0.009748839194089354,0.2,random
2017-04-06,-0.009148422379129495,0.2,random
2017-04-07,0.002347181356451822,0.6,random
2017-04-10,-0.0004190752925420371,0.4,random
2017-04-11,-0.021202517185244553,0.4,random
2017-04-12,0.00864344457681938,0.6,random
2017-04-13,0.022932666190243367,0.8,random
2017-04-17,0.026009144018560536,0.8,random
2017-04-18,0.0257809585771406,1.0,random
2017-04-19,0.022450240516180876,0.8,random
2017-04-20,0.01995037701392981,0.8,random
2017-04-21,0.005412199724450439,0.8,random
2017-04-24,-0.004502555721373725,0.4,random
2017-04-25,-0.005753938919554935,0.4,random
2017-04-26,0.012581511318505179,0.8,random
2017-04-27,-0.00302586019067026,0.4,random
2017-04-28,0.0044610282309216044,0.6,random
2017-05-01,0.0033747840998388234,0.6,random
2017-05-02,-0.00292233244817397,0.2,random
2017-05-03,-0.001052173390949296,0.4,random
2017-05-04,0.001671821546638408,0.4,random
2017-05-05,-0.010491667021654027,0.2,random
2017-05-08,0.004629241094542169,0.6,random
2017-05-09,0.053280587884653285,0.4,random
2017-05-10,-0.013414642812069121,0.2,random
2017-05-11,-0.027322039721915735,0.0,random
2017-05-12,-0.009746850525485785,0.2,random
2017-05-15,-0.007844554106991742,0.6,random
2017-05-16,0.011142946973267032,0.6,random
2017-05-17,0.0026416840562328405,0.8,random
2017-05-18,0.02299018032781892,1.0,random
2017-05-19,0.01505330684709234,0.8,random
2017-05-22,0.006420709042572059,0.6,random
2017-05-23,0.011046048892288152,0.8,random
2017-05-24,0.004019540229261565,0.8,random
2017-05-25,0.009076278089524293,1.0,random
2017-05-26,-0.004161934033434167,0.4,random
2017-05-30,0.009429171420643123,0.8,random
2017-05-31,0.013320635472647146,0.8,random
2017-06-01,0.013878045486691071,0.8,random
2017-06-02,0.00893894035409033,0.6,random
2017-06-05,0.0014894108100305115,0.4,random
2017-06-06,0.01731147988196169,0.6,random
2017-06-07,0.008503204232835838,0.6,random
2017-06-08,0.0006473949953647917,0.4,random
2017-06-09,0.01648642952911783,0.8,random
2017-06-12,0.003415023698349162,0.6,random
2017-06-13,-0.001421998192809726,0.8,random
2017-06-14,-0.00019215383783646178,0.6,random
2017-06-15,0.004507721288493416,0.6,random
2017-06-16,-0.00833760596132671,0.4,random
2017-06-19,-0.01304472076608083,0.2,random
2017-06-20,-0.00998529843728151,0.2,random
2017-06-21,0.0010183080370634423,0.4,random
2017-06-22,-0.02018343222228445,0.4,random
2017-06-23,0.013396395519612914,0.2,random
2017-06-26,-0.01643796650994689,0.0,random
2017-06-27,0.0017885126036318421,0.6,random
2017-06-28,-0.005125528593776884,0.4,random
2017-06-29,0.009244678201752699,1.0,random
2017-06-30,-0.001454388320684652,0.4,random
2017-07-03,-0.0022266724247648195,0.4,random
2017-07-05,0.0326937861519506,0.8,random
2017-07-06,0.012006629474655828,0.8,random
2017-07-07,0.029542716153428693,0.6,random
2017-07-10,0.007383722761447387,0.8,random
2017-07-11,0.01290591416060911,1.0,random
2017-07-12,0.006937294536544236,0.8,random
2017-07-13,0.016420722270835287,0.8,random
2017-07-14,0.0022346553400100612,0.6,random
2017-07-17,0.007988563494713153,0.8,random
2017-07-18,-0.006645606027064321,0.6,random
2017-07-19,0.01275685730915035,0.8,random
2017-07-20,0.005410652858221665,0.6,random
2017-07-21,0.022442701808877707,0.8,random
2017-07-24,0.009688766144380013,0.6,random
2017-07-25,0.0027198442487699425,0.6,random
2017-07-26,0.016299400902890237,0.8,random
2017-07-27,0.017999102554406954,0.8,random
2017-07-28,0.01717690456116867,1.0,random
2017-07-31,0.018792596711157517,1.0,random
2017-08-01,0.00609038802126991,0.6,random
2017-08-02,0.00669431064930559,0.8,random
2017-08-03,-0.018802643355997194,0.0,random
2017-08-04,-0.006587838596040507,0.0,random
2017-08-07,0.0017544744692587154,0.4,random
2017-08-08,-0.0007389640734685177,0.4,random
2017-08-09,0.005259296971774963,0.6,random
2017-08-10,0.006245625795562293,0.8,random
2017-08-11,-0.003798998978419621,0.6,random
2017-08-14,-0.013147960091078149,0.4,random
2017-08-15,-0.016467084989297588,0.2,random
2017-08-16,-0.014150514718906182,0.2,random
2017-08-17,0.003996127164463581,0.8,random
2017-08-18,0.00991212067506042,0.8,random
2017-08-21,0.010122431412405274,1.0,random
2017-08-22,0.004969288136583904,0.8,random
2017-08-23,-0.010010742060075262,0.2,random
2017-08-24,0.014839422029280059,0.8,random
2017-08-25,0.009526516887705339,0.8,random
2017-08-28,-0.006591324829707324,0.6,random
2017-08-29,0.018589696344991878,0.8,random
2017-08-30,-0.0018497789558162615,0.6,random
2017-08-31,-0.004777492724865362,0.4,random
2017-09-01,-0.00013236638027442905,0.4,random
2017-09-05,0.024678449550852834,1.0,random
2017-09-06,0.019733917861445516,1.0,random
2017-09-07,0.013396298820225416,1.0,random
2017-09-08,0.030127699844207444,1.0,random
2017-09-11,-0.0004524095204721856,0.4,random
2017-09-12,0.025984013417811515,0.8,random
2017-09-13,0.004180273201715745,0.4,random
2017-09-14,-0.005270545312398655,0.4,random
2017-09-15,0.004930132413456412,0.8,random
2017-09-18,0.0003082028602587883,0.4,random
2017-09-19,-0.01620300525496978,0.4,random
2017-09-20,-0.007306889357575419,0.4,random
2017-09-21,-0.013044953741316445,0.0,random
2017-09-22,-0.007124165707869934,0.2,random
2017-09-25,0.007239396221848793,0.6,random
2017-09-26,0.012051227166605538,0.8,random
2017-09-27,0.01819156590911315,1.0,random
2017-09-28,0.025168411010523296,1.0,random
2017-09-29,0.01644698930689161,1.0,random
2017-10-02,0.008556240442031049,0.6,random
2017-10-03,0.0031297306255480438,0.4,random
2017-10-04,0.0023227694003165487,0.4,random
2017-10-05,0.02124403837962281,1.0,random
2017-10-06,-0.0007009851350718854,0.6,random
2017-10-09,0.001878927119439,0.4,random
2017-10-10,0.023570513553643348,1.0,random
2017-10-11,0.027921668194370676,1.0,random
2017-10-12,0.009007255959988724,0.6,random
2017-10-13,-8.967557773451596e-05,0.4,random
2017-10-16,0.01033445839430953,0.6,random
2017-10-17,0.009111506878348274,0.6,random
2017-10-18,-0.006799422151126522,0.2,random
2017-10-19,0.019286043089482653,0.8,random
2017-10-20,0.006640717224184245,0.2,random
2017-10-23,0.014968672048817777,0.6,random
2017-10-24,0.01428285843857371,0.4,random
2017-10-25,-0.013178237042303764,0.4,random
2017-10-26,-0.017071047984389076,0.2,random
2017-10-27,-0.000297646040994004,0.6,random
2017-10-30,0.026161890352558892,0.8,random
2017-10-31,0.0020911094705528656,0.4,random
2017-11-01,0.009691669760003485,0.8,random
2017-11-02,0.004129872603532281,0.6,random
2017-11-03,0.007387772876576504,0.8,random
2017-11-06,-0.013566115439304083,0.2,random
2017-11-07,0.00068855837297086,0.4,random
2017-11-08,-0.005007388240939692,0.4,random
2017-11-09,0.018755589360563894,1.0,random
2017-11-10,0.015886913762493737,0.8,random
2017-11-13,0.013118263520603168,0.4,random
2017-11-14,-0.011253948974568684,0.2,random
2017-11-15,0.018102114542752477,0.8,random
2017-11-16,-0.004336894951928083,0.2,random
2017-11-17,0.026844651391814533,1.0,random
2017-11-20,0.022450760069279995,1.0,random
2017-11-21,-0.0012971376361219367,0.8,random
2017-11-22,0.0506206203696173,1.0,random
2017-11-24,0.041627381168962474,0.8,random
2017-11-27,0.021030626415871567,0.8,random
2017-11-28,-0.020316860244739533,0.4,random
2017-11-29,-0.001148979574774045,0.4,random
2017-11-30,-0.00817968813341361,0.4,random
2017-12-01,-0.005453845592812279,0.4,random
2017-12-04,0.009071255441177706,0.8,random
2017-12-05,0.016534372597480605,0.6,random
2017-12-06,-0.0016349135676413829,0.4,random
2017-12-07,0.006995282891454946,0.8,random
2017-12-08,0.014437317548989404,0.8,random
2017-12-11,0.014750600355961607,0.6,random
2017-12-12,0.013496252795228236,0.6,random
2017-12-13,-0.002937585309274837,0.4,random
2017-12-14,0.01693265910131019,0.8,random
2017-12-15,0.006956048849308205,0.4,random
2017-12-18,-0.006597447129880596,0.0,random
2017-12-19,0.005863369874031443,0.8,random
2017-12-20,0.0051977866164987,0.6,random
2017-12-21,-0.011059295744240537,0.2,random
2017-12-22,0.003610389742997944,0.8,random
2017-12-26,0.006832498957641464,0.8,random
2017-12-27,0.005889788793421924,0.6,random
2017-12-28,0.021895889659552404,0.8,random
2017-12-29,0.013823359932719947,0.6,random
2018-01-02,0.016738027204022444,0.8,random
2018-01-03,0.019991882856736344,0.8,random
2018-01-04,0.0025043949008645818,0.4,random
2018-01-05,0.015204742401466964,0.8,random
2018-01-08,0.0070258380903760465,0.6,random
2018-01-09,0.017804531426873327,1.0,random
2018-01-10,0.0481352401321117,1.0,random
2018-01-11,0.026282177486967973,0.8,random
2018-01-12,0.02609088353846689,0.6,random
2018-01-16,0.0010048521248340104,0.6,random
2018-01-17,0.03098924320334484,0.8,random
2018-01-18,0.03397621492870284,1.0,random
2018-01-19,0.025617074057875344,1.0,random
2018-01-22,0.016155081080661614,0.8,random
2018-01-23,-0.013298522238618516,0.4,random
2018-01-24,-0.01486566562676812,0.2,random
2018-01-25,-0.0018172958796185633,0.4,random
2018-01-26,-0.032273596725981867,0.2,random
2018-01-29,-0.07623692769227945,0.0,random
2018-01-30,-0.051071796506592035,0.0,random
2018-01-31,-0.05003787239913584,0.0,random
2018-02-01,-0.09141431979473384,0.0,random
2018-02-02,-0.058179370912853655,0.0,random
2018-02-05,0.020447743670219464,0.8,random
2018-02-06,-0.0029954770094403173,0.8,random
2018-02-07,0.00023179992651682911,0.4,random
2018-02-08,0.03624104419667877,1.0,random
2018-02-09,0.02862184394244751,0.8,random
2018-02-12,0.008445216115705523,0.6,random
2018-02-13,0.009851578243735792,0.6,random
2018-02-14,0.002218511993535177,0.8,random
2018-02-15,0.0022671582449952598,0.8,random
2018-02-16,0.011572388094409325,0.8,random
2018-02-20,0.008247108082722731,0.8,random
2018-02-21,0.006258964169665093,0.4,random
2018-02-22,-0.010885152783627606,0.4,random
2018-02-23,-0.010451267899120186,0.4,random
2018-02-26,-0.04747872558143473,0.0,random
2018-02-27,0.012601135459697743,0.8,random
2018-02-28,0.0021400154282035454,0.6,random
2018-03-01,0.0024429600120798645,0.6,random
2018-03-02,0.03704760076207005,1.0,random
2018-03-05,0.030939339700052804,1.0,random
2018-03-06,0.021342802811372664,0.8,random
2018-03-07,0.011677846150275428,0.6,random
2018-03-08,0.003312320280892611,0.6,random
2018-03-09,-0.00589125643089754,0.2,random
2018-03-12,-0.012037818140518696,0.2,random
2018-03-13,-0.0034997408448606882,0.4,random
2018-03-14,-0.004806370682281069,0.2,random
2018-03-15,-0.03484162216345314,0.0,random
2018-03-16,-0.06649602281360989,0.0,random
2018-03-19,-0.017328495077170335,0.2,random
2018-03-20,-0.029794034067726006,0.0,random
2018-03-21,-0.025414644946035715,0.4,random
2018-03-22,0.0010595524645880872,0.6,random
2018-03-23,0.002494988923882535,0.6,random
2018-03-26,-0.025032625248349837,0.0,random
2018-03-27,0.006783209243729904,0.8,random
2018-03-28,0.03340695699127494,1.0,random
2018-03-29,-0.012162905322190509,0.0,random
2018-04-02,0.024759062227934735,1.0,random
2018-04-03,0.028905175725113263,1.0,random
2018-04-04,-0.0011728656339063282,0.2,random
2018-04-05,0.0017640599737616558,0.4,random
2018-04-06,0.022261102041972337,0.6,random
2018-04-09,0.02498428257771801,1.0,random
2018-04-10,0.022021609243506247,1.0,random
2018-04-11,0.024436579939961955,0.6,random
2018-04-12,-0.011384064762423263,0.2,random
2018-04-13,-0.007606857931743849,0.4,random
2018-04-16,0.021320739434024127,0.8,random
2018-04-17,0.003493030149648013,0.4,random
2018-04-18,-0.010111402921188884,0.2,random
2018-04-19,0.00611774287068192,0.4,random
2018-04-20,0.005013886087312835,0.6,random
2018-04-23,-0.002219201107547519,0.2,random
2018-04-24,-0.01415488427786038,0.0,random
2018-04-25,-0.007384885890020287,0.4,random
2018-04-26,-0.02055944299577044,0.2,random
2018-04-27,0.004494159823952515,0.6,random
2018-04-30,-0.011112226791020353,0.2,random
2018-05-01,0.03233470453530962,0.8,random
2018-05-02,0.03449788100312601,1.0,random
2018-05-03,0.03104912356425522,0.8,random
2018-05-04,0.015310059222313299,1.0,random
2018-05-07,0.0112393812270829,0.8,random
2018-05-08,0.016594574103714364,0.8,random
2018-05-09,0.0022033967854323323,0.8,random
2018-05-10,-0.01625655909432524,0.2,random
2018-05-11,-0.01652426085962604,0.0,random
2018-05-14,0.0006934940624500508,0.4,random
2018-05-15,-0.008590096875225073,0.4,random
2018-05-16,-0.00534897798168843,0.4,random
2018-05-17,0.013304324121434763,0.6,random
2018-05-18,0.004498876077346026,0.6,random
2018-05-21,-0.006051803572472836,0.4,random
2018-05-22,0.00730592122846192,0.6,random
2018-05-23,-0.01914242674581963,0.2,random
2018-05-24,-0.008916833318832262,0.4,random
2018-05-25,0.016031960112433484,0.8,random
2018-05-29,0.022407268817941816,0.8,random
2018-05-30,0.025173062390925694,1.0,random
2018-05-31,0.03696506134028739,1.0,random
2018-06-01,0.02844901348105213,1.0,random
2018-06-04,0.023211858857407775,1.0,random
2018-06-05,0.02105975651188623,1.0,random
2018-06-06,0.0031523501131335506,0.4,random
2018-06-07,-0.004192268723680703,0.4,random
2018-06-08,0.0018623117672380341,0.4,random
2018-06-11,0.00632685253809886,0.6,random
2018-06-12,-0.02798242229550041,0.2,random
2018-06-13,-0.029372891673656733,0.0,random
2018-06-14,-0.03069928546946763,0.2,random
2018-06-15,-0.023823796108077368,0.4,random
2018-06-18,-0.03018230376294857,0.0,random
2018-06-19,-0.03017627504295417,0.0,random
2018-06-20,-0.03369861894851935,0.0,random
2018-06-21,-0.0157040097306534,0.2,random
2018-06-22,-0.020833642280692444,0.2,random
2018-06-25,0.002956812500406758,0.6,random
2018-06-26,-0.0012134863930967298,0.8,random
2018-06-27,0.008130215242747152,0.8,random
2018-06-28,0.027737650299501614,1.0,random
2018-06-29,0.013807505123954168,0.8,random
2018-07-02,0.030055411387426956,1.0,random
2018-07-03,0.0293095929694696,1.0,random
2018-07-05,0.03625889514277132,1.0,random
2018-07-06,0.014450482900683381,0.6,random
2018-07-09,0.015662456951775972,0.8,random
2018-07-10,0.024763019526839524,0.8,random
2018-07-11,0.027938688031076287,0.8,random
2018-07-12,0.010845297100108998,0.8,random
2018-07-13,-0.0021386481785241386,0.4,random
2018-07-16,-0.004607872871237584,0.2,random
2018-07-17,0.008323987776137142,0.6,random
2018-07-18,0.003134822456500297,0.6,random
2018-07-19,0.023853110751607166,1.0,random
2018-07-20,0.008679224758745807,0.6,random
2018-07-23,0.0013290445217984058,0.4,random
2018-07-24,0.02362927933407295,0.8,random
2018-07-25,-0.015450004540010975,0.4,random
2018-07-26,-0.005095776878948422,0.4,random
2018-07-27,0.02053626564139055,0.8,random
2018-07-30,0.016120363000397854,0.8,random
2018-07-31,0.0057106999959603,0.4,random
2018-08-01,0.016063898176941427,0.8,random
2018-08-02,0.006961708563008329,0.8,random
2018-08-03,0.004702665636541159,0.6,random
2018-08-06,-0.010906194691003356,0.2,random
2018-08-07,-0.011327963879700476,0.4,random
2018-08-08,-0.019925155536506,0.2,random
2018-08-09,-6.753208917744668e-05,0.6,random
2018-08-10,0.020386422415445925,1.0,random
2018-08-13,0.031423019071564307,1.0,random
2018-08-14,0.012447590719654067,0.6,random
2018-08-15,0.02955333418061947,1.0,random
2018-08-16,0.003676943923390752,0.8,random
2018-08-17,0.006822047140773635,0.6,random
2018-08-20,0.006340369322067075,0.6,random
2018-08-21,0.011614821861996028,0.8,random
2018-08-22,0.024514927487276683,0.8,random
2018-08-23,0.00436513476264988,0.6,random
2018-08-24,0.014036294919874482,0.6,random
2018-08-27,-0.0088636627712535,0.4,random
2018-08-28,0.004040867830863548,0.6,random
2018-08-29,-0.01648711323600365,0.2,random
2018-08-30,-0.004047563401728738,0.4,random
2018-08-31,-0.01746991371473825,0.0,random
2018-09-04,0.004782474269307402,0.4,random
2018-09-05,0.004728071809763046,0.6,random
2018-09-06,-0.0024436909446197363,0.2,random
2018-09-07,0.001180588981329289,0.6,random
2018-09-10,-0.0040466615423834455,0.4,random
2018-09-11,0.0018842205571159899,0.4,random
2018-09-12,0.022895720320390067,1.0,random
2018-09-13,0.014106411993147838,0.8,random
2018-09-14,0.01985812283441013,1.0,random
2018-09-17,0.01831137375239251,1.0,random
2018-09-18,0.011194304883541317,0.6,random
2018-09-19,-0.0035379127495424267,0.4,random
2018-09-20,-0.014633581270797436,0.2,random
2018-09-21,0.004209661205014181,0.6,random
2018-09-24,-0.001574022395450947,0.6,random
2018-09-25,0.00032623069159241067,0.6,random
2018-09-26,0.019602405796966305,0.8,random
2018-09-27,-0.0053303832476033096,0.4,random
2018-09-28,0.0013086943015697683,0.6,random
2018-10-01,-0.01613773806707095,0.6,random
2018-10-02,-0.019075463528655544,0.2,random
2018-10-03,-0.059525621874886706,0.0,random
2018-10-04,-0.04971730349396393,0.0,random
2018-10-05,-0.033994988533420624,0.0,random
2018-10-08,-0.0460963322708184,0.0,random
2018-10-09,-0.043669628724176346,0.0,random
2018-10-10,-0.022548195749283684,0.2,random
2018-10-11,0.004152058140700299,0.6,random
2018-10-12,-0.013402024791127154,0.4,random
2018-10-15,-0.0007014938779404956,0.6,random
2018-10-16,-0.022823940808303123,0.4,random
2018-10-17,-0.04474714564185549,0.2,random
2018-10-18,0.00338658830133749,0.6,random
2018-10-19,-0.03235464361907037,0.0,random
2018-10-22,-0.03557189656042514,0.4,random
2018-10-23,0.013399641162139275,0.8,random
2018-10-24,0.04497644312444806,0.8,random
2018-10-25,0.002682417281932481,0.4,random
2018-10-26,0.022477147410260124,0.8,random
2018-10-29,0.0363700701041362,1.0,random
2018-10-30,0.0253096708690534,0.6,random
2018-10-31,0.040414900115643346,1.0,random
2018-11-01,0.039048221877418146,1.0,random
2018-11-02,0.015682724616111133,0.6,random
2018-11-05,0.009245786851924787,0.6,random
2018-11-06,-0.01620072597170672,0.2,random
2018-11-07,-0.019956276182273226,0.4,random
2018-11-08,-0.015183021965463107,0.4,random
2018-11-09,-0.014423037972282882,0.2,random
2018-11-12,-0.011417068401657415,0.6,random
2018-11-13,-0.025675272186718813,0.2,random
2018-11-14,-0.018356553180083356,0.4,random
2018-11-15,-0.09635716102409146,0.0,random
2018-11-16,-0.023652723939855957,0.2,random
2018-11-19,0.013224798254756332,0.6,random
2018-11-20,0.07795620990101933,1.0,random
2018-11-21,0.05582203697200052,1.0,random
2018-11-23,0.061667209218477306,1.0,random
2018-11-26,0.04392025552278396,0.8,random
2018-11-27,0.021969301595118406,0.8,random
2018-11-28,-0.011695314943586199,0.2,random
2018-11-29,-0.03111566630615743,0.0,random
2018-11-30,-0.026263131550911645,0.0,random
2018-12-03,-0.05407427926457804,0.2,random
2018-12-04,-0.004308933158940475,0.2,random
2018-12-06,-0.014655176757890876,0.4,random
2018-12-07,0.009517572421059462,0.8,random
2018-12-10,-0.034103221266851745,0.0,random
2018-12-11,-0.03638313782103719,0.0,random
2018-12-12,-0.034872170044572326,0.0,random
2018-12-13,-0.08763715061890598,0.0,random
2018-12-14,-0.06893717865948479,0.0,random
2018-12-17,-0.08166680195760886,0.0,random
2018-12-18,-0.03674740764942188,0.0,random
2018-12-19,0.004048551740593887,0.6,random
2018-12-20,0.014972282129222858,0.8,random
2018-12-21,0.03806549992557384,1.0,random
2018-12-24,0.07587446681140406,1.0,random
2018-12-26,-0.0066423324625385135,0.4,random
2018-12-27,0.031685707905244206,1.0,random
2018-12-28,0.024121024623854702,0.8,random
2018-12-31,0.024733195848653123,0.8,random
2019-01-02,0.05024308390041288,1.0,random
2019-01-03,0.06469161689604337,1.0,random
2019-01-04,0.026624855785173374,0.8,random
2019-01-07,0.027638562332376448,1.0,random
2019-01-08,0.0028670495378132267,0.8,random
2019-01-09,0.004463237772818052,0.6,random
2019-01-10,-0.0016371927612587101,0.4,random
2019-01-11,0.041316675366041486,1.0,random
2019-01-14,0.012156190873260763,0.8,random
2019-01-15,0.03006544819039343,0.8,random
2019-01-16,0.019909205278144125,1.0,random
2019-01-17,0.01881793567265686,0.8,random
2019-01-18,-0.009011845263593065,0.4,random
2019-01-22,-0.013639459092154893,0.2,random
2019-01-23,-0.015591096412120642,0.4,random
2019-01-24,0.0065855227316403255,0.8,random
2019-01-25,0.020076269450824503,0.8,random
2019-01-28,0.04588015613551773,1.0,random
2019-01-29,0.04615391325560303,1.0,random
2019-01-30,0.004297309055025034,0.6,random
2019-01-31,-0.005432348144181009,0.6,random
2019-02-01,0.008167774523351379,0.8,random
2019-02-04,-0.016707633539416088,0.4,random
2019-02-05,0.01247546779421591,0.8,random
2019-02-06,-0.004998000063780062,0.2,random
2019-02-07,0.016977056753078302,0.8,random
2019-02-08,0.017795789301954645,1.0,random
2019-02-11,0.02909034322770072,1.0,random
2019-02-12,0.013830350441718275,0.8,random
2019-02-13,0.004090345001998119,0.6,random
2019-02-14,0.012480853012967485,0.8,random
2019-02-15,-0.0021099020313420035,0.4,random
2019-02-19,-0.0015436519561760954,0.8,random
2019-02-20,0.011479087050962233,0.6,random
2019-02-21,-0.004600459252779676,0.4,random
2019-02-22,0.006449238607164576,0.6,random
2019-02-25,0.0032928070265035637,0.6,random
2019-02-26,-0.005599492111944637,0.6,random
2019-02-27,-0.000780258069610773,0.4,random
2019-02-28,-0.013930346996314968,0.0,random
2019-03-01,-0.030076992425190508,0.0,random
2019-03-04,0.006489328563887109,0.6,random
2019-03-05,0.008120475536328576,0.8,random
2019-03-06,0.04324110045444125,1.0,random
2019-03-07,-0.016375961872680443,0.8,random
2019-03-08,0.044441051138214636,1.0,random
2019-03-11,-0.005908357422834265,0.6,random
2019-03-12,0.011764624049439499,0.8,random
2019-03-13,-0.0017453785131080757,0.6,random
2019-03-14,0.04961654078231885,0.8,random
2019-03-15,-0.015284365826036917,0.4,random
2019-03-18,-0.006273353642073709,0.6,random
2019-03-19,0.002217229976016988,0.8,random
2019-03-20,-0.007508651270136979,0.6,random
2019-03-21,-0.02165047596341938,0.2,random
2019-03-22,0.010110838537514422,0.8,random
2019-03-25,0.03135432029448628,1.0,random
2019-03-26,0.009822625372581672,0.8,random
2019-03-27,0.00653490530217562,0.6,random
2019-03-28,0.016942008689629473,0.6,random
2019-03-29,0.018867366906630222,0.6,random
2019-04-01,-0.011301224572135315,0.6,random
2019-04-02,-0.005311891903681043,0.2,random
2019-04-03,-0.003744673035209689,0.6,random
2019-04-04,-0.020576842021222896,0.0,random
2019-04-05,-0.01013475387977505,0.6,random
2019-04-08,-0.006748910116582141,0.6,random
2019-04-09,-0.007855117355197283,0.8,random
2019-04-10,-0.004582989962225614,0.6,random
2019-04-11,0.03408847810925022,1.0,random
2019-04-12,0.0033218952926344913,0.8,random
2019-04-15,0.025412790201663604,0.8,random
2019-04-16,0.01563834893894067,1.0,random
2019-04-17,-0.004395491450340993,0.6,random
2019-04-18,0.015611296859385226,0.8,random
2019-04-22,0.019239035217002144,0.8,random
2019-04-23,0.013644703417797421,0.8,random
2019-04-24,-0.005444654702545115,0.4,random
2019-04-25,0.004479208760445519,0.6,random
2019-04-26,0.00034003452388409183,0.6,random
2019-04-29,-0.0052623234381466545,0.4,random
2019-04-30,-0.009009109330148446,0.4,random
2019-05-01,-0.01672920667877713,0.2,random
2019-05-02,-0.018808070556838464,0.0,random
2019-05-03,-0.009470547748975888,0.2,random
2019-05-06,-0.033552742297891756,0.0,random
2019-05-07,-0.014405661826543436,0.2,random
2019-05-08,-0.004836588053739233,0.4,random
2019-05-09,0.009966692648409858,0.6,random
2019-05-10,-0.011414087565934405,0.4,random
2019-05-13,0.00864566788786778,0.8,random
2019-05-14,0.006125055409919522,0.6,random
2019-05-15,0.007937314275393436,0.6,random
2019-05-16,-0.006373513360493121,0.2,random
2019-05-17,0.003995928845779706,0.4,random
2019-05-20,-0.008553993747878085,0.4,random
2019-05-21,-0.021921981585019856,0.2,random
2019-05-22,-0.03415057005658826,0.0,random
2019-05-23,-0.02341006771676557,0.0,random
2019-05-24,-0.03164808955995402,0.0,random
2019-05-28,0.0008450353324967353,0.6,random
2019-05-29,0.018352952210301598,1.0,random
2019-05-30,0.02364824919664934,1.0,random
2019-05-31,0.05355813267315659,1.0,random
2019-06-03,0.06465021073204702,1.0,random
2019-06-04,0.04044462309271348,1.0,random
2019-06-05,0.023210711199785083,0.8,random
2019-06-06,0.01577036784817474,1.0,random
2019-06-07,-0.0011997807542128314,0.6,random
2019-06-10,-0.0016616928533272235,0.6,random
2019-06-11,0.01009592331819964,1.0,random
2019-06-12,0.008568455664392727,0.8,random
2019-06-13,0.032393932511875126,1.0,random
2019-06-14,0.019497174261873695,1.0,random
2019-06-17,0.020847861190147456,0.8,random
2019-06-18,-0.007349220685127333,0.2,random
2019-06-19,-0.007974145842558955,0.4,random
2019-06-20,0.00966186484175866,0.4,random
2019-06-21,-0.007949777592357954,0.2,random
2019-06-24,-0.007777155099242661,0.4,random
2019-06-25,0.02071605964638401,0.6,random
2019-06-26,0.03233440182487226,1.0,random
2019-06-27,0.026452475151359733,0.8,random
2019-06-28,-0.007980803334599185,0.4,random
2019-07-01,-0.005415452566705503,0.6,random
2019-07-02,0.0071809639136998,0.8,random
2019-07-03,0.020992733864291614,0.8,random
2019-07-05,0.02021704214503215,1.0,random
2019-07-08,0.0053744264432820325,0.6,random
2019-07-09,0.0171054013129595,0.8,random
2019-07-10,0.006654627047206874,0.6,random
2019-07-11,0.006512461739757924,0.6,random
2019-07-12,-0.00120368566335749,0.2,random
2019-07-15,-0.0011175697298640764,0.6,random
2019-07-16,0.013398300124198226,0.8,random
2019-07-17,0.011306842355075775,0.8,random
2019-07-18,0.004198386182402003,0.4,random
2019-07-19,0.014400041757827031,0.8,random
2019-07-22,-0.0014641107524976827,0.6,random
2019-07-23,0.004585394723084657,0.6,random
2019-07-24,-0.03654700710533025,0.0,random
2019-07-25,-0.016043077816198202,0.2,random
2019-07-26,-0.03247694953758666,0.0,random
2019-07-29,-0.06686770378457237,0.0,random
2019-07-30,-0.062131353474050965,0.0,random
2019-07-31,-0.04860857611947948,0.0,random
2019-08-01,-0.005165216173344556,0.6,random
2019-08-02,0.0004263757787541289,0.6,random
2019-08-05,0.0007592738748390504,0.6,random
2019-08-06,0.01352564562700378,1.0,random
2019-08-07,-0.026497482863074295,0.0,random
2019-08-08,-0.052022418327959216,0.2,random
2019-08-09,0.0033400453461787105,0.4,random
2019-08-12,0.029559273740582558,0.6,random
2019-08-13,-0.00618055481984725,0.4,random
2019-08-14,0.010809718480487418,0.6,random
2019-08-15,0.031050581221587235,1.0,random
2019-08-16,0.002735499686629539,0.2,random
2019-08-19,-0.0035536111909783897,0.2,random
2019-08-20,0.005495888530762549,0.6,random
2019-08-21,-0.016834705467267286,0.2,random
2019-08-22,0.002855472126367875,0.6,random
2019-08-23,0.02468345568054229,1.0,random
2019-08-26,0.01579571506902482,0.8,random
2019-08-27,0.023076840271926892,1.0,random
2019-08-28,0.04093422168311185,1.0,random
2019-08-29,0.004669560755528668,0.6,random
2019-08-30,0.01746189174486179,0.8,random
2019-09-03,0.022648622291519427,0.6,random
2019-09-04,0.05196428726282187,1.0,random
2019-09-05,0.0023691631728595787,0.4,random
2019-09-06,0.014736947023051571,0.6,random
2019-09-09,-0.0009040080075129575,0.2,random
2019-09-10,0.004437907715102929,0.8,random
2019-09-11,0.0007677445023403396,0.6,random
2019-09-12,-0.0033242489897159057,0.4,random
2019-09-13,-0.011310801193624575,0.2,random
2019-09-16,-0.003910925619476235,0.4,random
2019-09-17,-0.01831819704387916,0.2,random
2019-09-18,-0.005998254387786206,0.2,random
2019-09-19,-0.00856900873145885,0.4,random
2019-09-20,-0.023319449369114963,0.4,random
2019-09-23,-0.009538182987365862,0.2,random
2019-09-24,-0.013672625518106617,0.2,random
2019-09-25,-0.043292439728992035,0.0,random
2019-09-26,-0.021240202168209477,0.0,random
2019-09-27,-0.01582115265455608,0.2,random
2019-09-30,-0.03574285417005134,0.0,random
2019-10-01,-0.02080182435910971,0.0,random
2019-10-02,-0.004696264099938907,0.6,random
2019-10-03,-0.004080385012142362,0.2,random
2019-10-04,0.01358306173890662,0.6,random
2019-10-07,0.009118494893239858,0.8,random
2019-10-08,0.05782786198383207,1.0,random
2019-10-09,0.006648258799574691,0.8,random
2019-10-10,0.019264878893463667,0.8,random
2019-10-11,-0.011607128459071836,0.2,random
2019-10-14,-0.0012206475013097685,0.4,random
2019-10-15,6.80027885344492e-05,0.8,random
2019-10-16,0.018085301066463,0.6,random
2019-10-17,-0.005789748482442114,0.4,random
2019-10-18,0.03560375716974169,0.8,random
2019-10-21,0.007308914058172533,0.6,random
2019-10-22,0.024180434921827355,0.6,random
2019-10-23,0.024679734989092574,0.6,random
2019-10-24,0.011734523900076631,0.8,random
2019-10-25,0.021445435724427985,1.0,random
2019-10-28,0.011193833785680929,0.8,random
2019-10-29,0.020940037633345576,0.8,random
2019-10-30,0.013289178174666749,0.8,random
2019-10-31,0.03771728571310375,1.0,random
2019-11-01,-0.004004429433212042,0.4,random
2019-11-04,0.002404778584277123,0.8,random
2019-11-05,0.005319700963966856,0.6,random
2019-11-06,0.01014733751639838,0.8,random
2019-11-07,-0.002700548671857894,0.6,random
2019-11-08,0.007416794491127266,0.4,random
2019-11-11,-0.00776207387486656,0.6,random
2019-11-12,0.02200183918913856,0.8,random
2019-11-13,0.00662394011405032,0.6,random
2019-11-14,-0.0021448193724864506,0.2,random
2019-11-15,-0.006260768060431854,0.4,random
2019-11-18,0.00012468268179721687,0.4,random
2019-11-19,0.011126106821788984,0.8,random
2019-11-20,0.015437311786019725,1.0,random
2019-11-21,0.003838466244280592,0.8,random
2019-11-22,-0.002014920292860678,0.4,random
2019-11-25,-0.006367573315760211,0.6,random
2019-11-26,-0.010167887729607927,0.4,random
2019-11-27,-0.01924063226912993,0.2,random
2019-11-29,-0.015955496278305947,0.2,random
2019-12-02,-0.006352185912810926,0.4,random
2019-12-03,0.006711610399862078,0.8,random
2019-12-04,0.000510866095125162,0.6,random
2019-12-05,0.012722271554423781,1.0,random
2019-12-06,0.011351008419436658,0.8,random
2019-12-09,0.005058887042779747,0.8,random
2019-12-10,0.01707330167234846,1.0,random
2019-12-11,0.0146652235990816,0.8,random
2019-12-12,0.01708276335853558,0.8,random
2019-12-13,0.0169957703123107,1.0,random
2019-12-16,0.004911930550590559,0.6,random
2019-12-17,0.025423943638265167,0.8,random
2019-12-18,0.008754662492186326,0.6,random
2019-12-19,0.01577081295410432,1.0,random
2019-12-20,-0.007629369518057194,0.4,random
2019-12-23,0.003376909032630393,0.4,random
2019-12-24,0.009548254105687336,0.8,random
2019-12-26,0.0029868295079144903,0.8,random
2019-12-27,0.0036204933157355512,1.0,random
2019-12-30,-0.0012132909061857156,0.4,random
2019-12-31,0.0002917821636637008,0.4,random
2020-01-02,-0.021151903908017956,0.2,random
2020-01-03,0.004493386587270299,0.6,random
2020-01-06,0.0027014019821114178,0.4,random
2020-01-07,0.010519401906748094,0.8,random
2020-01-08,0.01375948923288144,0.6,random
2020-01-09,0.02470753230107492,0.8,random
2020-01-10,0.026310273755682623,1.0,random
2020-01-13,0.019700283876845436,0.8,random
2020-01-14,0.012783264903696656,0.8,random
2020-01-15,-0.011814744154841739,0.2,random
2020-01-16,-0.017851169326448278,0.2,random
2020-01-17,-0.03312205661560728,0.0,random
2020-01-21,-0.03173046955771193,0.2,random
2020-01-22,-0.02609473245976477,0.2,random
2020-01-23,-0.010745426950555869,0.4,random
2020-01-24,-0.025165979715992347,0.0,random
2020-01-27,0.023268702777956764,0.6,random
2020-01-28,0.02410258257052287,0.8,random
2020-01-29,0.021915787590989843,1.0,random
2020-01-30,0.011971471062653305,0.6,random
2020-01-31,0.026979017609939683,1.0,random
2020-02-03,0.03312875302923364,1.0,random
2020-02-04,0.01182303292972331,0.8,random
2020-02-05,0.0014146985670907331,0.6,random
2020-02-06,0.0022226165000564626,0.6,random
2020-02-07,0.029457037317429612,1.0,random
2020-02-10,-0.0002625131855551466,0.6,random
2020-02-11,0.015075156994009608,0.8,random
2020-02-12,0.001027220076151436,0.4,random
2020-02-13,0.009226820797238865,0.4,random
2020-02-14,-0.0347266148018416,0.0,random
2020-02-18,-0.05719947061884789,0.0,random
2020-02-19,-0.11583959952690177,0.0,random
2020-02-20,-0.11721910097507278,0.0,random
2020-02-21,-0.13094422008773235,0.0,random
2020-02-24,-0.055690623319476204,0.0,random
2020-02-25,-0.056171147388329755,0.0,random
2020-02-26,-0.006057025252439852,0.2,random
2020-02-27,-0.01312610901236444,0.4,random
2020-02-28,0.0192015758495657,0.6,random
2020-03-02,-0.09291094289734454,0.2,random
2020-03-03,-0.05231414879795417,0.2,random
2020-03-04,-0.07071529937248652,0.0,random
2020-03-05,-0.164804374681616,0.0,random
2020-03-06,-0.09030974094512596,0.0,random
2020-03-09,-0.09510563353080832,0.0,random
2020-03-10,-0.16906775170046714,0.0,random
2020-03-11,-0.1627062020163422,0.0,random
2020-03-12,-0.0505412333725046,0.2,random
2020-03-13,-0.13302989636910206,0.2,random
2020-03-16,-0.07573165009211062,0.2,random
2020-03-17,0.0014450569509915745,0.6,random
2020-03-18,0.12664304524845563,0.8,random
2020-03-19,0.18527396537249782,1.0,random
2020-03-20,0.11058407195774682,0.8,random
2020-03-23,0.21933476442091507,1.0,random
2020-03-24,0.033601734865373434,1.0,random
2020-03-25,-0.03022521344925122,0.4,random
2020-03-26,-0.024493399114720572,0.2,random
2020-03-27,0.008891886591578024,0.8,random
2020-03-30,-0.002138418037565759,0.6,random
2020-03-31,0.029504589660553315,0.8,random
2020-04-01,0.15515639144262794,1.0,random
2020-04-02,0.08467536813567075,1.0,random
2020-04-03,0.1238962580109844,1.0,random
2020-04-06,0.07056463188840478,1.0,random
2020-04-07,0.014706750916514388,0.6,random
2020-04-08,-0.080251169677649,0.0,random
2020-04-09,0.02128802296049139,0.6,random
2020-04-13,0.007450939092775699,0.8,random
2020-04-14,-0.044605583770444476,0.0,random
2020-04-15,0.002318400565991663,0.4,random
2020-04-16,0.02532730279490414,0.8,random
2020-04-17,-0.022884616566892314,0.2,random
2020-04-20,0.009848801540414365,0.8,random
2020-04-21,0.05700857234066929,0.8,random
2020-04-22,0.026862665551128838,0.8,random
2020-04-23,0.03627316384253769,0.8,random
2020-04-24,-0.011002957360427734,0.4,random
2020-04-27,-0.023189299162009826,0.2,random
2020-04-28,-0.01264621557483685,0.4,random
2020-04-29,-0.022027908563259514,0.4,random
2020-04-30,-0.015757875975102142,0.4,random
2020-05-01,0.03449981173692218,1.0,random
2020-05-04,0.06724898903255752,1.0,random
2020-05-05,0.02768412536073652,0.6,random
2020-05-06,-0.01522824956548241,0.2,random
2020-05-07,0.010269027906914951,0.6,random
2020-05-08,-0.05229126590167654,0.2,random
2020-05-11,0.03317631751870651,0.6,random
2020-05-12,-0.002352154085413849,0.4,random
2020-05-13,0.07583018145891951,1.0,random
2020-05-14,0.040134062678747286,1.0,random
2020-05-15,0.0050733276185768615,0.4,random
2020-05-18,0.043409440904598015,0.8,random
2020-05-19,0.06166491454532057,0.6,random
2020-05-20,0.02459684721186526,1.0,random
2020-05-21,0.012340591473453611,0.6,random
2020-05-22,0.03453756310767928,0.6,random
2020-05-26,0.026356320700416824,0.8,random
2020-05-27,0.029058645697220963,1.0,random
2020-05-28,0.04397817797893566,0.8,random
2020-05-29,0.06956695840112948,0.8,random
2020-06-01,0.06020157242053008,1.0,random
2020-06-02,0.020145913138999383,1.0,random
2020-06-03,0.04402530583004971,0.8,random
2020-06-04,-0.05154562626856951,0.0,random
2020-06-05,-0.040988739383797414,0.2,random
2020-06-08,-0.06770665034583587,0.2,random
2020-06-09,-0.018273281848617227,0.4,random
2020-06-10,-0.027082097946765506,0.0,random
2020-06-11,0.04526697920862151,1.0,random
2020-06-12,0.024185603741719186,0.8,random
2020-06-15,-0.016100244611740956,0.0,random
2020-06-16,0.019826708430562112,0.8,random
2020-06-17,-0.05144518454079039,0.0,random
2020-06-18,-0.025986101887458625,0.2,random
2020-06-19,-0.027530304263749295,0.2,random
2020-06-22,-0.018824414459941895,0.0,random
2020-06-23,-0.011973067438890816,0.2,random
2020-06-24,0.022412653647343905,0.8,random
2020-06-25,-0.008236576437059929,0.4,random
2020-06-26,0.025041142700393548,1.0,random
2020-06-29,0.014857489119019119,0.6,random
2020-06-30,0.007628089043415898,0.4,random
2020-07-01,0.006679122412230232,0.4,random
2020-07-02,0.008913555548505259,0.6,random
2020-07-06,-0.01853946413659637,0.4,random
2020-07-07,0.018170314879150794,0.8,random
2020-07-08,0.029214439663856638,1.0,random
2020-07-09,-0.010202710664597303,0.6,random
2020-07-10,0.03330492480597562,1.0,random
2020-07-13,0.02242640584358646,0.8,random
2020-07-14,0.015085269238070631,0.6,random
2020-07-15,0.010328220064220895,0.6,random
2020-07-16,0.026042553839282646,1.0,random
2020-07-17,0.011961312598717244,0.6,random
2020-07-20,-0.0372026435711845,0.4,random
2020-07-21,-0.01570929649349151,0.2,random
2020-07-22,0.0007755793193777505,0.6,random
2020-07-23,-0.00920811293698438,0.4,random
2020-07-24,0.027328903430755024,0.4,random
2020-07-27,-0.005947204289871477,0.4,random
2020-07-28,0.046509623790510136,0.8,random
2020-07-29,0.054687969115326675,0.8,random
2020-07-30,0.02020059671342911,0.8,random
2020-07-31,0.0394118263192861,1.0,random
2020-08-03,0.03528879567284946,1.0,random
2020-08-04,0.031188249888731277,0.6,random
2020-08-05,0.012512803073849277,0.8,random
2020-08-06,0.030122693037049154,1.0,random
2020-08-07,0.023361847687324876,1.0,random
2020-08-10,-0.0025263419016875012,0.6,random
2020-08-11,-0.00821977239956102,0.6,random
2020-08-12,-0.02607269793087088,0.2,random
2020-08-13,0.00784209258158768,0.6,random
2020-08-14,0.013297090830030212,0.6,random
2020-08-17,0.013111771382290648,0.6,random
2020-08-18,0.013853563548675863,0.8,random
2020-08-19,0.041259819449459466,1.0,random
2020-08-20,0.033317762529383635,1.0,random
2020-08-21,0.041833179216971494,1.0,random
2020-08-24,0.005595644948402168,0.6,random
2020-08-25,0.05210500351016643,0.8,random
2020-08-26,0.04040855884066681,1.0,random
2020-08-27,0.00977068739849909,0.6,random
2020-08-28,1.57370424991754e-05,0.6,random
2020-08-31,-0.03751390391130407,0.4,random
2020-09-01,-0.01709395987885425,0.6,random
2020-09-02,-0.04504855841841195,0.0,random
2020-09-03,-0.013824099291615145,0.4,random
2020-09-04,0.0003211182647497424,0.4,random
2020-09-08,0.012365115087774825,0.8,random
2020-09-09,-0.015044953022236763,0.4,random
2020-09-10,0.009736719477173139,0.6,random
2020-09-11,0.006719473759428052,1.0,random
2020-09-14,-0.029150113264423693,0.0,random
2020-09-15,-0.021815924077842563,0.0,random
2020-09-16,-0.05610393338767909,0.0,random
2020-09-17,-0.04022369917496675,0.2,random
2020-09-18,-0.017319205872206655,0.2,random
2020-09-21,0.020382417801230047,1.0,random
2020-09-22,0.00563775199158254,0.4,random
2020-09-23,0.021523417456942574,1.0,random
2020-09-24,0.055578519469114476,1.0,random
2020-09-25,0.012103486701119825,0.6,random
2020-09-28,0.012864487274882385,0.8,random
2020-09-29,0.02268245558569868,1.0,random
2020-09-30,0.02108510672050663,0.8,random
2020-10-01,0.022660454273667252,0.8,random
2020-10-02,0.0205213650613572,0.8,random
2020-10-05,0.04177203003646932,0.8,random
2020-10-06,0.02081786896869131,1.0,random
2020-10-07,0.01972164604634994,0.6,random
2020-10-08,0.007529740987685041,0.6,random
2020-10-09,0.009788896770619204,0.6,random
2020-10-12,-0.022846875670970747,0.0,random
2020-10-13,-0.014218473749309202,0.2,random
2020-10-14,-0.015322889583762355,0.4,random
2020-10-15,-0.01690783598978298,0.2,random
2020-10-16,-0.003802253948563217,0.2,random
2020-10-19,-0.03572929432617831,0.2,random
2020-10-20,-0.03637162195772374,0.0,random
2020-10-21,-0.04374344911046848,0.0,random
2020-10-22,-0.040547578318000356,0.0,random
2020-10-23,-0.06378640365103731,0.0,random
2020-10-26,-0.04708528652422894,0.0,random
2020-10-27,-0.022632128194293877,0.4,random
2020-10-28,0.041663494171847136,1.0,random
2020-10-29,0.052338970829078416,1.0,random
2020-10-30,0.11429020148749629,1.0,random
2020-11-02,0.14238542310649507,1.0,random
2020-11-03,0.06737624332965997,0.8,random
2020-11-04,0.08186470261425209,1.0,random
2020-11-05,0.03627349218948776,0.6,random
2020-11-06,0.04555467364179298,0.6,random
2020-11-09,0.024812330651056102,0.8,random
2020-11-10,0.0313117801591579,1.0,random
2020-11-11,-0.007099229993684797,0.4,random
2020-11-12,0.014153830212228246,0.6,random
2020-11-13,0.015833664774925982,0.8,random
2020-11-16,-0.013432107315768427,0.4,random
2020-11-17,0.03239912029070417,1.0,random
2020-11-18,0.022967696431210348,1.0,random
2020-11-19,0.002564981440118652,0.8,random
2020-11-20,0.023479302279450165,1.0,random
2020-11-23,0.024987150614298747,0.8,random
2020-11-24,-0.018295216783337252,0.4,random
2020-11-25,0.0066523307762139435,0.4,random
2020-11-27,0.0014684803295749171,0.4,random
2020-11-30,0.015854695760482818,0.8,random
2020-12-01,-0.003866524297177176,0.4,random
2020-12-02,0.00012126151879372493,0.6,random
2020-12-03,-0.0021996530934233816,0.4,random
2020-12-04,-0.004625461662872099,0.4,random
2020-12-07,-0.005644622180856795,0.4,random
2020-12-08,-0.018227143629738807,0.2,random
2020-12-09,0.007519834035452822,0.8,random
2020-12-10,-0.021703941825772687,0.4,random
2020-12-11,-0.0025040892867859155,0.4,random
2020-12-14,0.02347787364089169,0.8,random
2020-12-15,-0.01389056387615779,0.2,random
2020-12-16,-0.010815443029181826,0.4,random
2020-12-17,-0.0065791602957431475,0.2,random
2020-12-18,0.031480315492866805,1.0,random
2020-12-21,-0.0005654690665676699,0.6,random
2020-12-22,0.003384623642906437,0.4,random
2020-12-23,0.01302768760372508,0.6,random
2020-12-24,-0.016856504533776007,0.4,random
2020-12-28,0.008566846420243879,0.8,random
2020-12-29,-0.006813068970522718,0.6,random
2020-12-30,0.053842634620917276,1.0,random
2020-12-31,0.003931960754130492,0.6,random
2021-01-04,0.016982551527432933,0.6,random
2021-01-05,0.023687444247733502,0.6,random
2021-01-06,-0.0058870462911455815,0.2,random
2021-01-07,-0.0016701377597851507,0.4,random
2021-01-08,-0.020245273405582333,0.4,random
2021-01-11,-0.026988126651861698,0.2,random
2021-01-12,-0.007438008347582703,0.4,random
2021-01-13,-0.0069141834203440885,0.4,random
2021-01-14,0.008042154954316972,0.4,random
2021-01-15,-0.005922465933560717,0.2,random
2021-01-19,-0.0220283013673823,0.4,random
2021-01-20,-0.046296530369580216,0.0,random
2021-01-21,-0.02314609654008375,0.2,random
2021-01-22,-0.022883545364198343,0.0,random
2021-01-25,-0.03395534328062848,0.0,random
2021-01-26,-0.008264595149983057,0.2,random
2021-01-27,0.040757881172847156,1.0,random
2021-01-28,0.03866872893770375,0.8,random
2021-01-29,0.028867969506781076,0.8,random
2021-02-01,0.047617453386024564,1.0,random
2021-02-02,0.02384768040222398,0.8,random
2021-02-03,0.025121948899085523,1.0,random
2021-02-04,-0.001298120830036309,0.4,random
2021-02-05,0.013073885598985879,0.6,random
2021-02-08,0.0026824584547460615,0.4,random
2021-02-09,0.001389670636891527,0.6,random
2021-02-10,-0.012222557337024775,0.4,random
2021-02-11,0.006000486630912771,0.6,random
2021-02-12,0.004937599797525194,0.4,random
2021-02-16,0.022686434664516274,1.0,random
2021-02-17,0.012051356532106205,0.6,random
2021-02-18,-0.04056903980656577,0.0,random
2021-02-19,-0.020677076446112053,0.2,random
2021-02-22,-0.004182088283876673,0.4,random
2021-02-23,0.002153174859126161,0.6,random
2021-02-24,-0.024685781999869594,0.2,random
2021-02-25,-0.03482191893880835,0.0,random
2021-02-26,0.007859465731687632,0.6,random
2021-03-01,0.021283441641787616,1.0,random
2021-03-02,0.026007662821197864,0.8,random
2021-03-03,0.030226912608052416,1.0,random
2021-03-04,0.05697296464734007,1.0,random
2021-03-05,0.035508706298273206,1.0,random
2021-03-08,0.052474948517635234,1.0,random
2021-03-09,0.03337523330081007,1.0,random
2021-03-10,0.006477295537006556,0.4,random
2021-03-11,0.011674786035511087,0.8,random
2021-03-12,-0.019465619184497872,0.4,random
2021-03-15,-0.020838388558612263,0.2,random
2021-03-16,-0.00871809588223671,0.2,random
2021-03-17,-0.02971290258322774,0.2,random
2021-03-18,-0.0014447467969762595,0.4,random
2021-03-19,0.022646767635131494,0.8,random
2021-03-22,0.02541035329983534,0.8,random
2021-03-23,0.017456048537110247,0.8,random
2021-03-24,0.018789413096534213,0.8,random
2021-03-25,0.030305151909603922,0.8,random
2021-03-26,0.009213535014230811,0.6,random
2021-03-29,0.030795250126038544,1.0,random
2021-03-30,0.0218506599187265,0.6,random
2021-03-31,0.029162232212489793,0.8,random
2021-04-01,0.017054434239120432,0.6,random
2021-04-05,0.01293821390268617,0.4,random
2021-04-06,-0.014199597769071337,0.2,random
2021-04-07,0.012255894530778244,0.8,random
2021-04-08,0.029641145065669172,0.6,random
2021-04-09,0.012049414752771836,1.0,random
2021-04-12,0.006068585319663411,0.8,random
2021-04-13,-0.010464019386945588,0.4,random
2021-04-14,0.020759604650620544,0.8,random
2021-04-15,0.0027127551302800644,0.6,random
2021-04-16,0.0023560715952280374,0.8,random
2021-04-19,-0.010628234277075932,0.6,random
2021-04-20,-0.0006399036587911633,0.6,random
2021-04-21,-0.0024568102444242125,0.4,random
2021-04-22,0.0073606285517835435,0.8,random
2021-04-23,0.008281307075956867,0.6,random
2021-04-26,0.011682337058525394,0.8,random
2021-04-27,0.012573442297689263,0.6,random
2021-04-28,0.01347389810813866,0.8,random
2021-04-29,0.0019212430970903193,0.6,random
2021-04-30,0.02250622594831695,0.6,random
2021-05-03,0.01940228285702079,1.0,random
2021-05-04,-0.0037434128297258785,0.4,random
2021-05-05,-0.022417531806746417,0.2,random
2021-05-06,-0.021941005448375517,0.2,random
2021-05-07,-0.010311542622041592,0.2,random
2021-05-10,-0.012214799304287016,0.0,random
2021-05-11,0.0009322551655697398,0.4,random
2021-05-12,-0.005826804024403787,0.4,random
2021-05-13,0.015336918644890396,1.0,random
2021-05-14,-0.0029858024638941714,0.4,random
2021-05-17,0.003022866336963204,0.6,random
2021-05-18,-0.0023706020411692562,0.4,random
2021-05-19,0.010337969825673055,0.8,random
2021-05-20,-0.0028308277804044214,0.6,random
2021-05-21,0.01072246777186352,0.8,random
2021-05-24,0.012789493384812367,0.4,random
2021-05-25,-0.009036519979390345,0.4,random
2021-05-26,0.008231269713943456,0.6,random
2021-05-27,-0.0022883576179348886,0.4,random
2021-05-28,0.019158164842494663,0.6,random
2021-06-01,0.004918286973231156,0.6,random
2021-06-02,0.006664813408102344,0.6,random
2021-06-03,0.0023208842834432806,0.8,random
2021-06-04,-0.0008512288703898862,0.4,random
2021-06-07,-0.0026323563685593633,0.6,random
2021-06-08,-0.017285110962632168,0.6,random
2021-06-09,0.00349607538362533,0.6,random
2021-06-10,-0.01587900032084961,0.2,random
2021-06-11,-0.04404659097579187,0.0,random
2021-06-14,-0.013237854432757223,0.2,random
2021-06-15,-0.0018108297891889392,0.4,random
2021-06-16,-0.004333425607488994,0.4,random
2021-06-17,0.005212047098934058,0.4,random
2021-06-18,0.026898904452990546,1.0,random
2021-06-21,0.00738046491616291,0.6,random
2021-06-22,0.00551905285644958,0.6,random
2021-06-23,-0.0071232069855400315,0.4,random
2021-06-24,0.005217042794189419,0.6,random
2021-06-25,0.019253199617994276,1.0,random
2021-06-28,-0.01762847246907573,0.2,random
2021-06-29,0.00823151110395226,0.8,random
2021-06-30,-0.002299771734444689,0.6,random
2021-07-01,-0.001635353354059088,0.6,random
2021-07-02,0.00809707586280386,0.6,random
2021-07-06,0.0010424427524122538,0.6,random
2021-07-07,-0.009736549724532662,0.4,random
2021-07-08,0.013266563551391265,0.8,random
2021-07-09,-0.006673252297506482,0.4,random
2021-07-12,-0.04145971871552849,0.2,random
2021-07-13,-0.02638919956192496,0.2,random
2021-07-14,-0.011525581539575525,0.0,random
2021-07-15,-0.011527458796826462,0.4,random
2021-07-16,0.01666899674094069,0.6,random
2021-07-19,0.026075625707236073,0.8,random
2021-07-20,0.01255333080572374,1.0,random
2021-07-21,0.006639698827144746,0.6,random
2021-07-22,0.006718918359075454,1.0,random
2021-07-23,-0.004646522567734612,0.2,random
2021-07-26,-0.025814405609023282,0.2,random
2021-07-27,0.011021659511425863,1.0,random
2021-07-28,-0.0131277127699714,0.2,random
2021-07-29,0.006358897405345121,0.6,random
2021-07-30,0.005493295374695184,0.6,random
2021-08-02,0.0002893225435806501,0.6,random
2021-08-03,-0.006806309131555932,0.2,random
2021-08-04,0.03391084601701595,0.6,random
2021-08-05,0.012118735280440518,0.6,random
2021-08-06,0.0177306445203409,1.0,random
2021-08-09,0.002592764218123844,0.6,random
2021-08-10,0.0016110028554360278,0.4,random
2021-08-11,-0.005398935139086536,0.4,random
2021-08-12,-0.018675463049345663,0.4,random
2021-08-13,-0.01700295794755897,0.4,random
2021-08-16,-0.002280649365429155,0.2,random
2021-08-17,-0.0046220704005933925,0.4,random
2021-08-18,0.02101637999042154,0.8,random
2021-08-19,0.030356374431673716,0.8,random
2021-08-20,0.010539784848299271,0.6,random
2021-08-23,0.005937570387656721,0.6,random
2021-08-24,0.002922739855308709,0.2,random
2021-08-25,-0.012733522498757676,0.0,random
2021-08-26,0.003289146092256545,0.6,random
2021-08-27,-0.013027371782414554,0.2,random
2021-08-30,-0.007744938684242841,0.2,random
2021-08-31,-0.01117331576513807,0.2,random
2021-09-01,-0.012978824660154209,0.2,random
2021-09-02,-0.018309351851012103,0.4,random
2021-09-03,-0.016291059887316252,0.0,random
2021-09-07,-0.025937070776345172,0.0,random
2021-09-08,-0.00827769452894107,0.4,random
2021-09-09,0.002989149287880255,0.4,random
2021-09-10,0.0012312479784280627,0.6,random
2021-09-13,-0.021130386304356354,0.2,random
2021-09-14,-0.019680403076026275,0.4,random
2021-09-15,-0.008091950322469321,0.4,random
2021-09-16,0.0005351743039081036,0.4,random
2021-09-17,0.018443433780860573,0.6,random
2021-09-20,0.03808218786338802,0.8,random
2021-09-21,-0.001229077530870315,0.4,random
2021-09-22,0.007478645424181219,0.6,random
2021-09-23,-0.01175790623162214,0.2,random
2021-09-24,-0.018273754052929213,0.2,random
2021-09-27,-0.03370050011924275,0.0,random
2021-09-28,-0.010570611134266761,0.0,random
2021-09-29,-0.0016428445377984825,0.4,random
2021-09-30,0.0349611935284387,0.8,random
2021-10-01,0.017841348213606077,0.8,random
2021-10-04,0.020112736747207326,0.8,random
2021-10-05,-0.002245657507937793,0.2,random
2021-10-06,-0.009318018234997515,0.4,random
2021-10-07,-0.00798066995370914,0.6,random
2021-10-08,-0.007659405149906174,0.4,random
2021-10-11,0.040093814721115506,0.8,random
2021-10-12,0.032658258767146495,1.0,random
2021-10-13,0.029380796584288826,0.8,random
2021-10-14,0.025110286899501323,0.8,random
2021-10-15,-0.004639135254588056,0.6,random
2021-10-18,0.021461577615352122,0.8,random
2021-10-19,0.024646119648798016,1.0,random
2021-10-20,-0.055902300121679536,0.0,random
2021-10-21,0.0305137658129389,1.0,random
2021-10-22,-0.0069196613973730335,0.6,random
2021-10-25,-0.0034233972495206545,0.6,random
2021-10-26,0.008985316983636093,0.4,random
2021-10-27,0.020475434708248218,0.8,random
2021-10-28,0.015001974435550847,0.8,random
2021-10-29,0.015014000161618312,0.6,random
2021-11-01,0.002752862871804984,0.6,random
2021-11-02,0.0014220794425322757,0.6,random
2021-11-03,0.009993860142610566,0.8,random
2021-11-04,0.004703408406791509,0.6,random
2021-11-05,0.003577013964419651,0.4,random
2021-11-08,0.0008141754878118635,0.6,random
2021-11-09,-0.028725210671189404,0.2,random
2021-11-10,-0.002637925793279905,0.4,random
2021-11-11,-0.00986328381695123,0.2,random
2021-11-12,-0.0037904465246313634,0.4,random
2021-11-15,-0.021265398080149135,0.0,random
2021-11-16,0.004307749416368067,0.4,random
2021-11-17,-0.03293237480892104,0.2,random
2021-11-18,-0.05629369605224854,0.0,random
2021-11-19,-0.015420376056422103,0.4,random
2021-11-22,-0.02334188184291599,0.2,random
2021-11-23,-0.04362109545598873,0.0,random
2021-11-24,-0.03914651115130559,0.0,random
2021-11-26,0.006582329905121398,0.6,random
2021-11-29,-0.024531564760826473,0.4,random
2021-11-30,0.04560423410548142,1.0,random
2021-12-01,0.06474762830270064,1.0,random
2021-12-02,0.032946975702285594,1.0,random
2021-12-03,0.06440853750063721,1.0,random
2021-12-06,0.005677473551321399,0.6,random
2021-12-07,-0.0030795953915246253,0.4,random
2021-12-08,0.004086652282652059,0.4,random
2021-12-09,-0.01424779980140738,0.6,random
2021-12-10,-0.013432264688229579,0.6,random
2021-12-13,-0.01780528085814468,0.4,random
2021-12-14,-0.0025216963015515905,0.4,random
2021-12-15,-0.020470988488322385,0.2,random
2021-12-16,-0.0019166968696577192,0.4,random
2021-12-17,0.03645471223896983,1.0,random
2021-12-20,0.03697343979208965,1.0,random
2021-12-21,0.029090561561998386,0.8,random
2021-12-22,0.008300033868118973,0.8,random
2021-12-23,0.007168250548605082,0.8,random
2021-12-27,0.018211696796977872,1.0,random
2021-12-28,0.019667755143816558,1.0,random
2021-12-29,0.018168087758693295,1.0,random
2021-12-30,-0.004167498162869254,0.6,random
2021-12-31,-0.018730954500683537,0.4,random
2022-01-03,0.011504621711301866,0.4,random
2022-01-04,-0.008426495611170991,0.6,random
2022-01-05,0.004616434586391449,0.6,random
2022-01-06,-0.008029872218170264,0.2,random
2022-01-07,0.021691054401881415,0.8,random
2022-01-10,-0.0287263750313558,0.2,random
2022-01-11,-0.03579841069819336,0.2,random
2022-01-12,-0.045414853539033115,0.2,random
2022-01-13,-0.02241695340651486,0.0,random
2022-01-14,-0.03401190183249179,0.0,random
2022-01-18,-0.016927270796298653,0.4,random
2022-01-19,-0.03358448183484188,0.0,random
2022-01-20,-0.04373505473581689,0.2,random
2022-01-21,-0.0031406873666994352,0.8,random
2022-01-24,0.0201342977353397,0.8,random
2022-01-25,0.020785433524668596,0.6,random
2022-01-26,0.02790136708037392,0.8,random
2022-01-27,0.0007752238413204715,0.6,random
2022-01-28,0.011848093744294918,0.6,random
2022-01-31,-0.0013390583902014087,0.4,random
2022-02-01,0.004656332613070946,0.4,random
2022-02-02,0.0010304842462128371,0.4,random
2022-02-03,-0.011901348955182644,0.4,random
2022-02-04,-0.0031607329007149686,0.2,random
2022-02-07,-0.02247883894998821,0.0,random
2022-02-08,-0.015406099616506875,0.2,random
2022-02-09,-0.024680441533906628,0.0,random
2022-02-10,-0.01624438510783375,0.4,random
2022-02-11,-0.0029867876261968187,0.2,random
2022-02-14,-0.034838316640769376,0.2,random
2022-02-15,-0.05160692912301725,0.2,random
2022-02-16,-0.02201209462919247,0.2,random
2022-02-17,-0.01062870565135765,0.2,random
2022-02-18,-0.01645386196434928,0.2,random
2022-02-22,0.006556432095409015,0.6,random
2022-02-23,0.031938276419647305,0.8,random
2022-02-24,0.0010204067192188583,0.6,random
2022-02-25,-0.023632700576249843,0.2,random
2022-02-28,0.014103088221949878,0.6,random
2022-03-01,-0.05072714562978435,0.2,random
2022-03-02,-0.053205962923101646,0.2,random
2022-03-03,-0.007547421229392404,0.4,random
2022-03-04,-0.03884479998292023,0.0,random
2022-03-07,-0.0032601616699856175,0.4,random
2022-03-08,0.01286391257302486,0.8,random
2022-03-09,0.03740554134343173,1.0,random
2022-03-10,0.02424725958254752,0.8,random
2022-03-11,0.10499313465134827,1.0,random
2022-03-14,0.0598301151170892,1.0,random
2022-03-15,0.05839825305981392,0.8,random
2022-03-16,0.011948625179970774,0.6,random
2022-03-17,0.0203030511224787,0.8,random
2022-03-18,-0.018155055037579547,0.4,random
2022-03-21,0.01589997301241468,0.8,random
2022-03-22,0.023173707883283212,0.8,random
2022-03-23,0.028817467156338594,1.0,random
2022-03-24,0.0010253927933682849,0.4,random
2022-03-25,0.010679982376495234,0.6,random
2022-03-28,-0.008174220493054518,0.0,random
2022-03-29,-0.027391205807326145,0.2,random
2022-03-30,-0.012837953566873738,0.6,random
2022-03-31,-0.03910207590660793,0.2,random
2022-04-01,-0.03906873167291207,0.0,random
2022-04-04,-0.021327168192314304,0.4,random
2022-04-05,-0.02051279903005443,0.4,random
2022-04-06,0.01130261221609521,0.6,random
2022-04-07,-0.00012007458299374551,0.6,random
2022-04-08,-0.016697887281462355,0.2,random
2022-04-11,0.014318785039805682,0.6,random
2022-04-12,0.0465163082875093,1.0,random
2022-04-13,0.011059845875064233,0.6,random
2022-04-14,-0.02366418213282766,0.4,random
2022-04-18,-0.0020908966979391818,0.4,random
2022-04-19,-0.07370649901886892,0.2,random
2022-04-20,-0.06768414654513759,0.0,random
2022-04-21,-0.044405267879560874,0.0,random
2022-04-22,-0.018875556610599274,0.2,random
2022-04-25,-0.017894913566323334,0.4,random
2022-04-26,0.012068295798513007,0.6,random
2022-04-27,-0.009599564957011707,0.6,random
2022-04-28,-0.008908866861553765,0.4,random
2022-04-29,-0.0058077844140325355,0.4,random
2022-05-02,-0.022782986118837646,0.4,random
2022-05-03,-0.04172897440542376,0.2,random
2022-05-04,-0.05628403467109557,0.2,random
2022-05-05,-0.048567187510666264,0.2,random
2022-05-06,-0.036347344657238476,0.4,random
2022-05-09,0.005407117536638806,1.0,random
2022-05-10,0.014474798132781963,0.6,random
2022-05-11,0.0047970352461496725,0.6,random
2022-05-12,0.0015066727038382855,0.2,random
2022-05-13,-0.03307052994229374,0.2,random
2022-05-16,-0.03440728743018713,0.2,random
2022-05-17,-0.03956329869491308,0.0,random
2022-05-18,0.00910881221631108,0.6,random
2022-05-19,0.056216771679513625,1.0,random
2022-05-20,0.08612080758807679,1.0,random
2022-05-23,0.03798514745188162,1.0,random
2022-05-24,0.045411722590980655,0.8,random
2022-05-25,0.06017755900146542,0.8,random
2022-05-26,0.015543075603106127,0.4,random
2022-05-27,-0.01600219710365105,0.0,random
2022-05-31,0.008282429497606669,0.8,random
2022-06-01,4.1991174528899225e-05,0.4,random
2022-06-02,-0.04350624808698085,0.2,random
2022-06-03,-0.0716291449927923,0.0,random
2022-06-06,-0.057168426527009375,0.0,random
2022-06-07,-0.08844431360507929,0.0,random
2022-06-08,-0.06210707682688701,0.0,random
2022-06-09,-0.06874343876070746,0.0,random
2022-06-10,-0.0658233224471086,0.0,random
2022-06-13,0.004943673144351379,0.8,random
2022-06-14,-0.008104928850552895,0.4,random
2022-06-15,0.017399923692715723,0.6,random
2022-06-16,0.05117229132914671,1.0,random
2022-06-17,0.043789325058976966,1.0,random
2022-06-21,0.009520270133411035,0.6,random
2022-06-22,0.0176038371840745,1.0,random
2022-06-23,0.004674167163472909,0.6,random
2022-06-24,-0.020565210787539014,0.0,random
2022-06-27,-0.02172698393904062,0.0,random
2022-06-28,0.002245623983682732,0.6,random
2022-06-29,0.006559372053424828,0.6,random
2022-06-30,0.022927914763508927,0.8,random
2022-07-01,0.003965767174325441,0.6,random
2022-07-05,-0.019524429100097773,0.4,random
2022-07-06,-0.014872209249381197,0.4,random
2022-07-07,-0.005125821174038347,0.4,random
2022-07-08,-0.004296647740685366,0.6,random
2022-07-11,-0.014833127977572946,0.0,random
2022-07-12,0.02440362590088947,1.0,random
2022-07-13,0.046667766649908994,0.6,random
2022-07-14,0.0781352464582608,0.8,random
2022-07-15,0.056683027864610304,1.0,random
2022-07-18,0.039381510788486486,0.8,random
2022-07-19,-0.0009214550865138005,0.8,random
2022-07-20,0.01392084219007006,0.8,random
2022-07-21,-0.004133360513643924,0.4,random
2022-07-22,0.061699859239545594,1.0,random
2022-07-25,0.00712599472045099,0.6,random
2022-07-26,0.022153387414458513,0.8,random
2022-07-27,0.03023558979597325,0.6,random
2022-07-28,0.0012159616202209067,0.4,random
2022-07-29,0.0162355480643378,0.8,random
2022-08-01,-0.006013223569713943,0.4,random
2022-08-02,0.013145471224083317,0.8,random
2022-08-03,0.009757046511842083,0.6,random
2022-08-04,0.03784871449262559,0.8,random
2022-08-05,0.009117741648390121,0.6,random
2022-08-08,0.03252042643106327,1.0,random
2022-08-09,0.06666794547954566,1.0,random
2022-08-10,0.0015506079925579285,0.6,random
2022-08-11,0.019299032598467013,0.8,random
2022-08-12,0.0038686313626422387,0.4,random
2022-08-15,-0.040554394353295574,0.0,random
2022-08-16,-0.02216562144574774,0.2,random
2022-08-17,-0.024418902845528966,0.2,random
2022-08-18,-0.01480667700905176,0.4,random
2022-08-19,-0.04183946723582495,0.2,random
2022-08-22,0.006235533558791561,0.4,random
2022-08-23,-0.04752479986040055,0.0,random
2022-08-24,-0.04839284193517346,0.0,random
2022-08-25,-0.048070112096132635,0.0,random
2022-08-26,-0.05878810204601659,0.0,random
2022-08-29,-0.031786865077014205,0.0,random
2022-08-30,-0.014536051272325023,0.0,random
2022-08-31,0.014462004067767098,0.8,random
2022-09-01,0.015901965610334322,0.6,random
2022-09-02,0.04811824954949566,1.0,random
2022-09-06,0.02095171338838222,1.0,random
2022-09-07,-0.003479266667782488,0.4,random
2022-09-08,-0.03696503250326788,0.0,random
2022-09-09,-0.022998179131503548,0.2,random
2022-09-12,-0.05526161809624928,0.0,random
2022-09-13,-0.01737633403057155,0.0,random
2022-09-14,-0.0438082960425777,0.0,random
2022-09-15,-0.024299937855242114,0.4,random
2022-09-16,-0.06635779481417488,0.0,random
2022-09-19,-0.056137723258869524,0.0,random
2022-09-20,-0.06312516747373312,0.0,random
2022-09-21,-0.026348942147669297,0.2,random
2022-09-22,-0.03948996472803803,0.0,random
2022-09-23,-0.03612138838382399,0.0,random
2022-09-26,0.007311709018038792,0.8,random
2022-09-27,0.037773758792281995,1.0,random
2022-09-28,0.03159568411370408,0.8,random
2022-09-29,0.02269223109141536,0.8,random
2022-09-30,0.01015218609203572,0.6,random
2022-10-03,-0.021134185551903762,0.4,random
2022-10-04,-0.0804511412774287,0.0,random
2022-10-05,-0.05196705588005146,0.0,random
2022-10-06,-0.0031532059883152995,0.4,random
2022-10-07,-0.0014859181840850334,0.4,random
2022-10-10,0.03062331160884657,1.0,random
2022-10-11,0.04652063364425163,1.0,random
2022-10-12,0.03471228138496465,1.0,random
2022-10-13,0.013577570881849809,0.6,random
2022-10-14,0.06968474593285227,1.0,random
2022-10-17,0.02156559745368345,0.8,random
2022-10-18,0.04557706478340036,1.0,random
2022-10-19,0.035023373362127866,0.8,random
2022-10-20,0.04746531383951489,0.8,random
2022-10-21,0.050774067245621654,1.0,random
2022-10-24,0.05174790014743498,1.0,random
2022-10-25,0.017715767739462884,0.8,random
2022-10-26,0.00018565820210243446,0.6,random
2022-10-27,-0.05195183177263833,0.2,random
2022-10-28,-0.050741157511321244,0.2,random
2022-10-31,-0.009744545867328846,0.6,random
2022-11-01,-0.0270270180240354,0.4,random
2022-11-02,0.017219541491082357,0.6,random
2022-11-03,0.06654358433436344,1.0,random
2022-11-04,0.05102217122792898,1.0,random
2022-11-07,0.042418348164219945,0.8,random
2022-11-08,0.05435667864185338,0.8,random
2022-11-09,0.06190105529437728,1.0,random
2022-11-10,0.014911257313652948,0.6,random
2022-11-11,-0.023348393790882892,0.2,random
2022-11-14,-0.02291002994118907,0.2,random
2022-11-15,0.016506743624429145,1.0,random
2022-11-16,0.031441765843383054,0.8,random
2022-11-17,0.027228397648674775,1.0,random
2022-11-18,0.013659825241104406,0.8,random
2022-11-21,-0.004483126668295467,0.6,random
2022-11-22,0.008329994263532958,0.6,random
2022-11-23,0.014924831961588048,0.8,random
2022-11-25,-0.008946719639609024,0.4,random
2022-11-28,-0.0014342245003462705,0.4,random
2022-11-29,-0.01691462121033125,0.4,random
2022-11-30,-0.027205628297229147,0.0,random
2022-12-01,-0.031039979868557045,0.0,random
2022-12-02,-0.038555363337717495,0.0,random
2022-12-05,0.011873277356187173,0.8,random
2022-12-06,0.024568178407820707,1.0,random
2022-12-07,0.0157550209361788,0.8,random
2022-12-08,0.0009403086050240761,0.6,random
2022-12-09,-0.011916693869263972,0.2,random
2022-12-12,-0.046370286485830706,0.0,random
2022-12-13,-0.019503709455853824,0.0,random
2022-12-14,-0.028714922058071867,0.0,random
2022-12-15,-0.018941868537965735,0.2,random
2022-12-16,0.02042565359762256,0.6,random
2022-12-19,0.0048094280426930645,0.8,random
2022-12-20,0.015316069232052709,0.4,random
2022-12-21,-0.017722185128057878,0.2,random
2022-12-22,0.001763714623661361,0.6,random
2022-12-23,0.0034480904554442305,0.6,random
2022-12-27,-0.013187881772953557,0.2,random
2022-12-28,-0.025423327616253544,0.2,random
2022-12-29,0.03793962363963166,0.6,random
2022-12-30,0.01177472295332187,0.6,random
2023-01-03,0.06899245304366763,1.0,random
2023-01-04,0.0428144747902965,0.8,random
2023-01-05,0.02900381487130057,0.8,random
2023-01-06,0.04483353908863743,0.8,random
2023-01-09,0.013567197292449752,0.8,random
2023-01-10,0.019584438895951406,0.8,random
2023-01-11,-0.019292350352980603,0.4,random
2023-01-12,-0.025936834370894224,0.2,random
2023-01-13,0.006790910017941787,0.4,random
2023-01-17,-0.004387133344448624,0.6,random
2023-01-18,0.021485595842138317,1.0,random
2023-01-19,0.038980945559044765,1.0,random
2023-01-20,0.023870537681689875,0.8,random
2023-01-23,-0.012224890824950662,0.2,random
2023-01-24,0.01053107236715629,1.0,random
2023-01-25,0.004085406010754733,0.6,random
2023-01-26,0.04937829115370303,0.8,random
2023-01-27,0.0011601215685768328,0.6,random
2023-01-30,0.026145791716259727,0.8,random
2023-01-31,0.008063401958450456,0.6,random
2023-02-01,0.01196182347398771,0.6,random
2023-02-02,-0.03265878215153697,0.4,random
2023-02-03,0.010839848920232398,0.6,random
2023-02-06,-0.003899590688409038,0.4,random
2023-02-07,0.0037904070319782603,0.4,random
2023-02-08,-0.0027723282294610076,0.2,random
2023-02-09,0.013027146234505738,1.0,random
2023-02-10,0.0028096622109288647,0.6,random
2023-02-13,-0.022397596887893535,0.2,random
2023-02-14,-0.03788476037040256,0.0,random
2023-02-15,-0.02306518610518755,0.4,random
2023-02-16,-0.03638104472756369,0.0,random
2023-02-17,-0.03069226186176264,0.0,random
2023-02-21,-0.009215697040617709,0.2,random
2023-02-22,-0.013826355215332575,0.2,random
2023-02-23,-0.0030100762056889606,0.2,random
2023-02-24,0.042191774428253545,0.8,random
2023-02-27,0.026668702549965673,0.8,random
2023-02-28,0.01872098268578064,1.0,random
2023-03-01,0.029732535392177906,0.6,random
2023-03-02,-0.016280402553652797,0.4,random
2023-03-03,-0.049473867705373674,0.0,random
2023-03-06,-0.0729148181345853,0.0,random
2023-03-07,-0.0012560738537307214,0.2,random
2023-03-08,-0.028011698813436747,0.2,random
2023-03-09,-0.015228938228849898,0.4,random
2023-03-10,-0.010009199924539391,0.6,random
2023-03-13,0.01881756781076811,0.6,random
2023-03-14,0.004951075424199769,0.6,random
2023-03-15,0.02501711971757268,1.0,random
2023-03-16,-0.011104906206504884,0.4,random
2023-03-17,0.013185107610192625,1.0,random
2023-03-20,0.006798305056778165,0.8,random
2023-03-21,-0.014024911794063066,0.2,random
2023-03-22,0.031094035489599083,1.0,random
2023-03-23,0.03902428859877398,1.0,random
2023-03-24,0.04810404731447924,1.0,random
2023-03-27,0.030976271695199474,1.0,random
2023-03-28,0.042008051709490825,1.0,random
2023-03-29,0.021679110839827608,0.8,random
2023-03-30,0.00510297965342763,0.8,random
2023-03-31,0.007499181641731756,0.4,random
2023-04-03,-0.014086661277647327,0.2,random
2023-04-04,-0.011520718574665611,0.4,random
2023-04-05,0.011266854018026806,0.6,random
2023-04-06,-0.009009185431187783,0.6,random
2023-04-10,0.010094219834819573,0.8,random
2023-04-11,0.01308983446699712,0.8,random
2023-04-12,0.028300589856736003,0.8,random
2023-04-13,-0.021076495131448027,0.2,random
2023-04-14,-0.001678073629052812,0.2,random
2023-04-17,-0.017355542140744484,0.4,random
2023-04-18,-0.0016475970155912733,0.6,random
2023-04-19,-0.006330017909898023,0.6,random
2023-04-20,0.011760353944162772,0.6,random
2023-04-21,0.007066063790711485,1.0,random
2023-04-24,0.009162442121732294,0.4,random
2023-04-25,-0.002549721455900822,0.4,random
2023-04-26,0.018107257041762637,0.8,random
2023-04-27,-0.00449467615411423,0.4,random
2023-04-28,-0.017252853608849206,0.2,random
2023-05-01,0.009665211546611041,0.8,random
2023-05-02,0.008609079849753454,0.6,random
2023-05-03,-0.0020813106070969533,0.4,random
2023-05-04,0.0024269972903069536,0.6,random
2023-05-05,7.012810712430096e-05,0.4,random
2023-05-08,0.0055107362707709885,0.4,random
2023-05-09,-0.017967857595326688,0.0,random
2023-05-10,-0.01631676394866304,0.6,random
2023-05-11,0.00850144605148,0.6,random
2023-05-12,0.034211540260717356,0.8,random
2023-05-15,0.001969932756529835,0.6,random
2023-05-16,-0.011376169150789605,0.2,random
2023-05-17,-0.02894020834055222,0.0,random
2023-05-18,-0.02692706958037614,0.0,random
2023-05-19,-0.002971784767864505,0.6,random
2023-05-22,-0.014143472031000016,0.4,random
2023-05-23,-0.01713379026184325,0.2,random
2023-05-24,0.08191656737866651,0.8,random
2023-05-25,0.019523325573745965,0.8,random
2023-05-26,-0.006049167520509102,0.4,random
2023-05-30,0.012730447954828961,0.8,random
2023-05-31,0.04417443822148044,0.8,random
2023-06-01,0.016270546346195357,0.6,random
2023-06-02,-0.006421593565635231,0.2,random
2023-06-05,0.013037794458406471,0.8,random
2023-06-06,0.025237023854172546,0.8,random
2023-06-07,0.043435433823143785,1.0,random
2023-06-08,0.052778099618324956,1.0,random
2023-06-09,0.04723357682577447,1.0,random
2023-06-12,0.005095124898187508,0.8,random
2023-06-13,-0.011458716290467708,0.4,random
2023-06-14,0.009762430659420663,1.0,random
2023-06-15,-0.004454962480078506,0.4,random
2023-06-16,-0.017806138981092134,0.4,random
2023-06-20,0.0007700698236070558,0.6,random
2023-06-21,-0.006307979882283554,0.4,random
2023-06-22,0.006405869329775671,0.4,random
2023-06-23,0.01761545086382963,0.8,random
2023-06-26,0.03423382770484755,1.0,random
2023-06-27,-0.0008901733270986645,0.6,random
2023-06-28,0.011674743069425642,0.8,random
2023-06-29,-0.005242187914577134,0.4,random
2023-06-30,-0.021178991651487268,0.2,random
2023-07-03,-0.009174222364124218,0.2,random
2023-07-05,-0.0009277514007629106,0.6,random
2023-07-06,0.024482625696696615,0.8,random
2023-07-07,0.024930071893412942,1.0,random
2023-07-10,0.010363641618367492,0.6,random
2023-07-11,0.00966938593862352,0.8,random
2023-07-12,0.010532022406090146,0.6,random
2023-07-13,0.012344211589979759,0.8,random
2023-07-14,0.02011010767125394,0.8,random
2023-07-17,0.014519976579911087,0.8,random
2023-07-18,0.025769267426538355,0.6,random
2023-07-19,0.0033470999996477067,0.6,random
2023-07-20,0.01631555868719916,0.6,random
2023-07-21,0.05288286404887175,1.0,random
2023-07-24,-0.0014569755707326327,0.4,random
2023-07-25,-0.0001158680146864377,0.6,random
2023-07-26,-0.0237517450600913,0.2,random
2023-07-27,0.00012128973160177025,0.6,random
2023-07-28,-0.015449259570134433,0.4,random
2023-07-31,0.005847761375058292,0.8,random
2023-08-01,4.781989362265815e-05,0.6,random
2023-08-02,-0.005127844275975924,0.4,random
2023-08-03,-0.016276367180797148,0.0,random
2023-08-04,-0.005905558504969366,0.4,random
2023-08-07,0.019396988513731128,0.8,random
2023-08-08,-0.014089476463500205,0.0,random
2023-08-09,-0.006621164952769498,0.4,random
2023-08-10,-0.029970706697638527,0.0,random
2023-08-11,-0.017098156609457703,0.2,random
2023-08-14,-0.018843346954703112,0.2,random
2023-08-15,-0.0026114847198112747,0.4,random
2023-08-16,0.010892738998491613,0.6,random
2023-08-17,-0.005477773400870789,0.4,random
2023-08-18,-0.0023797509066871394,0.4,random
2023-08-21,0.00703540504810638,0.6,random
2023-08-22,0.026791934228411883,0.8,random
2023-08-23,0.01366645463640832,0.8,random
2023-08-24,0.028219976822776438,1.0,random
2023-08-25,0.020233789237752275,0.8,random
2023-08-28,0.006445109099842927,0.6,random
2023-08-29,-0.014206128257876904,0.4,random
2023-08-30,-0.012714439743791672,0.2,random
2023-08-31,-0.014866669311596924,0.4,random
2023-09-01,-0.006394701574638129,0.2,random
2023-09-05,-0.0007288634247546444,0.8,random
2023-09-06,0.0064800560515749115,0.8,random
2023-09-07,0.0022186196234916357,0.8,random
2023-09-08,-0.005568052057324535,0.4,random
2023-09-11,0.009322666959158555,0.4,random
2023-09-12,0.012149127612698263,0.6,random
2023-09-13,-0.03159275049113255,0.0,random
2023-09-14,-0.027015550847568636,0.0,random
2023-09-15,-0.027911536786748646,0.0,random
2023-09-18,-0.03724177476939403,0.0,random
2023-09-19,-0.04651396613771579,0.0,random
2023-09-20,-0.033923623447792095,0.2,random
2023-09-21,-0.001442497677171506,0.4,random
2023-09-22,-0.00923345248468208,0.2,random
2023-09-25,-0.024919309434300187,0.2,random
2023-09-26,-0.018600731596020603,0.0,random
2023-09-27,-0.016466494692186372,0.2,random
2023-09-28,-0.014274444706480116,0.4,random
2023-09-29,-0.0059000808454098275,0.4,random
2023-10-02,0.00886472941391867,0.6,random
2023-10-03,0.020939397413751237,1.0,random
2023-10-04,0.03144459589309134,1.0,random
2023-10-05,0.011426056745053637,0.8,random
2023-10-06,-0.000962087734647099,0.4,random
2023-10-09,0.010578239055282013,0.8,random
2023-10-10,0.010647179100423055,0.6,random
2023-10-11,0.011866278812827247,0.8,random
2023-10-12,-0.010418757231938146,0.2,random
2023-10-13,-0.02171351196112061,0.2,random
2023-10-16,-0.02049166227626984,0.4,random
2023-10-17,-0.004424557556590036,0.6,random
2023-10-18,0.0008227876114960342,0.6,random
2023-10-19,0.007069823974162404,0.6,random
2023-10-20,0.008069460303827825,0.6,random
2023-10-23,-0.0087466422177775,0.4,random
2023-10-24,0.008290230014674105,0.6,random
2023-10-25,0.04396099499618607,1.0,random
2023-10-26,0.00783906710838882,0.6,random
2023-10-27,0.05037542640673154,1.0,random
2023-10-30,0.03239235611612719,1.0,random
2023-10-31,0.034443745536731726,1.0,random
2023-11-01,0.02086860141672662,0.8,random
2023-11-02,0.005129065609341854,0.4,random
2023-11-03,0.005585434207918194,0.6,random
2023-11-06,0.026232884037888926,0.8,random
2023-11-07,0.02663110226089187,0.8,random
2023-11-08,0.043715830943240386,1.0,random
2023-11-09,0.05382476906704996,1.0,random
2023-11-10,0.02398955134048708,1.0,random
2023-11-13,0.048837978988350364,0.8,random
2023-11-14,0.00856171720281762,0.6,random
2023-11-15,0.016357711572220567,1.0,random
2023-11-16,0.00869984086670581,0.8,random
2023-11-17,0.014923694849497649,0.8,random
2023-11-20,-0.006337571801603037,0.4,random
2023-11-21,0.01379647845263079,0.8,random
2023-11-22,0.011868088794736243,0.8,random
2023-11-24,0.04331265569145295,0.8,random
2023-11-27,-0.0030281948472331566,0.4,random
2023-11-28,0.023691995121653143,0.8,random
2023-11-29,0.026667692479237837,0.8,random
2023-11-30,5.2330714631887434e-05,0.2,random
2023-12-01,-0.007558871681189383,0.2,random
2023-12-04,0.005996064623366016,0.6,random
2023-12-05,0.01644025166212304,0.6,random
2023-12-06,0.024221483096484996,0.6,random
2023-12-07,0.0027293809717349625,0.6,random
2023-12-08,0.04524721982089201,1.0,random
2023-12-11,0.04867123469612842,0.8,random
2023-12-12,0.027937651635408713,0.8,random
2023-12-13,-0.0033989402247934343,0.6,random
2023-12-14,0.007759591506051699,0.6,random
2023-12-15,-0.015017628318914667,0.6,random
2023-12-18,0.0009355257787284632,0.4,random
2023-12-19,0.019734482875579728,0.6,random
2023-12-20,0.029734727745864387,0.8,random
2023-12-21,0.006263801254741175,0.6,random
2023-12-22,0.019712337268278413,1.0,random
2023-12-26,0.0045322444341731934,0.8,random
2023-12-27,-0.015557768878599165,0.4,random
2023-12-28,0.002290912146786317,0.6,random
2023-12-29,-0.010026098692642083,0.4,random
2024-01-02,0.027969438674303015,0.6,random
2024-01-03,0.015298092719433077,0.8,random
2024-01-04,0.01258935168390236,0.6,random
2024-01-05,0.01734291368146428,0.6,random
2024-01-08,0.029378334004576123,0.8,random
2024-01-09,-0.003068997567419096,0.4,random
2024-01-10,-0.005860794938056202,0.4,random
2024-01-11,-0.005035421910495952,0.4,random
2024-01-12,0.017905451854737176,0.8,random
2024-01-16,0.029283151180091727,1.0,random
2024-01-17,0.03542880185636961,0.8,random
2024-01-18,0.015423395271155393,0.6,random
2024-01-19,0.010740186038674215,0.8,random
2024-01-22,-0.020140819551417822,0.6,random
2024-01-23,-0.006063474829337489,0.8,random
2024-01-24,0.014895425611528412,0.6,random
2024-01-25,-0.010818704919633815,0.8,random
2024-01-26,0.030183411115614088,0.8,random
2024-01-29,-0.0075431058001613985,0.6,random
2024-01-30,-0.001073850552363198,0.2,random
2024-01-31,0.026092237835967057,0.6,random
2024-02-01,-0.0016540875025462976,0.6,random
2024-02-02,0.017899560640416555,0.4,random
2024-02-05,0.01452832349239035,0.8,random
2024-02-06,-0.010962462160419495,0.2,random
2024-02-07,-0.00040313394589353013,0.4,random
2024-02-08,0.017001947429030672,0.8,random
2024-02-09,0.004319418001310615,0.8,random
2024-02-12,-0.0007865772594866094,0.4,random
2024-02-13,0.019271301770210015,0.8,random
2024-02-14,0.016419412359720952,1.0,random
2024-02-15,0.00917789145230552,0.8,random
2024-02-16,0.012360575337690239,0.8,random
2024-02-20,0.002269159816954458,0.6,random
2024-02-21,0.018723232372218512,0.6,random
2024-02-22,0.009215635018654345,0.6,random
2024-02-23,-0.004713808195679214,0.4,random
2024-02-26,-0.008066952371002589,0.6,random
2024-02-27,-0.013072751529386561,0.2,random
2024-02-28,0.007999231475178715,0.6,random
2024-02-29,-0.011973212844774395,0.4,random
2024-03-01,-0.01395625445546762,0.2,random
2024-03-04,0.0005437299492298209,0.6,random
2024-03-05,0.016916921327712543,0.8,random
2024-03-06,-0.0038162058571239886,0.8,random
2024-03-07,0.012260853245673031,0.8,random
2024-03-08,0.0023494477979294492,0.4,random
2024-03-11,0.012537518476104337,0.8,random
2024-03-12,0.014524222912793516,0.6,random
2024-03-13,0.013779164501476426,0.4,random
2024-03-14,0.023799122766833224,1.0,random
2024-03-15,0.016773245893137355,0.8,random
2024-03-18,0.019998455913872747,1.0,random
2024-03-19,-0.008812979917259867,0.4,random
2024-03-20,0.008487108383189158,0.8,random
2024-03-21,0.0031822199061664726,0.6,random
2024-03-22,0.02298521249032699,0.8,random
2024-03-25,0.00184452265053634,0.4,random
2024-03-26,0.0241598598880824,0.8,random
2024-03-27,-0.030992457738213817,0.2,random
2024-03-28,-0.020355889986609244,0.4,random
2024-04-01,-0.014136690637969008,0.2,random
2024-04-02,-0.004998990795825909,0.4,random
2024-04-03,-0.01329776360484496,0.2,random
2024-04-04,-0.0037759536896887712,0.6,random
2024-04-05,-0.012811186817138175,0.4,random
2024-04-08,-0.02214365815375572,0.0,random
2024-04-09,-0.05250287646070757,0.0,random
2024-04-10,-0.029627394394152805,0.0,random
2024-04-11,-0.02663063687047291,0.2,random
2024-04-12,0.04067187211241454,0.6,random
2024-04-15,-0.0013747411960640444,0.6,random
2024-04-16,0.026516793970943243,0.8,random
2024-04-17,0.0016832815333195361,0.6,random
2024-04-18,0.010742641191548575,0.8,random
2024-04-19,0.03305177064009155,1.0,random
2024-04-22,0.013008822256063212,0.6,random
2024-04-23,-0.011006425591702817,0.2,random
2024-04-24,-0.013439286045304444,0.2,random
2024-04-25,0.01542684101343228,0.4,random
2024-04-26,0.02208150800317892,0.6,random
2024-04-29,-0.00045289638301850845,0.6,random
2024-04-30,0.02444359876765101,1.0,random
2024-05-01,0.004217005691605613,0.6,random
2024-05-02,0.024773311588302295,1.0,random
2024-05-03,0.012552990283558895,0.8,random
2024-05-06,0.009568624797917535,0.8,random
2024-05-07,0.003602041192282002,0.6,random
2024-05-08,0.016413620788557747,0.8,random
2024-05-09,0.009723984326311408,0.8,random
2024-05-10,0.01827736914974314,0.6,random
2024-05-13,0.011041079588653146,0.6,random
2024-05-14,0.011129596034634991,0.6,random
2024-05-15,-9.467010893218219e-05,0.6,random
2024-05-16,-0.02800253273306883,0.0,random
2024-05-17,-0.03553466995245151,0.2,random
2024-05-20,-0.013086319169358407,0.2,random
2024-05-21,-0.029517403449215784,0.0,random
2024-05-22,-0.013504216275908854,0.4,random
2024-05-23,0.0223424833748761,0.8,random
2024-05-24,0.009336868773394968,0.6,random
2024-05-28,0.01614402120814675,0.4,random
2024-05-29,0.036449266481899924,0.6,random
2024-05-30,0.008881653198377925,0.8,random
2024-05-31,0.002643799417974968,0.6,random
2024-06-03,0.015154968192915619,0.8,random
2024-06-04,-0.004216370569528882,0.4,random
2024-06-05,-0.005475525533965753,0.4,random
2024-06-06,0.011014806499987895,0.2,random
2024-06-07,0.026612344078189264,0.6,random
2024-06-10,-0.0019992718110792397,0.2,random
2024-06-11,-0.013432923570299038,0.2,random
2024-06-12,0.01847673502138738,0.6,random
2024-06-13,0.020590958914867574,1.0,random
2024-06-14,0.022107684200067902,0.8,random
2024-06-17,0.001862435460225398,0.6,random
2024-06-18,0.008992692881086617,0.6,random
2024-06-20,0.01281510436495097,0.8,random
2024-06-21,-0.050582849744575345,0.2,random
2024-06-24,-0.012048798408267846,0.2,random
2024-06-25,-0.04537011180726025,0.2,random
2024-06-26,0.03117598035062823,1.0,random
2024-06-27,-0.002038512311132612,0.4,random
2024-06-28,0.024965979182318066,0.8,random
2024-07-01,-0.006511757856681721,0.6,random
2024-07-02,0.004583441527078258,0.6,random
2024-07-03,0.02069764186696612,1.0,random
2024-07-05,0.011439315476732336,0.6,random
2024-07-08,0.024947925728882558,0.8,random
2024-07-09,0.04411611448221513,1.0,random
2024-07-10,0.027127756441847773,1.0,random
2024-07-11,-0.002070638016523918,0.4,random
2024-07-12,0.01504012461902422,0.8,random
2024-07-15,0.028308470930064077,0.8,random
2024-07-16,-0.020529213031549642,0.2,random
2024-07-17,-0.053990624927190735,0.0,random
2024-07-18,-0.021182295696622288,0.4,random
2024-07-19,-0.0005752437223106366,0.4,random
2024-07-22,-0.009890805843200212,0.6,random
2024-07-23,0.02016341749526842,0.8,random
2024-07-24,-0.0005160074053870423,0.6,random
2024-07-25,0.008868103235482261,0.8,random
2024-07-26,-0.03210602876988087,0.2,random
2024-07-29,-0.022246311191173575,0.2,random
2024-07-30,-0.04459697725058438,0.2,random
2024-07-31,-0.08520366823908461,0.0,random
2024-08-01,-0.06461712859034116,0.2,random
2024-08-02,-0.009241826073804993,0.2,random
2024-08-05,0.016551810013972636,0.8,random
2024-08-06,0.019785311579630906,0.8,random
2024-08-07,0.02047965990468492,0.8,random
2024-08-08,0.05479233331792628,1.0,random
2024-08-09,0.05362539525169021,1.0,random
2024-08-12,0.05697976814164907,1.0,random
2024-08-13,0.05559135540458162,1.0,random
2024-08-14,0.030126965282042662,0.8,random
2024-08-15,0.01240147096475237,1.0,random
2024-08-16,0.022605513889362872,1.0,random
2024-08-19,-0.0030767718879293636,0.6,random
2024-08-20,0.007826727284602297,0.8,random
2024-08-21,-0.024203595882142447,0.2,random
2024-08-22,0.010826129812958251,0.6,random
2024-08-23,-0.009266513333935689,0.4,random
2024-08-26,-0.016695199576525523,0.4,random
2024-08-27,-0.004648258781938841,0.2,random
2024-08-28,-0.006927000894673641,0.4,random
2024-08-29,-0.02905831129186598,0.4,random
2024-08-30,-0.03312096746040753,0.0,random
2024-09-03,-0.022471302454622123,0.4,random
2024-09-04,0.002700646746639701,0.6,random
2024-09-05,0.02422365764822949,1.0,random
2024-09-06,0.04858453252020822,0.8,random
2024-09-09,0.04284124312822037,0.8,random
2024-09-10,0.0064003050214402665,0.4,random
2024-09-11,-0.0005681008844793612,0.4,random
2024-09-12,0.032275336204693736,1.0,random
2024-09-13,0.004825223122518563,0.8,random
2024-09-16,0.018736068913093363,1.0,random
2024-09-17,0.024298999815182177,1.0,random
2024-09-18,0.008406717393928087,0.8,random
2024-09-19,0.018990911569753233,0.6,random
2024-09-20,0.008263378078704076,0.6,random
2024-09-23,0.0060022269998438295,0.8,random
2024-09-24,0.009133709035556126,0.8,random
2024-09-25,-0.0003103803628820012,0.4,random
2024-09-26,-0.002924334811619822,0.2,random
2024-09-27,0.010648001834029386,0.8,random
2024-09-30,-0.006053245713204447,0.4,random
2024-10-01,0.0037145413176913555,0.2,random
2024-10-02,0.025027956974445688,1.0,random
2024-10-03,0.00884442538978949,0.6,random
2024-10-04,0.015095820185301622,0.8,random
2024-10-07,0.040109852598442595,1.0,random
2024-10-08,0.01966469625385141,0.6,random
2024-10-09,0.012907979894223764,0.8,random
2024-10-10,0.015006857687931507,0.8,random
2024-10-11,0.04235655388294424,0.8,random
2024-10-14,0.014049117606536866,0.8,random
2024-10-15,0.008416792501765191,0.4,random
2024-10-16,-0.02217636343568836,0.0,random
2024-10-17,-0.012276082216133211,0.2,random
2024-10-18,-0.02655429091911683,0.0,random
2024-10-21,-0.014383003736902822,0.2,random
2024-10-22,-0.024451708910072045,0.0,random
2024-10-23,-0.03672210952563475,0.0,random
2024-10-24,-0.014544081897971628,0.6,random
2024-10-25,-0.004288114476528571,0.4,random
2024-10-28,-0.005732013874277931,0.4,random
2024-10-29,-0.007637309051860508,0.2,random
2024-10-30,0.022920571849357918,0.6,random
2024-10-31,0.05419038402258627,1.0,random
2024-11-01,0.05896523847504982,1.0,random
2024-11-04,0.07025024790169851,1.0,random
2024-11-05,0.03213176298197222,1.0,random
2024-11-06,0.01843001102711017,0.6,random
2024-11-07,0.018721047174579498,0.8,random
2024-11-08,0.03010613033773919,0.6,random
2024-11-11,-0.01508391383845411,0.2,random
2024-11-12,0.010441671328187208,0.2,random
2024-11-13,-0.019897930611177374,0.4,random
2024-11-14,0.016233760890531856,0.8,random
2024-11-15,0.007984074346834768,0.6,random
2024-11-18,0.018846325504677974,1.0,random
2024-11-19,0.046804654197271534,1.0,random
2024-11-20,0.01783478503644702,0.8,random
2024-11-21,0.01488669695317304,0.8,random
2024-11-22,0.0025037443271788582,0.4,random
2024-11-25,-0.002457898039851192,0.2,random
2024-11-26,-0.0018031376226301798,0.2,random
2024-11-27,0.0032136883910431234,0.2,random
2024-11-29,0.019619360199204648,0.6,random
2024-12-02,-0.005163555764987638,0.4,random
2024-12-03,0.006357782803283607,0.6,random
2024-12-04,-0.0015182332886645388,0.6,random
2024-12-05,-0.025021717483258453,0.2,random
2024-12-06,-0.007547602073662918,0.4,random
2024-12-09,0.009789686944865483,0.4,random
2024-12-10,-0.026335702432661635,0.4,random
2024-12-11,-0.0195032226331731,0.2,random
2024-12-12,-0.04018884510737408,0.0,random
2024-12-13,-0.02546684715452907,0.2,random
2024-12-16,0.01002831489170981,0.6,random
2024-12-17,0.025721991065416793,0.8,random
2024-12-18,0.02022479269697821,0.8,random
2024-12-19,0.014249745846559202,0.8,random
2024-12-20,-0.006377888673262588,0.2,random
2024-12-23,-0.008398719063396287,0.2,random
2024-12-24,-0.016897689718419207,0.0,random
2024-12-26,-0.017962375499283766,0.0,random
2024-12-27,-0.027058613648219664,0.2,random
2024-12-30,-0.01486856062436941,0.4,random
2024-12-31,-0.007793134181447248,0.2,random
2025-01-02,-0.010473295374635327,0.4,random
2025-01-03,-0.012573110782844066,0.2,random
2025-01-06,-0.008975845958055895,0.2,random
2025-01-07,0.01186048807618476,0.4,random
2025-01-08,0.0058806260582509925,0.4,random
2025-01-10,0.021457310546309172,0.6,random
2025-01-13,0.050860151958048806,1.0,random
2025-01-14,0.02211435059788558,0.6,random
2025-01-15,0.054525601034021334,1.0,random
2025-01-16,0.020466696753312585,0.6,random
2025-01-17,0.04502911516849668,1.0,random
2025-01-21,0.010429036020403726,0.4,random
2025-01-22,0.01442654625252191,0.8,random
2025-01-23,0.03782676911415404,0.8,random
2025-01-24,-0.025664041601870302,0.6,random
2025-01-27,-0.0008641986470246055,0.6,random
2025-01-28,0.013643957137554041,0.8,random
2025-01-29,-0.00493846318626181,0.6,random
2025-01-30,-0.003284021630347178,0.6,random
2025-01-31,-0.006010834888114669,0.4,random
2025-02-03,0.008143975947715366,0.4,random
2025-02-04,-0.004816388929552273,0.6,random
2025-02-05,0.020356943859040612,0.8,random
2025-02-06,-0.007668616305380627,0.4,random
2025-02-07,0.01587589285248032,0.8,random
2025-02-10,0.011257003336221682,0.8,random
2025-02-11,0.005085169306068438,0.8,random
2025-02-12,0.021245299977713072,0.8,random
2025-02-13,-0.005808028622683236,0.4,random
2025-02-14,0.01546560420412304,0.6,random
2025-02-18,-0.03533930331469455,0.2,random
2025-02-19,-0.029248910249405326,0.0,random
2025-02-20,-0.044796401915336626,0.2,random
2025-02-21,-0.012363725853790818,0.4,random
2025-02-24,0.009557476764180128,0.8,random
2025-02-25,-0.016522641694211006,0.0,random
2025-02-26,-0.03581917446544589,0.0,random
2025-02-27,-0.023948023057159106,0.2,random
2025-02-28,-0.041359948649683086,0.4,random
2025-03-03,-0.057288389333180124,0.2,random
2025-03-04,-0.017298734253797445,0.4,random
2025-03-05,-0.039401578973862025,0.2,random
2025-03-06,-0.008296502906526526,0.2,random
2025-03-07,-0.03103559568043366,0.0,random
2025-03-10,0.04994366778332995,0.4,random
2025-03-11,-0.0010777155110296643,0.4,random
2025-03-12,0.03172105296598278,1.0,random
2025-03-13,0.02321999379548423,0.8,random
2025-03-14,0.0039848192149948055,0.8,random
2025-03-17,-0.000180994816889557,0.8,random
2025-03-18,0.01796392875395416,0.8,random
2025-03-19,0.009059036258316522,0.8,random
2025-03-20,0.01740183229774477,0.8,random
2025-03-21,0.0017034763313409141,0.6,random
2025-03-24,-0.020725782307779616,0.4,random
2025-03-25,-0.018988224059575898,0.4,random
2025-03-26,-0.0226641796051384,0.0,random
2025-03-27,-0.035236877412809765,0.0,random
2025-03-28,-0.09336441157539166,0.0,random
2025-03-31,-0.10834534179260687,0.0,random
2025-04-01,-0.08984993574784465,0.0,random
2025-04-02,-0.03506797633693608,0.0,random
2025-04-03,-0.06497932627919518,0.2,random
2025-04-04,0.07347321443008621,0.8,random
2025-04-07,0.05323250482501827,1.0,random
2025-04-08,0.08044165736538655,1.0,random
2025-04-09,-0.03487562943366618,0.4,random
2025-04-10,-0.05745925520853592,0.4,random
2025-04-11,0.0046976103174503295,0.6,random
2025-04-14,-0.024362232669202632,0.2,random
2025-04-15,0.02582481829053034,1.0,random
2025-04-16,0.025544530287663438,0.8,random
2025-04-17,0.0342764101157577,0.8,random
2025-04-21,0.0305277660206394,0.6,random
2025-04-22,0.005903603832595294,0.8,random
2025-04-23,0.021538759284744757,0.6,random
2025-04-24,0.012596812386181799,0.6,random
2025-04-25,0.04866971542090437,1.0,random
2025-04-28,0.009992818588930997,0.6,random
2025-04-29,-0.007061808033623817,0.6,random
2025-04-30,-0.0012121399601392913,0.6,random
2025-05-01,0.02037272136218664,0.8,random
2025-05-02,0.0023664401962338656,0.8,random
2025-05-05,0.03186395729403935,0.6,random
2025-05-06,-0.0064298229196761755,0.6,random
2025-05-07,0.04926098587680794,0.8,random
2025-05-08,-0.051499846811006236,0.6,random
2025-05-09,0.027596895895837425,1.0,random
2025-05-12,0.038970934915485575,0.8,random
2025-05-13,0.01996482016858452,0.8,random
2025-05-14,-0.008294153755229927,0.2,random
2025-05-15,0.00012890554486508777,0.4,random
2025-05-16,-0.025745743933612685,0.2,random
2025-05-19,-0.007608234213841825,0.2,random
2025-05-20,-0.004889177159038116,0.4,random
2025-05-21,-0.00035480009790838095,0.4,random
2025-05-22,0.01600998218012495,0.8,random
2025-05-23,0.009723520043000788,0.8,random
2025-05-27,0.008987856982369724,1.0,random
2025-05-28,0.007921727125018064,0.8,random
2025-05-29,-0.0012886882760164697,0.6,random
2025-05-30,0.006049791793181792,0.6,random
2025-06-02,0.008886687708330255,0.6,random
2025-06-03,0.009759825354543894,0.8,random
2025-06-04,0.009932754664765975,0.8,random
2025-06-05,0.0047599926546567865,0.4,random
2025-06-06,-0.02749901490923823,0.0,random
2025-06-09,-0.0019609610464269346,0.6,random
2025-06-10,-0.02274364733006955,0.2,random
2025-06-11,-0.01679095560280357,0.2,random
2025-06-12,-0.027431662293090287,0.2,random
2025-06-13,0.019627798129328976,0.8,random
2025-06-16,0.0007082947469037925,0.4,random
2025-06-17,0.004886160289094476,0.4,random
2025-06-18,0.038886491664542014,0.8,random
2025-06-20,0.0474059162569469,1.0,random
2025-06-23,0.027038048351859745,0.8,random
2025-06-24,0.025281690599635764,1.0,random
2025-06-25,0.019817172984788512,0.8,random
2025-06-26,0.014811712276450839,1.0,random
2025-06-27,0.010747542914927521,0.8,random
2025-06-30,-0.0020877691299814316,0.6,random
2025-07-01,0.01435496699046348,0.6,random
2025-07-02,0.027258776207130485,0.8,random
2025-07-03,-0.01911104510023669,0.2,random
2025-07-07,0.006664367714273189,0.4,random
2025-07-08,0.0030841407387121934,0.6,random
2025-07-09,-0.011970708387049922,0.2,random
2025-07-10,-0.0029640087318242524,0.6,random
2025-07-11,0.020614836957034123,0.6,random
2025-07-14,0.0006393832611802264,0.8,random
2025-07-15,-0.0002407242505104712,0.4,random
2025-07-16,0.0033203172256371484,0.8,random
2025-07-17,0.01290240959329243,0.6,random
2025-07-18,0.023017506488162986,1.0,random
2025-07-21,0.001477395374815904,0.8,random
2025-07-22,-0.016159720488629792,0.4,random
2025-07-23,-0.05005653134503467,0.0,random
2025-07-24,-0.0010630980702858617,0.6,random
2025-07-25,-0.025458490039315218,0.2,random
2025-07-28,0.0008569533875580904,0.8,random
2025-07-29,-0.0018876237580934152,0.4,random
2025-07-30,-0.013885520269808337,0.6,random
2025-07-31,-0.010369665184110578,0.4,random
2025-08-01,0.01330540102942539,0.8,random
2025-08-04,-0.013781680225361193,0.4,random
2025-08-05,0.04570404243510007,1.0,random
2025-08-06,-0.0021108249319851113,0.6,random
2025-08-07,0.028327147662107467,1.0,random
2025-08-08,0.009677351126845557,0.8,random
2025-08-11,0.053848863430166816,1.0,random
2025-08-12,-0.00321383853465953,0.4,random
2025-08-13,0.01732241179977696,0.8,random
2025-08-14,-0.01101552975079092,0.4,random
2025-08-15,0.01956053369989026,1.0,random
2025-08-18,0.008575997773055066,0.8,random
2025-08-19,-0.010077567206307259,0.2,random
2025-08-20,0.011515274418640753,0.8,random
2025-08-21,0.006761174263183167,0.6,random
2025-08-22,0.0016581873313351813,0.6,random
2025-08-25,-0.032277464697222834,0.2,random
2025-08-26,-0.02358453813329058,0.2,random
2025-08-27,0.0171310261444634,0.8,random
2025-08-28,-0.007570278198923841,0.4,random
2025-08-29,-0.002509512913194989,0.4,random
2025-09-02,-0.0014205001861412603,0.4,random
2025-09-03,-0.005596983376115072,0.4,random
2025-09-04,0.025383749025241965,0.4,random
2025-09-05,0.003917177482508661,0.6,random
2025-09-08,-0.004766102380910864,0.2,random
2025-09-09,0.0033211481135450916,0.4,random
2025-09-10,-0.01848376529905804,0.2,random
2025-09-11,-0.01636024802623808,0.2,random
2025-09-12,0.02352446502722212,0.8,random
2025-09-15,-0.003174866177583291,0.4,random
2025-09-16,0.016183401771561322,0.6,random
2025-09-17,-0.00039714962700081456,0.4,random
2025-09-18,0.014783621990152485,0.6,random
2025-09-19,-0.007652644356183291,0.2,random
2025-09-22,-0.010272871161863683,0.2,random
2025-09-23,0.00017180541580543717,0.6,random
2025-09-24,0.019429231747868682,0.4,random
2025-09-25,0.01467569757360252,0.4,random
2025-09-26,0.02799654236508322,0.6,random
2025-09-29,-0.00425603050379606,0.2,random
2025-09-30,0.013966831604575836,0.6,random
2025-10-01,0.0013513821751650833,0.6,random
2025-10-02,-0.011265161323904694,0.4,random
2025-10-03,-0.039852716497413086,0.0,random
2025-10-06,0.0009812917060209702,0.4,random
2025-10-07,-0.0028739201407294466,0.6,random
2025-10-08,-0.017171528372597167,0.0,random
2025-10-09,-0.024825133664675224,0.2,random
2025-10-10,0.03139982137160846,1.0,random
2025-10-13,0.03098325166601277,1.0,random
2025-10-14,0.00935567014867964,0.8,random
2025-10-15,-0.0023097572925536046,0.4,random
2025-10-16,0.05272968107429214,0.8,random
2025-10-17,0.03773154494179307,1.0,random
2025-10-20,0.016539871440896192,1.0,random
2025-10-21,-0.0020292123147099828,0.2,random
2025-10-22,0.01665479188405241,0.6,random
2025-10-23,-0.03487954521563448,0.0,random
2025-10-24,-0.012552049943348242,0.2,random
2025-10-27,-0.01638982766514365,0.2,random
2025-10-28,0.005881890486131192,0.2,random
2025-10-29,-0.01641276167194674,0.2,random
2025-10-30,-0.011334511613636767,0.4,random
2025-10-31,-0.029962787937269076,0.0,random
2025-11-03,-0.03035225706309743,0.2,random
2025-11-04,0.030961695828956783,0.8,random
2025-11-05,0.027522860792201363,0.8,random
2025-11-06,0.0042280878157421094,0.6,random
2025-11-07,0.013760302918651735,0.8,random
2025-11-10,-0.02524603628030564,0.2,random
2025-11-11,-0.04563876166495762,0.0,random
2025-11-12,-0.032332675248995656,0.0,random
2025-11-13,-0.045215436816422774,0.2,random
2025-11-14,-0.01096032766735706,0.4,random
2025-11-17,0.022938561043786977,0.6,random
2025-11-18,0.04470107416522366,1.0,random
2025-11-19,0.03295115406677609,1.0,random
2025-11-20,0.03475527694425131,1.0,random
2025-11-21,0.024627172606762705,0.8,random
2025-11-24,0.046835569460641754,1.0,random
2025-11-25,-0.0037467003540744503,0.4,random
2025-11-26,0.02757037997947629,0.8,random
2025-11-28,0.012568334161896066,0.6,random
2025-12-01,0.016724686585950565,0.4,random
2025-12-02,-0.0051068834003106245,0.4,random
2025-12-03,-0.014838345959604848,0.4,random
2025-12-04,0.0015942242831719967,0.6,random
2025-12-05,-0.0019309688182854278,0.2,random
2025-12-08,-0.010538335686285172,0.2,random
2025-12-09,0.0126648581648507,0.6,random
2025-12-10,-0.01841467258256535,0.4,random
2025-12-11,-0.0030704427442974857,0.4,random
2025-12-12,-0.030054569276424782,0.4,random
2025-12-15,0.004493253003736819,0.4,random
2025-12-16,0.006735869775554515,0.6,random
2025-12-17,0.03607395644614293,0.8,random
2025-12-18,0.01880088751570419,1.0,random
2025-12-19,0.012738042998597177,0.6,random
2025-12-22,0.0009997476541688366,0.8,random
2025-12-23,-0.006631161821869447,0.2,random
2025-12-24,-0.027671695613987725,0.0,random
2025-12-26,0.011476912716870347,0.6,random
2025-12-29,0.025688495625332243,0.8,random
2025-12-30,0.030456481499427434,0.6,random
2025-12-31,0.02373053495638906,0.6,random
2026-01-02,0.015729397468060256,1.0,random
2026-01-05,0.029651201699252106,0.4,random
2026-01-06,-0.006680635302388538,0.2,random
2026-01-07,-0.01958491397533211,0.2,random
2026-01-08,0.004081617863012465,0.6,random
2026-01-09,-0.004609576066812804,0.6,random
2026-01-12,-0.015615541563868773,0.4,random
2026-01-13,0.004621385219189911,0.6,random
2026-01-14,-0.00042831761081849604,0.6,random
2026-01-15,0.009445458754037128,0.8,random
2026-01-16,0.010082069710431884,0.6,random
2026-01-20,0.02199029272410722,0.6,random
2026-01-21,-0.0305258876100718,0.6,random
2026-01-22,0.01076192485471814,0.4,random
2026-01-23,-0.018306967434163622,0.4,random
2026-01-26,-0.03558251407944988,0.6,random
2026-01-27,0.010741793380981867,0.8,random
2026-01-28,0.033452830401268695,0.8,random
2026-01-29,0.0010776590245255013,0.6,random
2026-01-30,0.07869674855803081,1.0,random
2026-02-02,-0.033287870434476605,0.4,random
2026-02-03,0.04318580281989572,0.8,random
2026-02-04,0.025713418218643768,0.8,random
2026-02-05,0.0007135304858997493,0.8,random
2026-02-06,-0.0075176595082379945,0.2,random
